file_path,error_reason
/home/hemduttdabral/Downloads/proj-api-volume-dump/7b261599-24c5-49fa-91f8-5c115a75974e/workspace/projects/Project_name_418987/ai_Project_name_418987.json,"{'application': '036fdac3-ba3c-4e89-a674-172634d1e382', 'firmware_update': False} is not valid under any of the given schemas"
/home/hemduttdabral/Downloads/proj-api-volume-dump/cbf09bd6-be92-4286-bfee-d848f4c07ac7/workspace/projects/Project_name_278105/ai_Project_name_278105.json,"{'application': '7b49b842-26f3-4af5-b319-8f612dce22a3', 'firmware_update': False} is not valid under any of the given schemas"
/home/hemduttdabral/Downloads/proj-api-volume-dump/frb5azc94k4cs4zbk7eh2gfk10/workspace/projects/Dataset_Project_66524/ai_Dataset_Project_66524.json,None is not of type 'string'
/home/hemduttdabral/Downloads/proj-api-volume-dump/frb5azc94k4cs4zbk7eh2gfk10/workspace/projects/Dataset_Project_66524/ai_Dataset_Project_66524.json,None is not of type 'string'
/home/hemduttdabral/Downloads/proj-api-volume-dump/frb5azc94k4cs4zbk7eh2gfk10/workspace/projects/Dataset_Project_66524/ai_Dataset_Project_66524.json,None is not of type 'string'
/home/hemduttdabral/Downloads/proj-api-volume-dump/e891f69d-c884-4a03-a0f5-0cb9a36483ae/workspace/projects/Project_name_370213/ai_Project_name_370213.json,"{'application': 'a9a16866-3a2e-4f7a-a8e3-4a2a6777cfd7', 'firmware_update': False} is not valid under any of the given schemas"
/home/hemduttdabral/Downloads/proj-api-volume-dump/e891f69d-c884-4a03-a0f5-0cb9a36483ae/workspace/projects/Project_name_111287/ai_Project_name_111287.json,"{'application': 'a8ec0c29-1b54-456a-9f8d-8c2605a1c2ea', 'firmware_update': False} is not valid under any of the given schemas"
/home/hemduttdabral/Downloads/proj-api-volume-dump/e891f69d-c884-4a03-a0f5-0cb9a36483ae/workspace/projects/Project_name_72137/ai_Project_name_72137.json,"{'application': '8311bac2-8d06-4393-951a-8127d8c8b0f3', 'firmware_update': False} is not valid under any of the given schemas"
/home/hemduttdabral/Downloads/proj-api-volume-dump/e891f69d-c884-4a03-a0f5-0cb9a36483ae/workspace/projects/Project_name_607192/ai_Project_name_607192.json,"{'application': '5eae8df8-9496-4026-85fc-9cefbf7e548e', 'firmware_update': False} is not valid under any of the given schemas"
/home/hemduttdabral/Downloads/proj-api-volume-dump/e891f69d-c884-4a03-a0f5-0cb9a36483ae/workspace/projects/Project_name_870694/ai_Project_name_870694.json,"{'application': 'e6b22ef8-f51c-4de4-89a1-d9d6cc533a53', 'firmware_update': False} is not valid under any of the given schemas"
/home/hemduttdabral/Downloads/proj-api-volume-dump/52c1ce8b-cd13-42df-b09f-a9c35bf440e3/workspace/projects/Project_name_917216/ai_Project_name_917216.json,"{'application': '217bd4d2-f337-4ee3-9ce3-f3b8e6678d85', 'firmware_update': False} is not valid under any of the given schemas"
/home/hemduttdabral/Downloads/proj-api-volume-dump/52c1ce8b-cd13-42df-b09f-a9c35bf440e3/workspace/projects/Project_name_426820/ai_Project_name_426820.json,"{'application': '3a9c0b49-9c8f-4db2-9070-77a06dd315e4', 'firmware_update': False} is not valid under any of the given schemas"
/home/hemduttdabral/Downloads/proj-api-volume-dump/52c1ce8b-cd13-42df-b09f-a9c35bf440e3/workspace/projects/Project_name_575538/ai_Project_name_575538.json,"{'application': '9f966ade-ee4c-4d46-958c-682e92991034', 'firmware_update': False} is not valid under any of the given schemas"
/home/hemduttdabral/Downloads/proj-api-volume-dump/52c1ce8b-cd13-42df-b09f-a9c35bf440e3/workspace/projects/Project_name_460641/ai_Project_name_460641.json,"{'application': 'a92e799e-db68-4b25-900a-2e9d05afc634', 'firmware_update': False} is not valid under any of the given schemas"
/home/hemduttdabral/Downloads/proj-api-volume-dump/9rhwv09rehgd7cg3mjfz8bfk10/workspace/projects/test/ai_test.json,None is not of type 'string'
/home/hemduttdabral/Downloads/proj-api-volume-dump/9rhwv09rehgd7cg3mjfz8bfk10/workspace/projects/test/ai_test.json,None is not of type 'string'
/home/hemduttdabral/Downloads/proj-api-volume-dump/9rhwv09rehgd7cg3mjfz8bfk10/workspace/projects/test/ai_test.json,None is not of type 'string'
/home/hemduttdabral/Downloads/proj-api-volume-dump/6756e5e2-9910-4767-9788-0a94c0cd34c2/workspace/projects/Project_name_738316/ai_Project_name_738316.json,"{'application': '982c28a3-53c9-4bf7-a2f4-dc7e8b048301', 'firmware_update': False} is not valid under any of the given schemas"
/home/hemduttdabral/Downloads/proj-api-volume-dump/6756e5e2-9910-4767-9788-0a94c0cd34c2/workspace/projects/Project_name_247854/ai_Project_name_247854.json,"{'application': '61707161-5a44-4bbd-b7ed-8d041eca34ba', 'firmware_update': False} is not valid under any of the given schemas"
/home/hemduttdabral/Downloads/proj-api-volume-dump/6756e5e2-9910-4767-9788-0a94c0cd34c2/workspace/projects/Project_name_592543/ai_Project_name_592543.json,"{'application': '509bcd99-43e5-4fa4-8e04-34decd6969a4', 'firmware_update': False} is not valid under any of the given schemas"
/home/hemduttdabral/Downloads/proj-api-volume-dump/1dr6h9hezg8nadd11hen6sqj10/workspace/projects/Test/ai_Test.json,None is not of type 'string'
/home/hemduttdabral/Downloads/proj-api-volume-dump/1dr6h9hezg8nadd11hen6sqj10/workspace/projects/Test/ai_Test.json,None is not of type 'string'
/home/hemduttdabral/Downloads/proj-api-volume-dump/1eba313e-ec6c-43e8-b935-d2cc5a42a76f/workspace/projects/Project_name_173592/ai_Project_name_173592.json,"{'application': 'a6fc4b6d-cfc4-4b75-98f9-f0870d67f70f', 'firmware_update': False} is not valid under any of the given schemas"
/home/hemduttdabral/Downloads/proj-api-volume-dump/1eba313e-ec6c-43e8-b935-d2cc5a42a76f/workspace/projects/Project_name_395569/ai_Project_name_395569.json,"{'application': 'bc80a917-06af-40a7-979c-6f89bbf0092c', 'firmware_update': False} is not valid under any of the given schemas"
/home/hemduttdabral/Downloads/proj-api-volume-dump/1eba313e-ec6c-43e8-b935-d2cc5a42a76f/workspace/projects/Project_name_779143/ai_Project_name_779143.json,"{'application': '17ab488f-3ed5-4bae-bf04-cdaea55ce2ef', 'firmware_update': False} is not valid under any of the given schemas"
/home/hemduttdabral/Downloads/proj-api-volume-dump/1eba313e-ec6c-43e8-b935-d2cc5a42a76f/workspace/projects/Project_name_680805/ai_Project_name_680805.json,"{'application': '08e3bcee-9b06-4bb1-8aa6-4c407a70e4a1', 'firmware_update': False} is not valid under any of the given schemas"
/home/hemduttdabral/Downloads/proj-api-volume-dump/c7cd1951-91fc-485d-9c91-3d686f348c6e/workspace/projects/Project_name_631875/ai_Project_name_631875.json,"{'application': 'baa44b5c-5c17-4a77-bbb4-15be9cbd9947', 'firmware_update': False} is not valid under any of the given schemas"
/home/hemduttdabral/Downloads/proj-api-volume-dump/c7cd1951-91fc-485d-9c91-3d686f348c6e/workspace/projects/Project_name_66927/ai_Project_name_66927.json,"{'application': '4f93ef3d-1fae-4370-b37c-54f8a031b980', 'firmware_update': False} is not valid under any of the given schemas"
/home/hemduttdabral/Downloads/proj-api-volume-dump/c7cd1951-91fc-485d-9c91-3d686f348c6e/workspace/projects/Project_name_425723/ai_Project_name_425723.json,"{'application': '04c7caa6-bd71-4dac-b80f-56b0b4bbb1b1', 'firmware_update': False} is not valid under any of the given schemas"
/home/hemduttdabral/Downloads/proj-api-volume-dump/c7cd1951-91fc-485d-9c91-3d686f348c6e/workspace/projects/Project_name_74938/ai_Project_name_74938.json,"{'application': 'a36577e5-f226-40f2-b62a-ac1ffe5a2775', 'firmware_update': False} is not valid under any of the given schemas"
/home/hemduttdabral/Downloads/proj-api-volume-dump/c7cd1951-91fc-485d-9c91-3d686f348c6e/workspace/projects/Project_name_592199/ai_Project_name_592199.json,"{'application': '2299340e-ad44-4def-8187-fe09a5647528', 'firmware_update': False} is not valid under any of the given schemas"
/home/hemduttdabral/Downloads/proj-api-volume-dump/c6d47862-d41c-41e8-8283-def31a41e2f3/workspace/projects/Project_name_845337/ai_Project_name_845337.json,"{'application': 'fd11821c-a5c2-47a6-ac12-33dd4b38d489', 'firmware_update': False} is not valid under any of the given schemas"
/home/hemduttdabral/Downloads/proj-api-volume-dump/1b47e638-837d-41b1-b456-86410736d7c1/workspace/projects/Project_name_896012/ai_Project_name_896012.json,"{'application': 'f706cadd-8fcf-45c5-8ca6-7dd72e027083', 'firmware_update': False} is not valid under any of the given schemas"
/home/hemduttdabral/Downloads/proj-api-volume-dump/1b47e638-837d-41b1-b456-86410736d7c1/workspace/projects/Project_name_815909/ai_Project_name_815909.json,"{'application': 'b3df063e-d4e6-458b-8d8f-a43fb06099ff', 'firmware_update': False} is not valid under any of the given schemas"
/home/hemduttdabral/Downloads/proj-api-volume-dump/9cc02481-8d1d-4826-8320-93f6c5c5b03c/workspace/projects/gesture/ai_gesture.json,"{'application': '84514e8f-9dea-40d7-86f1-9b4737e7ae6e', 'firmware_update': False} is not valid under any of the given schemas"
/home/hemduttdabral/Downloads/proj-api-volume-dump/9cc02481-8d1d-4826-8320-93f6c5c5b03c/workspace/projects/tracking/ai_tracking.json,"{'application': '2ef2abe6-7997-4b18-900d-df36389b39dd', 'firmware_update': False} is not valid under any of the given schemas"
/home/hemduttdabral/Downloads/proj-api-volume-dump/9cc02481-8d1d-4826-8320-93f6c5c5b03c/workspace/projects/human/ai_human.json,"{'application': '33eb6dcd-5395-4d0c-8e2c-76ac1550533a', 'firmware_update': False} is not valid under any of the given schemas"
/home/hemduttdabral/Downloads/proj-api-volume-dump/9cc02481-8d1d-4826-8320-93f6c5c5b03c/workspace/projects/new_project/ai_new_project.json,None is not of type 'string'
/home/hemduttdabral/Downloads/proj-api-volume-dump/9cc02481-8d1d-4826-8320-93f6c5c5b03c/workspace/projects/new_project/ai_new_project.json,None is not of type 'string'
/home/hemduttdabral/Downloads/proj-api-volume-dump/9cc02481-8d1d-4826-8320-93f6c5c5b03c/workspace/projects/drilling/ai_drilling.json,"{'application': '579bd2b2-636e-4847-b60d-4534626a15c7', 'firmware_update': False} is not valid under any of the given schemas"
/home/hemduttdabral/Downloads/proj-api-volume-dump/9cc02481-8d1d-4826-8320-93f6c5c5b03c/workspace/projects/drilling/ai_drilling.json,"{'application': '0c1fa453-8d23-49a1-b423-363442d94a16', 'firmware_update': False} is not valid under any of the given schemas"
/home/hemduttdabral/Downloads/proj-api-volume-dump/9cc02481-8d1d-4826-8320-93f6c5c5b03c/workspace/projects/fan/ai_fan.json,"{'application': 'b1aa5ab4-3ac7-4aef-96ab-b844314be607', 'firmware_update': False} is not valid under any of the given schemas"
/home/hemduttdabral/Downloads/proj-api-volume-dump/9cc02481-8d1d-4826-8320-93f6c5c5b03c/workspace/projects/fan/ai_fan.json,"{'application': 'e07d3675-12ef-4d07-9803-accab5083967', 'firmware_update': False} is not valid under any of the given schemas"
/home/hemduttdabral/Downloads/proj-api-volume-dump/9cc02481-8d1d-4826-8320-93f6c5c5b03c/workspace/projects/head/ai_head.json,"{'application': '586d2be4-2c8e-4d59-80eb-ac4b31312d81', 'firmware_update': False} is not valid under any of the given schemas"
/home/hemduttdabral/Downloads/proj-api-volume-dump/26a9d3b9-5454-402d-ae7f-0b632bf4d26e/workspace/mvp_0.4_upload_data_test/ai_mvp_0.4_upload_data_test.json,None is not of type 'string'
/home/hemduttdabral/Downloads/proj-api-volume-dump/26a9d3b9-5454-402d-ae7f-0b632bf4d26e/workspace/projects/lsm6dsv80x-test-project/ai_lsm6dsv80x-test-project.json,None is not of type 'string'
/home/hemduttdabral/Downloads/proj-api-volume-dump/26a9d3b9-5454-402d-ae7f-0b632bf4d26e/workspace/projects/lsm6dsv80x-test-project/ai_lsm6dsv80x-test-project.json,None is not of type 'string'
/home/hemduttdabral/Downloads/proj-api-volume-dump/26a9d3b9-5454-402d-ae7f-0b632bf4d26e/workspace/projects/RobkitProject/ai_RobkitProject.json,None is not of type 'string'
/home/hemduttdabral/Downloads/proj-api-volume-dump/26a9d3b9-5454-402d-ae7f-0b632bf4d26e/workspace/projects/RobkitProject/ai_RobkitProject.json,None is not of type 'string'
/home/hemduttdabral/Downloads/proj-api-volume-dump/26a9d3b9-5454-402d-ae7f-0b632bf4d26e/workspace/projects/RobkitProject/ai_RobkitProject.json,None is not of type 'string'
/home/hemduttdabral/Downloads/proj-api-volume-dump/26a9d3b9-5454-402d-ae7f-0b632bf4d26e/workspace/projects/asset-cloned-18-02-25/ai_asset-cloned-18-02-25.json,"{'application': '36f036bb-35dc-467b-9aff-09eea4e978e8', 'firmware_update': False} is not valid under any of the given schemas"
/home/hemduttdabral/Downloads/proj-api-volume-dump/26a9d3b9-5454-402d-ae7f-0b632bf4d26e/workspace/projects/test/ai_test.json,None is not of type 'string'
/home/hemduttdabral/Downloads/proj-api-volume-dump/26a9d3b9-5454-402d-ae7f-0b632bf4d26e/workspace/projects/test/ai_test.json,None is not of type 'string'
/home/hemduttdabral/Downloads/proj-api-volume-dump/26a9d3b9-5454-402d-ae7f-0b632bf4d26e/workspace/projects/test/ai_test.json,None is not of type 'string'
/home/hemduttdabral/Downloads/proj-api-volume-dump/cfdca93b-afef-484f-87bd-248614d4e4ea/workspace/projects/Project_name_108636/ai_Project_name_108636.json,"{'application': 'e9501657-0aef-4c2e-af42-84754171f290', 'firmware_update': False} is not valid under any of the given schemas"
/home/hemduttdabral/Downloads/proj-api-volume-dump/cfdca93b-afef-484f-87bd-248614d4e4ea/workspace/projects/Project_name_749594/ai_Project_name_749594.json,"{'application': 'bc164adf-74c4-40cf-a905-0b685b6453a9', 'firmware_update': False} is not valid under any of the given schemas"
/home/hemduttdabral/Downloads/proj-api-volume-dump/cfdca93b-afef-484f-87bd-248614d4e4ea/workspace/projects/Project_name_442419/ai_Project_name_442419.json,"{'application': '78cd64d6-750e-410d-b13a-9c92564bf180', 'firmware_update': False} is not valid under any of the given schemas"
/home/hemduttdabral/Downloads/proj-api-volume-dump/e3940db3-d71f-49ae-bba9-d31a8e464d26/workspace/projects/Project_name_301438/ai_Project_name_301438.json,"{'application': 'e99825ad-8f54-4508-a45b-f900938cea9d', 'firmware_update': False} is not valid under any of the given schemas"
/home/hemduttdabral/Downloads/proj-api-volume-dump/e3940db3-d71f-49ae-bba9-d31a8e464d26/workspace/projects/Project_name_218780/ai_Project_name_218780.json,"{'application': 'eea21e89-44cf-461a-a5e4-a92e72c9735e', 'firmware_update': False} is not valid under any of the given schemas"
/home/hemduttdabral/Downloads/proj-api-volume-dump/e3940db3-d71f-49ae-bba9-d31a8e464d26/workspace/projects/Project_name_763591/ai_Project_name_763591.json,"{'application': 'e92f3de1-23d7-4444-97b6-f70c212821df', 'firmware_update': False} is not valid under any of the given schemas"
/home/hemduttdabral/Downloads/proj-api-volume-dump/e3940db3-d71f-49ae-bba9-d31a8e464d26/workspace/projects/Project_name_391398/ai_Project_name_391398.json,"{'application': '93224c26-1cb1-401a-8407-06bd5420702b', 'firmware_update': False} is not valid under any of the given schemas"
/home/hemduttdabral/Downloads/proj-api-volume-dump/e3940db3-d71f-49ae-bba9-d31a8e464d26/workspace/projects/Project_name_693668/ai_Project_name_693668.json,"{'application': '9445e9b1-881f-4ca7-b44c-e0e3916e882d', 'firmware_update': False} is not valid under any of the given schemas"
/home/hemduttdabral/Downloads/proj-api-volume-dump/363af7b3-752e-40df-855d-a5ebc3801d8e/workspace/projects/ClonedFromLorenzo/ai_ClonedFromLorenzo.json,None is not of type 'string'
/home/hemduttdabral/Downloads/proj-api-volume-dump/363af7b3-752e-40df-855d-a5ebc3801d8e/workspace/projects/ClonedFromLorenzo/ai_ClonedFromLorenzo.json,None is not of type 'string'
/home/hemduttdabral/Downloads/proj-api-volume-dump/363af7b3-752e-40df-855d-a5ebc3801d8e/workspace/projects/ClonedFromLorenzo/ai_ClonedFromLorenzo.json,None is not of type 'string'
/home/hemduttdabral/Downloads/proj-api-volume-dump/363af7b3-752e-40df-855d-a5ebc3801d8e/workspace/projects/fan_coil_monitoring_mlc_STWIN/ai_fan_coil_monitoring_mlc_STWIN.json,None is not of type 'string'
/home/hemduttdabral/Downloads/proj-api-volume-dump/363af7b3-752e-40df-855d-a5ebc3801d8e/workspace/projects/fan_coil_monitoring_mlc_STWIN/ai_fan_coil_monitoring_mlc_STWIN.json,None is not of type 'string'
/home/hemduttdabral/Downloads/proj-api-volume-dump/363af7b3-752e-40df-855d-a5ebc3801d8e/workspace/projects/fan_coil_monitoring_mlc_STWIN/ai_fan_coil_monitoring_mlc_STWIN.json,None is not of type 'string'
/home/hemduttdabral/Downloads/proj-api-volume-dump/363af7b3-752e-40df-855d-a5ebc3801d8e/workspace/projects/fan_coil_monitoring_mlc_STWIN/ai_fan_coil_monitoring_mlc_STWIN.json,None is not of type 'string'
/home/hemduttdabral/Downloads/proj-api-volume-dump/363af7b3-752e-40df-855d-a5ebc3801d8e/workspace/projects/smart_asset_tracking_on_nucleo/ai_smart_asset_tracking_on_nucleo.json,None is not of type 'string'
/home/hemduttdabral/Downloads/proj-api-volume-dump/363af7b3-752e-40df-855d-a5ebc3801d8e/workspace/projects/smart_asset_tracking_on_nucleo/ai_smart_asset_tracking_on_nucleo.json,None is not of type 'string'
/home/hemduttdabral/Downloads/proj-api-volume-dump/363af7b3-752e-40df-855d-a5ebc3801d8e/workspace/projects/smart_asset_tracking_on_nucleo/ai_smart_asset_tracking_on_nucleo.json,None is not of type 'string'
/home/hemduttdabral/Downloads/proj-api-volume-dump/363af7b3-752e-40df-855d-a5ebc3801d8e/workspace/projects/fan_coil_monitoring_mlc/ai_fan_coil_monitoring_mlc.json,None is not of type 'string'
/home/hemduttdabral/Downloads/proj-api-volume-dump/363af7b3-752e-40df-855d-a5ebc3801d8e/workspace/projects/fan_coil_monitoring_mlc/ai_fan_coil_monitoring_mlc.json,None is not of type 'string'
/home/hemduttdabral/Downloads/proj-api-volume-dump/363af7b3-752e-40df-855d-a5ebc3801d8e/workspace/projects/fan_coil_monitoring_mlc/ai_fan_coil_monitoring_mlc.json,None is not of type 'string'
/home/hemduttdabral/Downloads/proj-api-volume-dump/363af7b3-752e-40df-855d-a5ebc3801d8e/workspace/projects/fan_coil_monitoring_mlc/ai_fan_coil_monitoring_mlc.json,None is not of type 'string'
/home/hemduttdabral/Downloads/proj-api-volume-dump/4bbbacec-f177-40f3-8265-63c5285569c4/workspace/projects/Project_name_221211/ai_Project_name_221211.json,"{'application': 'e7826f9b-750f-41f9-8bd0-b99a77359203', 'firmware_update': False} is not valid under any of the given schemas"
/home/hemduttdabral/Downloads/proj-api-volume-dump/4bbbacec-f177-40f3-8265-63c5285569c4/workspace/projects/Project_name_4924/ai_Project_name_4924.json,"{'application': 'b866ffe9-47ec-4fbc-b8ba-74b2ce9989c9', 'firmware_update': False} is not valid under any of the given schemas"
/home/hemduttdabral/Downloads/proj-api-volume-dump/92be9656-88c9-46ea-96cf-884d72b3464e/workspace/projects/Project_name_454872/ai_Project_name_454872.json,"{'application': '45536e19-cc6e-4891-9080-ad176c179d83', 'firmware_update': False} is not valid under any of the given schemas"
/home/hemduttdabral/Downloads/proj-api-volume-dump/92be9656-88c9-46ea-96cf-884d72b3464e/workspace/projects/Project_name_434188/ai_Project_name_434188.json,"{'application': '8f38bb9d-a227-4a1e-9b60-29a5bd07507a', 'firmware_update': False} is not valid under any of the given schemas"
/home/hemduttdabral/Downloads/proj-api-volume-dump/bfde9b6d-d2db-432d-867d-7fd41f0806c0/workspace/projects/Project_name_257639/ai_Project_name_257639.json,"{'application': '072b9af8-bab7-4721-b3ef-b98a339a4a4a', 'firmware_update': False} is not valid under any of the given schemas"
/home/hemduttdabral/Downloads/proj-api-volume-dump/bfde9b6d-d2db-432d-867d-7fd41f0806c0/workspace/projects/Project_name_551505/ai_Project_name_551505.json,"{'application': '276fa3a3-6002-4966-a35b-25310c0da29e', 'firmware_update': False} is not valid under any of the given schemas"
/home/hemduttdabral/Downloads/proj-api-volume-dump/9bb2f04f-ea05-43cf-a026-72769ae0fd9f/workspace/projects/Project_name_727808/ai_Project_name_727808.json,"{'application': 'e1350dcf-fe4c-49b7-91db-8805add80e24', 'firmware_update': False} is not valid under any of the given schemas"
/home/hemduttdabral/Downloads/proj-api-volume-dump/fb632ef6-a925-499f-970d-282819079f70/workspace/projects/Project_name_132372/ai_Project_name_132372.json,"{'application': '5b270450-73b9-4c22-8568-01cd5320d8aa', 'firmware_update': False} is not valid under any of the given schemas"
/home/hemduttdabral/Downloads/proj-api-volume-dump/252bdbb8-f024-43c6-8d6c-d1f951de2d27/workspace/projects/Project_name_674355/ai_Project_name_674355.json,"{'application': 'd6bdd88a-504a-43b0-ab1e-33522835bb52', 'firmware_update': False} is not valid under any of the given schemas"
/home/hemduttdabral/Downloads/proj-api-volume-dump/38c396d8-e8f9-4f0a-a3a7-4a3b71638b0f/workspace/projects/Project_name_607581/ai_Project_name_607581.json,"{'application': 'd25a3cde-5135-4820-bbd4-aaa3a4115d4f', 'firmware_update': False} is not valid under any of the given schemas"
/home/hemduttdabral/Downloads/proj-api-volume-dump/38c396d8-e8f9-4f0a-a3a7-4a3b71638b0f/workspace/projects/Project_name_935884/ai_Project_name_935884.json,"{'application': 'b8f2e919-43b5-40b6-b4ae-5e8b2390b9e9', 'firmware_update': False} is not valid under any of the given schemas"
/home/hemduttdabral/Downloads/proj-api-volume-dump/38c396d8-e8f9-4f0a-a3a7-4a3b71638b0f/workspace/projects/Project_name_821901/ai_Project_name_821901.json,"{'application': '8254609e-070e-4a8a-9626-ba0b29751270', 'firmware_update': False} is not valid under any of the given schemas"
/home/hemduttdabral/Downloads/proj-api-volume-dump/38c396d8-e8f9-4f0a-a3a7-4a3b71638b0f/workspace/projects/Project_name_930731/ai_Project_name_930731.json,"{'application': 'd6ef5d9f-f150-486d-afab-924edded1ac8', 'firmware_update': False} is not valid under any of the given schemas"
/home/hemduttdabral/Downloads/proj-api-volume-dump/a63b837c-c557-458b-a435-ea6476d0f5b0/workspace/projects/Project_name_857820/ai_Project_name_857820.json,"{'application': 'b806355b-3f7f-4cd1-a796-8dda9b9e2977', 'firmware_update': False} is not valid under any of the given schemas"
/home/hemduttdabral/Downloads/proj-api-volume-dump/a63b837c-c557-458b-a435-ea6476d0f5b0/workspace/projects/Project_name_896534/ai_Project_name_896534.json,"{'application': '28dad4b2-cdd2-482f-b293-821451575b9f', 'firmware_update': False} is not valid under any of the given schemas"
/home/hemduttdabral/Downloads/proj-api-volume-dump/a63b837c-c557-458b-a435-ea6476d0f5b0/workspace/projects/Project_name_957394/ai_Project_name_957394.json,"{'application': 'f4d3693c-3d32-4683-8ead-18a590392e31', 'firmware_update': False} is not valid under any of the given schemas"
/home/hemduttdabral/Downloads/proj-api-volume-dump/a63b837c-c557-458b-a435-ea6476d0f5b0/workspace/projects/Project_name_623364/ai_Project_name_623364.json,"{'application': '76491f0a-c492-4575-8d7f-8e4bc849105e', 'firmware_update': False} is not valid under any of the given schemas"
/home/hemduttdabral/Downloads/proj-api-volume-dump/6d5f93a8-ac97-4edb-92cb-ffcc7af0d21c/workspace/projects/VSM01Test/ai_VSM01Test.json,None is not of type 'string'
/home/hemduttdabral/Downloads/proj-api-volume-dump/6d5f93a8-ac97-4edb-92cb-ffcc7af0d21c/workspace/projects/VSM01Test/ai_VSM01Test.json,None is not of type 'string'
/home/hemduttdabral/Downloads/proj-api-volume-dump/6d5f93a8-ac97-4edb-92cb-ffcc7af0d21c/workspace/projects/VSM01Test/ai_VSM01Test.json,None is not of type 'string'
/home/hemduttdabral/Downloads/proj-api-volume-dump/6030675e-f6ba-4f10-ae9e-64942185c508/workspace/20240402_drilling_machine/ai_20240402_drilling_machine.json,None is not of type 'string'
/home/hemduttdabral/Downloads/proj-api-volume-dump/6030675e-f6ba-4f10-ae9e-64942185c508/workspace/projects/brand_new_project/ai_brand_new_project.json,None is not of type 'string'
/home/hemduttdabral/Downloads/proj-api-volume-dump/6030675e-f6ba-4f10-ae9e-64942185c508/workspace/projects/brand_new_project/ai_brand_new_project.json,None is not of type 'string'
/home/hemduttdabral/Downloads/proj-api-volume-dump/6030675e-f6ba-4f10-ae9e-64942185c508/workspace/projects/brand_new_project/ai_brand_new_project.json,None is not of type 'string'
/home/hemduttdabral/Downloads/proj-api-volume-dump/6030675e-f6ba-4f10-ae9e-64942185c508/workspace/projects/brand_new_project/ai_brand_new_project.json,None is not of type 'string'
/home/hemduttdabral/Downloads/proj-api-volume-dump/6030675e-f6ba-4f10-ae9e-64942185c508/workspace/projects/gps-buddy/ai_gps-buddy.json,None is not of type 'string'
/home/hemduttdabral/Downloads/proj-api-volume-dump/6030675e-f6ba-4f10-ae9e-64942185c508/workspace/projects/gps-buddy/ai_gps-buddy.json,None is not of type 'string'
/home/hemduttdabral/Downloads/proj-api-volume-dump/6030675e-f6ba-4f10-ae9e-64942185c508/workspace/projects/gps-buddy/ai_gps-buddy.json,None is not of type 'string'
/home/hemduttdabral/Downloads/proj-api-volume-dump/6030675e-f6ba-4f10-ae9e-64942185c508/workspace/projects/poc-p/ai_poc-p.json,None is not of type 'string'
/home/hemduttdabral/Downloads/proj-api-volume-dump/6030675e-f6ba-4f10-ae9e-64942185c508/workspace/projects/poc-p/ai_poc-p.json,None is not of type 'string'
/home/hemduttdabral/Downloads/proj-api-volume-dump/6030675e-f6ba-4f10-ae9e-64942185c508/workspace/projects/poc-p/ai_poc-p.json,None is not of type 'string'
/home/hemduttdabral/Downloads/proj-api-volume-dump/a0006b4b-821d-40f3-8b1d-2b657a42d58d/workspace/projects/Sample/ai_Sample.json,"{'application': '856e4a5d-72d9-4bca-8793-ebf9e32ef0de', 'firmware_update': False} is not valid under any of the given schemas"
/home/hemduttdabral/Downloads/proj-api-volume-dump/b2b524e4-8011-705e-f1e3-5edf3b54a513/workspace/projects/test/ai_test.json,None is not of type 'string'
/home/hemduttdabral/Downloads/proj-api-volume-dump/b2b524e4-8011-705e-f1e3-5edf3b54a513/workspace/projects/test/ai_test.json,None is not of type 'string'
/home/hemduttdabral/Downloads/proj-api-volume-dump/b2b524e4-8011-705e-f1e3-5edf3b54a513/workspace/projects/test/ai_test.json,None is not of type 'string'
/home/hemduttdabral/Downloads/proj-api-volume-dump/b2b524e4-8011-705e-f1e3-5edf3b54a513/workspace/projects/test/ai_test.json,None is not of type 'string'
/home/hemduttdabral/Downloads/proj-api-volume-dump/6e6b9a67-2aee-497a-8350-5456fc7f8f77/workspace/projects/Project_name_866112/ai_Project_name_866112.json,"{'application': 'a5b1f7cc-b1b8-4575-9a08-125c7d92134d', 'firmware_update': False} is not valid under any of the given schemas"
/home/hemduttdabral/Downloads/proj-api-volume-dump/6e6b9a67-2aee-497a-8350-5456fc7f8f77/workspace/projects/Project_name_288470/ai_Project_name_288470.json,"{'application': 'f0690d0d-10cf-47d0-b2d2-fe4bae7c14aa', 'firmware_update': False} is not valid under any of the given schemas"
/home/hemduttdabral/Downloads/proj-api-volume-dump/6e6b9a67-2aee-497a-8350-5456fc7f8f77/workspace/projects/Project_name_135614/ai_Project_name_135614.json,"{'application': '215d0b0f-f7aa-4de5-a3b4-c53a813e8f20', 'firmware_update': False} is not valid under any of the given schemas"
/home/hemduttdabral/Downloads/proj-api-volume-dump/6e6b9a67-2aee-497a-8350-5456fc7f8f77/workspace/projects/Project_name_608584/ai_Project_name_608584.json,"{'application': '9d03636b-cf77-487f-8993-70e800df331d', 'firmware_update': False} is not valid under any of the given schemas"
/home/hemduttdabral/Downloads/proj-api-volume-dump/6e6b9a67-2aee-497a-8350-5456fc7f8f77/workspace/projects/Project_name_436057/ai_Project_name_436057.json,"{'application': '62cd2e9a-d52f-476e-8db7-af8ac99e4a9f', 'firmware_update': False} is not valid under any of the given schemas"
/home/hemduttdabral/Downloads/proj-api-volume-dump/6e89352a-dcd2-4873-be35-1e9b95295d5f/workspace/projects/Project_name_134859/ai_Project_name_134859.json,"{'application': 'bf3341ad-443a-4dd2-8509-54fcfb2cb66d', 'firmware_update': False} is not valid under any of the given schemas"
/home/hemduttdabral/Downloads/proj-api-volume-dump/6e89352a-dcd2-4873-be35-1e9b95295d5f/workspace/projects/Project_name_747822/ai_Project_name_747822.json,"{'application': '04865471-7c39-4f8b-b470-a2038d1a61ac', 'firmware_update': False} is not valid under any of the given schemas"
/home/hemduttdabral/Downloads/proj-api-volume-dump/f37e8f51-54a9-4e16-bd4a-1073419d04ac/workspace/projects/Project_name_890078/ai_Project_name_890078.json,"{'application': '9a34ab8c-6804-4ab2-b5d9-0e2ea45683fb', 'firmware_update': False} is not valid under any of the given schemas"
/home/hemduttdabral/Downloads/proj-api-volume-dump/f37e8f51-54a9-4e16-bd4a-1073419d04ac/workspace/projects/Project_name_101769/ai_Project_name_101769.json,"{'application': '491dba00-0b31-45d8-8d93-f9c624ccfdd8', 'firmware_update': False} is not valid under any of the given schemas"
/home/hemduttdabral/Downloads/proj-api-volume-dump/f37e8f51-54a9-4e16-bd4a-1073419d04ac/workspace/projects/Project_name_799248/ai_Project_name_799248.json,"{'application': '91efb8fb-c0d2-4c95-993a-2fc81d38de5a', 'firmware_update': False} is not valid under any of the given schemas"
/home/hemduttdabral/Downloads/proj-api-volume-dump/f37e8f51-54a9-4e16-bd4a-1073419d04ac/workspace/projects/Project_name_519824/ai_Project_name_519824.json,"{'application': '23e0bd52-b8c6-4225-9905-393d247117fa', 'firmware_update': False} is not valid under any of the given schemas"
/home/hemduttdabral/Downloads/proj-api-volume-dump/45944b08-ae13-4417-9c1b-0bc88b8c0d34/workspace/projects/Project_name_184397/ai_Project_name_184397.json,"{'application': '8530015c-2e09-4be0-bc12-9c7f95e393e7', 'firmware_update': False} is not valid under any of the given schemas"
/home/hemduttdabral/Downloads/proj-api-volume-dump/45944b08-ae13-4417-9c1b-0bc88b8c0d34/workspace/projects/Project_name_820101/ai_Project_name_820101.json,"{'application': '0c3c9123-5f9a-4a46-b597-4717381bf0b8', 'firmware_update': False} is not valid under any of the given schemas"
/home/hemduttdabral/Downloads/proj-api-volume-dump/45944b08-ae13-4417-9c1b-0bc88b8c0d34/workspace/projects/Project_name_681440/ai_Project_name_681440.json,"{'application': '189c5de5-c3ab-47e0-83ad-0deea0920955', 'firmware_update': False} is not valid under any of the given schemas"
/home/hemduttdabral/Downloads/proj-api-volume-dump/45944b08-ae13-4417-9c1b-0bc88b8c0d34/workspace/projects/Project_name_43027/ai_Project_name_43027.json,"{'application': 'b9246aec-ed4b-4de8-830f-a5014f7f70fd', 'firmware_update': False} is not valid under any of the given schemas"
/home/hemduttdabral/Downloads/proj-api-volume-dump/45944b08-ae13-4417-9c1b-0bc88b8c0d34/workspace/projects/Project_name_979627/ai_Project_name_979627.json,"{'application': 'ae41a460-e525-4e7c-afa1-79b251c5d2c1', 'firmware_update': False} is not valid under any of the given schemas"
/home/hemduttdabral/Downloads/proj-api-volume-dump/c36bc99d-b4e1-440e-8d22-1ef9c47d54cd/workspace/projects/Project_name_850727/ai_Project_name_850727.json,"{'application': 'dc4eb0c7-9f1b-4726-ac3b-f48319909546', 'firmware_update': False} is not valid under any of the given schemas"
/home/hemduttdabral/Downloads/proj-api-volume-dump/cgwsqhdq686najtwh1a7z65k10/workspace/projects/tennis_activity/ai_tennis_activity.json,None is not of type 'string'
/home/hemduttdabral/Downloads/proj-api-volume-dump/cgwsqhdq686najtwh1a7z65k10/workspace/projects/tennis_activity/ai_tennis_activity.json,None is not of type 'string'
/home/hemduttdabral/Downloads/proj-api-volume-dump/29836f82-9246-4b16-9f1b-7481e067c8d3/workspace/20240309_mlc_demo/ai_20240309_mlc_demo.json,None is not of type 'string'
/home/hemduttdabral/Downloads/proj-api-volume-dump/29836f82-9246-4b16-9f1b-7481e067c8d3/workspace/projects/ImportProject/ai_ImportProject.json,None is not of type 'string'
/home/hemduttdabral/Downloads/proj-api-volume-dump/29836f82-9246-4b16-9f1b-7481e067c8d3/workspace/projects/ImportProject/ai_ImportProject.json,None is not of type 'string'
/home/hemduttdabral/Downloads/proj-api-volume-dump/29836f82-9246-4b16-9f1b-7481e067c8d3/workspace/projects/ImportProject/ai_ImportProject.json,None is not of type 'string'
/home/hemduttdabral/Downloads/proj-api-volume-dump/29836f82-9246-4b16-9f1b-7481e067c8d3/workspace/projects/InstrumentsProject/ai_InstrumentsProject.json,None is not of type 'string'
/home/hemduttdabral/Downloads/proj-api-volume-dump/29836f82-9246-4b16-9f1b-7481e067c8d3/workspace/projects/InstrumentsProject/ai_InstrumentsProject.json,None is not of type 'string'
/home/hemduttdabral/Downloads/proj-api-volume-dump/29836f82-9246-4b16-9f1b-7481e067c8d3/workspace/projects/Demo_Project/ai_Demo_Project.json,None is not of type 'string'
/home/hemduttdabral/Downloads/proj-api-volume-dump/29836f82-9246-4b16-9f1b-7481e067c8d3/workspace/projects/Demo_Project/ai_Demo_Project.json,None is not of type 'string'
/home/hemduttdabral/Downloads/proj-api-volume-dump/29836f82-9246-4b16-9f1b-7481e067c8d3/workspace/projects/Demo_Project/ai_Demo_Project.json,None is not of type 'string'
/home/hemduttdabral/Downloads/proj-api-volume-dump/29836f82-9246-4b16-9f1b-7481e067c8d3/workspace/projects/Demo_Project/ai_Demo_Project.json,None is not of type 'string'
/home/hemduttdabral/Downloads/proj-api-volume-dump/29836f82-9246-4b16-9f1b-7481e067c8d3/workspace/projects/ActivityRecognition/ai_ActivityRecognition.json,None is not of type 'string'
/home/hemduttdabral/Downloads/proj-api-volume-dump/29836f82-9246-4b16-9f1b-7481e067c8d3/workspace/projects/IoT_Test_Project/ai_IoT_Test_Project.json,None is not of type 'string'
/home/hemduttdabral/Downloads/proj-api-volume-dump/29836f82-9246-4b16-9f1b-7481e067c8d3/workspace/projects/IoT_Test_Project/ai_IoT_Test_Project.json,None is not of type 'string'
/home/hemduttdabral/Downloads/proj-api-volume-dump/29836f82-9246-4b16-9f1b-7481e067c8d3/workspace/projects/IoT_Test_Project/ai_IoT_Test_Project.json,"{'application': '5f885025-69a3-429a-bb66-03f3adb90d77', 'firmware_update': False} is not valid under any of the given schemas"
/home/hemduttdabral/Downloads/proj-api-volume-dump/29836f82-9246-4b16-9f1b-7481e067c8d3/workspace/projects/Merged/ai_Merged.json,None is not of type 'string'
/home/hemduttdabral/Downloads/proj-api-volume-dump/29836f82-9246-4b16-9f1b-7481e067c8d3/workspace/projects/Merged/ai_Merged.json,None is not of type 'string'
/home/hemduttdabral/Downloads/proj-api-volume-dump/29836f82-9246-4b16-9f1b-7481e067c8d3/workspace/projects/Andrea_Project/ai_Andrea_Project.json,None is not of type 'string'
/home/hemduttdabral/Downloads/proj-api-volume-dump/29836f82-9246-4b16-9f1b-7481e067c8d3/workspace/projects/Andrea_Project/ai_Andrea_Project.json,None is not of type 'string'
/home/hemduttdabral/Downloads/proj-api-volume-dump/29836f82-9246-4b16-9f1b-7481e067c8d3/workspace/projects/Andrea_Project/ai_Andrea_Project.json,None is not of type 'string'
/home/hemduttdabral/Downloads/proj-api-volume-dump/29836f82-9246-4b16-9f1b-7481e067c8d3/workspace/projects/Elham_project/ai_Elham_project.json,None is not of type 'string'
/home/hemduttdabral/Downloads/proj-api-volume-dump/29836f82-9246-4b16-9f1b-7481e067c8d3/workspace/projects/Elham_project/ai_Elham_project.json,None is not of type 'string'
/home/hemduttdabral/Downloads/proj-api-volume-dump/29836f82-9246-4b16-9f1b-7481e067c8d3/workspace/projects/LargeMovementProject/ai_LargeMovementProject.json,None is not of type 'string'
/home/hemduttdabral/Downloads/proj-api-volume-dump/29836f82-9246-4b16-9f1b-7481e067c8d3/workspace/projects/LargeMovementProject/ai_LargeMovementProject.json,None is not of type 'string'
/home/hemduttdabral/Downloads/proj-api-volume-dump/29836f82-9246-4b16-9f1b-7481e067c8d3/workspace/projects/STWIN_project/ai_STWIN_project.json,None is not of type 'string'
/home/hemduttdabral/Downloads/proj-api-volume-dump/29836f82-9246-4b16-9f1b-7481e067c8d3/workspace/projects/STWIN_project/ai_STWIN_project.json,None is not of type 'string'
/home/hemduttdabral/Downloads/proj-api-volume-dump/29836f82-9246-4b16-9f1b-7481e067c8d3/workspace/projects/e2e_test_project/ai_e2e_test_project.json,None is not of type 'string'
/home/hemduttdabral/Downloads/proj-api-volume-dump/29836f82-9246-4b16-9f1b-7481e067c8d3/workspace/projects/e2e_test_project/ai_e2e_test_project.json,None is not of type 'string'
/home/hemduttdabral/Downloads/proj-api-volume-dump/29836f82-9246-4b16-9f1b-7481e067c8d3/workspace/projects/e2e_test_project/ai_e2e_test_project.json,None is not of type 'string'
/home/hemduttdabral/Downloads/proj-api-volume-dump/29836f82-9246-4b16-9f1b-7481e067c8d3/workspace/projects/e2e_test_project/ai_e2e_test_project.json,None is not of type 'string'
/home/hemduttdabral/Downloads/proj-api-volume-dump/29836f82-9246-4b16-9f1b-7481e067c8d3/workspace/projects/SurfaceProject/ai_SurfaceProject.json,None is not of type 'string'
/home/hemduttdabral/Downloads/proj-api-volume-dump/29836f82-9246-4b16-9f1b-7481e067c8d3/workspace/projects/SurfaceProject/ai_SurfaceProject.json,None is not of type 'string'
/home/hemduttdabral/Downloads/proj-api-volume-dump/29836f82-9246-4b16-9f1b-7481e067c8d3/workspace/projects/LargeProject/ai_LargeProject.json,None is not of type 'string'
/home/hemduttdabral/Downloads/proj-api-volume-dump/29836f82-9246-4b16-9f1b-7481e067c8d3/workspace/projects/TestProject/ai_TestProject.json,None is not of type 'string'
/home/hemduttdabral/Downloads/proj-api-volume-dump/29836f82-9246-4b16-9f1b-7481e067c8d3/workspace/projects/TestProject/ai_TestProject.json,None is not of type 'string'
/home/hemduttdabral/Downloads/proj-api-volume-dump/29836f82-9246-4b16-9f1b-7481e067c8d3/workspace/projects/SinusProject/ai_SinusProject.json,None is not of type 'string'
/home/hemduttdabral/Downloads/proj-api-volume-dump/29836f82-9246-4b16-9f1b-7481e067c8d3/workspace/projects/SinusProject/ai_SinusProject.json,None is not of type 'string'
/home/hemduttdabral/Downloads/proj-api-volume-dump/5eeeee68-1f2b-46b2-9446-ce9415e39ffe/workspace/projects/Project_name_123251/ai_Project_name_123251.json,"{'application': 'e7a761d7-b2b4-4722-8fd7-df49a1f0298a', 'firmware_update': False} is not valid under any of the given schemas"
/home/hemduttdabral/Downloads/proj-api-volume-dump/ece9cbca-5ab0-4be2-af3f-afe01e569e20/workspace/projects/Project_name_285696/ai_Project_name_285696.json,"{'application': '6f6536b8-cef9-4d4d-9cfa-dc9d92cdbf37', 'firmware_update': False} is not valid under any of the given schemas"
/home/hemduttdabral/Downloads/proj-api-volume-dump/11616561-aba2-45d1-bc1b-8d5e98bcc842/workspace/projects/Project_name_707508/ai_Project_name_707508.json,"{'application': '7937fcf6-0dc5-48a2-9685-acca643def8e', 'firmware_update': False} is not valid under any of the given schemas"
/home/hemduttdabral/Downloads/proj-api-volume-dump/11616561-aba2-45d1-bc1b-8d5e98bcc842/workspace/projects/Project_name_984017/ai_Project_name_984017.json,"{'application': '78afa484-28cc-4c7a-a9fa-a0c2d24f788c', 'firmware_update': False} is not valid under any of the given schemas"
/home/hemduttdabral/Downloads/proj-api-volume-dump/11616561-aba2-45d1-bc1b-8d5e98bcc842/workspace/projects/Project_name_811562/ai_Project_name_811562.json,"{'application': 'c1613ff1-cce8-4d61-bbe1-87cfd8fbbbc6', 'firmware_update': False} is not valid under any of the given schemas"
/home/hemduttdabral/Downloads/proj-api-volume-dump/11616561-aba2-45d1-bc1b-8d5e98bcc842/workspace/projects/Project_name_635317/ai_Project_name_635317.json,"{'application': 'de17f1d0-0ac9-41e6-8f4f-d0b5789cd053', 'firmware_update': False} is not valid under any of the given schemas"
/home/hemduttdabral/Downloads/proj-api-volume-dump/11616561-aba2-45d1-bc1b-8d5e98bcc842/workspace/projects/Project_name_443841/ai_Project_name_443841.json,"{'application': 'a54bdedb-886f-4645-822a-97c7ddd5fe50', 'firmware_update': False} is not valid under any of the given schemas"
/home/hemduttdabral/Downloads/proj-api-volume-dump/8ae0a300-fd0e-4477-85cf-43371927480c/workspace/projects/Project_name_918721/ai_Project_name_918721.json,"{'application': 'b04922a7-10eb-4b80-83f6-d5812ff78253', 'firmware_update': False} is not valid under any of the given schemas"
/home/hemduttdabral/Downloads/proj-api-volume-dump/8ae0a300-fd0e-4477-85cf-43371927480c/workspace/projects/Project_name_317491/ai_Project_name_317491.json,"{'application': '5e475514-40ee-48cd-b878-d3f64187addc', 'firmware_update': False} is not valid under any of the given schemas"
/home/hemduttdabral/Downloads/proj-api-volume-dump/8ae0a300-fd0e-4477-85cf-43371927480c/workspace/projects/Project_name_904640/ai_Project_name_904640.json,"{'application': '2b8b21dc-8692-48bb-8188-46b74ab51842', 'firmware_update': False} is not valid under any of the given schemas"
/home/hemduttdabral/Downloads/proj-api-volume-dump/8ae0a300-fd0e-4477-85cf-43371927480c/workspace/projects/Project_name_973946/ai_Project_name_973946.json,"{'application': '038479e7-7a8b-4595-8876-6280efa0b119', 'firmware_update': False} is not valid under any of the given schemas"
/home/hemduttdabral/Downloads/proj-api-volume-dump/3b9ae741-d73e-4708-b328-3f9753ec6381/workspace/projects/Project_name_415638/ai_Project_name_415638.json,"{'application': 'f7c805e3-3eea-44f4-86f5-7876ec7d3906', 'firmware_update': False} is not valid under any of the given schemas"
/home/hemduttdabral/Downloads/proj-api-volume-dump/1sdcs4c30t9cdn6s0sm2rhqk10/workspace/projects/ExampleAttack/ai_ExampleAttack.json,None is not of type 'string'
/home/hemduttdabral/Downloads/proj-api-volume-dump/1sdcs4c30t9cdn6s0sm2rhqk10/workspace/projects/ExampleAttack/ai_ExampleAttack.json,None is not of type 'string'
/home/hemduttdabral/Downloads/proj-api-volume-dump/1sdcs4c30t9cdn6s0sm2rhqk10/workspace/projects/ExampleAttack/ai_ExampleAttack.json,None is not of type 'string'
/home/hemduttdabral/Downloads/proj-api-volume-dump/1sdcs4c30t9cdn6s0sm2rhqk10/workspace/projects/ExampleAttack/ai_ExampleAttack.json,None is not of type 'string'
/home/hemduttdabral/Downloads/proj-api-volume-dump/55060029-8de4-4955-a1a1-33829fe37f2b/workspace/projects/Project_name_820742/ai_Project_name_820742.json,"{'application': '6efb12af-d9c1-4a62-9d03-7e87041e6efc', 'firmware_update': False} is not valid under any of the given schemas"
/home/hemduttdabral/Downloads/proj-api-volume-dump/55060029-8de4-4955-a1a1-33829fe37f2b/workspace/projects/Project_name_94840/ai_Project_name_94840.json,"{'application': '143d18e9-b672-425b-a665-f45b4ba915c4', 'firmware_update': False} is not valid under any of the given schemas"
/home/hemduttdabral/Downloads/proj-api-volume-dump/2005a727-4bcd-4d7e-b41b-b50b275da6f4/workspace/projects/Project_name_161833/ai_Project_name_161833.json,"{'application': 'bf77f487-ee32-436b-bfb5-5937418110aa', 'firmware_update': False} is not valid under any of the given schemas"
/home/hemduttdabral/Downloads/proj-api-volume-dump/b124e275-7125-4e4b-a27b-a8a02edd4ad4/workspace/projects/Project_name_631528/ai_Project_name_631528.json,"{'application': 'aec21591-0cb9-44c7-a14e-aa3b26ad5b84', 'firmware_update': False} is not valid under any of the given schemas"
/home/hemduttdabral/Downloads/proj-api-volume-dump/b124e275-7125-4e4b-a27b-a8a02edd4ad4/workspace/projects/Project_name_716155/ai_Project_name_716155.json,"{'application': '6ea575d7-bf4e-49dd-b389-94f722ec5675', 'firmware_update': False} is not valid under any of the given schemas"
/home/hemduttdabral/Downloads/proj-api-volume-dump/64b124bd-241c-4cca-b79e-474d40d8de62/workspace/projects/new_project_name_700039/ai_new_project_name_700039.json,Invalid JSON syntax
/home/hemduttdabral/Downloads/proj-api-volume-dump/64b124bd-241c-4cca-b79e-474d40d8de62/workspace/projects/new_project_name_392959/ai_new_project_name_392959.json,None is not of type 'string'
/home/hemduttdabral/Downloads/proj-api-volume-dump/64b124bd-241c-4cca-b79e-474d40d8de62/workspace/projects/new_project_name_392959/ai_new_project_name_392959.json,None is not of type 'array'
/home/hemduttdabral/Downloads/proj-api-volume-dump/64b124bd-241c-4cca-b79e-474d40d8de62/workspace/projects/new_project_name_347229/ai_new_project_name_347229.json,None is not of type 'string'
/home/hemduttdabral/Downloads/proj-api-volume-dump/64b124bd-241c-4cca-b79e-474d40d8de62/workspace/projects/new_project_name_347229/ai_new_project_name_347229.json,None is not of type 'array'
/home/hemduttdabral/Downloads/proj-api-volume-dump/64b124bd-241c-4cca-b79e-474d40d8de62/workspace/projects/new_project_name_313563/ai_new_project_name_313563.json,None is not of type 'string'
/home/hemduttdabral/Downloads/proj-api-volume-dump/64b124bd-241c-4cca-b79e-474d40d8de62/workspace/projects/new_project_name_313563/ai_new_project_name_313563.json,None is not of type 'string'
/home/hemduttdabral/Downloads/proj-api-volume-dump/64b124bd-241c-4cca-b79e-474d40d8de62/workspace/projects/new_project_name_313563/ai_new_project_name_313563.json,None is not of type 'array'
/home/hemduttdabral/Downloads/proj-api-volume-dump/64b124bd-241c-4cca-b79e-474d40d8de62/workspace/projects/new_project_name_355781/ai_new_project_name_355781.json,None is not of type 'string'
/home/hemduttdabral/Downloads/proj-api-volume-dump/64b124bd-241c-4cca-b79e-474d40d8de62/workspace/projects/new_project_name_355781/ai_new_project_name_355781.json,None is not of type 'string'
/home/hemduttdabral/Downloads/proj-api-volume-dump/64b124bd-241c-4cca-b79e-474d40d8de62/workspace/projects/new_project_name_355781/ai_new_project_name_355781.json,None is not of type 'array'
/home/hemduttdabral/Downloads/proj-api-volume-dump/64b124bd-241c-4cca-b79e-474d40d8de62/workspace/projects/new_project_name_164926/ai_new_project_name_164926.json,Invalid JSON syntax
/home/hemduttdabral/Downloads/proj-api-volume-dump/64b124bd-241c-4cca-b79e-474d40d8de62/workspace/projects/new_project_name_294049/ai_new_project_name_294049.json,None is not of type 'string'
/home/hemduttdabral/Downloads/proj-api-volume-dump/64b124bd-241c-4cca-b79e-474d40d8de62/workspace/projects/new_project_name_294049/ai_new_project_name_294049.json,None is not of type 'string'
/home/hemduttdabral/Downloads/proj-api-volume-dump/64b124bd-241c-4cca-b79e-474d40d8de62/workspace/projects/new_project_name_294049/ai_new_project_name_294049.json,None is not of type 'array'
/home/hemduttdabral/Downloads/proj-api-volume-dump/64b124bd-241c-4cca-b79e-474d40d8de62/workspace/projects/new_project_name_288317/ai_new_project_name_288317.json,None is not of type 'string'
/home/hemduttdabral/Downloads/proj-api-volume-dump/64b124bd-241c-4cca-b79e-474d40d8de62/workspace/projects/new_project_name_288317/ai_new_project_name_288317.json,None is not of type 'string'
/home/hemduttdabral/Downloads/proj-api-volume-dump/64b124bd-241c-4cca-b79e-474d40d8de62/workspace/projects/new_project_name_288317/ai_new_project_name_288317.json,None is not of type 'array'
/home/hemduttdabral/Downloads/proj-api-volume-dump/64b124bd-241c-4cca-b79e-474d40d8de62/workspace/projects/new_project_name_866187/ai_new_project_name_866187.json,None is not of type 'string'
/home/hemduttdabral/Downloads/proj-api-volume-dump/64b124bd-241c-4cca-b79e-474d40d8de62/workspace/projects/new_project_name_866187/ai_new_project_name_866187.json,None is not of type 'array'
/home/hemduttdabral/Downloads/proj-api-volume-dump/64b124bd-241c-4cca-b79e-474d40d8de62/workspace/projects/new_project_name_799599/ai_new_project_name_799599.json,None is not of type 'string'
/home/hemduttdabral/Downloads/proj-api-volume-dump/64b124bd-241c-4cca-b79e-474d40d8de62/workspace/projects/new_project_name_799599/ai_new_project_name_799599.json,None is not of type 'array'
/home/hemduttdabral/Downloads/proj-api-volume-dump/64b124bd-241c-4cca-b79e-474d40d8de62/workspace/projects/new_project_name_449184/ai_new_project_name_449184.json,Invalid JSON syntax
/home/hemduttdabral/Downloads/proj-api-volume-dump/64b124bd-241c-4cca-b79e-474d40d8de62/workspace/projects/new_project_name_123136/ai_new_project_name_123136.json,None is not of type 'string'
/home/hemduttdabral/Downloads/proj-api-volume-dump/64b124bd-241c-4cca-b79e-474d40d8de62/workspace/projects/new_project_name_123136/ai_new_project_name_123136.json,None is not of type 'string'
/home/hemduttdabral/Downloads/proj-api-volume-dump/64b124bd-241c-4cca-b79e-474d40d8de62/workspace/projects/new_project_name_123136/ai_new_project_name_123136.json,None is not of type 'array'
/home/hemduttdabral/Downloads/proj-api-volume-dump/64b124bd-241c-4cca-b79e-474d40d8de62/workspace/projects/new_project_name_229571/ai_new_project_name_229571.json,None is not of type 'string'
/home/hemduttdabral/Downloads/proj-api-volume-dump/64b124bd-241c-4cca-b79e-474d40d8de62/workspace/projects/new_project_name_229571/ai_new_project_name_229571.json,None is not of type 'array'
/home/hemduttdabral/Downloads/proj-api-volume-dump/64b124bd-241c-4cca-b79e-474d40d8de62/workspace/projects/new_project_name_516336/ai_new_project_name_516336.json,None is not of type 'string'
/home/hemduttdabral/Downloads/proj-api-volume-dump/64b124bd-241c-4cca-b79e-474d40d8de62/workspace/projects/new_project_name_516336/ai_new_project_name_516336.json,None is not of type 'string'
/home/hemduttdabral/Downloads/proj-api-volume-dump/64b124bd-241c-4cca-b79e-474d40d8de62/workspace/projects/new_project_name_516336/ai_new_project_name_516336.json,None is not of type 'array'
/home/hemduttdabral/Downloads/proj-api-volume-dump/64b124bd-241c-4cca-b79e-474d40d8de62/workspace/projects/new_project_name_563331/ai_new_project_name_563331.json,None is not of type 'string'
/home/hemduttdabral/Downloads/proj-api-volume-dump/64b124bd-241c-4cca-b79e-474d40d8de62/workspace/projects/new_project_name_563331/ai_new_project_name_563331.json,None is not of type 'string'
/home/hemduttdabral/Downloads/proj-api-volume-dump/64b124bd-241c-4cca-b79e-474d40d8de62/workspace/projects/new_project_name_563331/ai_new_project_name_563331.json,None is not of type 'array'
/home/hemduttdabral/Downloads/proj-api-volume-dump/64b124bd-241c-4cca-b79e-474d40d8de62/workspace/projects/new_project_name_970140/ai_new_project_name_970140.json,None is not of type 'string'
/home/hemduttdabral/Downloads/proj-api-volume-dump/64b124bd-241c-4cca-b79e-474d40d8de62/workspace/projects/new_project_name_970140/ai_new_project_name_970140.json,None is not of type 'array'
/home/hemduttdabral/Downloads/proj-api-volume-dump/64b124bd-241c-4cca-b79e-474d40d8de62/workspace/projects/new_project_name_467444/ai_new_project_name_467444.json,Invalid JSON syntax
/home/hemduttdabral/Downloads/proj-api-volume-dump/64b124bd-241c-4cca-b79e-474d40d8de62/workspace/projects/new_project_name_954497/ai_new_project_name_954497.json,None is not of type 'string'
/home/hemduttdabral/Downloads/proj-api-volume-dump/64b124bd-241c-4cca-b79e-474d40d8de62/workspace/projects/new_project_name_954497/ai_new_project_name_954497.json,None is not of type 'string'
/home/hemduttdabral/Downloads/proj-api-volume-dump/64b124bd-241c-4cca-b79e-474d40d8de62/workspace/projects/new_project_name_954497/ai_new_project_name_954497.json,None is not of type 'array'
/home/hemduttdabral/Downloads/proj-api-volume-dump/64b124bd-241c-4cca-b79e-474d40d8de62/workspace/projects/test2/ai_test2.json,"{'application': '91b36b5b-fdd5-4e74-ba3c-c724f49337de', 'firmware_update': False} is not valid under any of the given schemas"
/home/hemduttdabral/Downloads/proj-api-volume-dump/64b124bd-241c-4cca-b79e-474d40d8de62/workspace/projects/test2/ai_test2.json,"{'application': '7d04d7e8-1df5-4b2a-9366-88c42e23491d', 'firmware_update': False} is not valid under any of the given schemas"
/home/hemduttdabral/Downloads/proj-api-volume-dump/64b124bd-241c-4cca-b79e-474d40d8de62/workspace/projects/new_project_name_796234/ai_new_project_name_796234.json,Invalid JSON syntax
/home/hemduttdabral/Downloads/proj-api-volume-dump/64b124bd-241c-4cca-b79e-474d40d8de62/workspace/projects/new_project_name_137335/ai_new_project_name_137335.json,None is not of type 'string'
/home/hemduttdabral/Downloads/proj-api-volume-dump/64b124bd-241c-4cca-b79e-474d40d8de62/workspace/projects/new_project_name_137335/ai_new_project_name_137335.json,None is not of type 'array'
/home/hemduttdabral/Downloads/proj-api-volume-dump/64b124bd-241c-4cca-b79e-474d40d8de62/workspace/projects/new_project_name_129156/ai_new_project_name_129156.json,Invalid JSON syntax
/home/hemduttdabral/Downloads/proj-api-volume-dump/64b124bd-241c-4cca-b79e-474d40d8de62/workspace/projects/new_project_name_524936/ai_new_project_name_524936.json,None is not of type 'string'
/home/hemduttdabral/Downloads/proj-api-volume-dump/64b124bd-241c-4cca-b79e-474d40d8de62/workspace/projects/new_project_name_524936/ai_new_project_name_524936.json,None is not of type 'array'
/home/hemduttdabral/Downloads/proj-api-volume-dump/64b124bd-241c-4cca-b79e-474d40d8de62/workspace/projects/new_project_name_693203/ai_new_project_name_693203.json,Invalid JSON syntax
/home/hemduttdabral/Downloads/proj-api-volume-dump/64b124bd-241c-4cca-b79e-474d40d8de62/workspace/projects/new_project_name_426780/ai_new_project_name_426780.json,Invalid JSON syntax
/home/hemduttdabral/Downloads/proj-api-volume-dump/64b124bd-241c-4cca-b79e-474d40d8de62/workspace/projects/new_project_name_579748/ai_new_project_name_579748.json,Invalid JSON syntax
/home/hemduttdabral/Downloads/proj-api-volume-dump/64b124bd-241c-4cca-b79e-474d40d8de62/workspace/projects/new_project_name_629560/ai_new_project_name_629560.json,None is not of type 'string'
/home/hemduttdabral/Downloads/proj-api-volume-dump/64b124bd-241c-4cca-b79e-474d40d8de62/workspace/projects/new_project_name_629560/ai_new_project_name_629560.json,None is not of type 'string'
/home/hemduttdabral/Downloads/proj-api-volume-dump/64b124bd-241c-4cca-b79e-474d40d8de62/workspace/projects/new_project_name_629560/ai_new_project_name_629560.json,None is not of type 'array'
/home/hemduttdabral/Downloads/proj-api-volume-dump/64b124bd-241c-4cca-b79e-474d40d8de62/workspace/projects/new_project_name_563730/ai_new_project_name_563730.json,None is not of type 'string'
/home/hemduttdabral/Downloads/proj-api-volume-dump/64b124bd-241c-4cca-b79e-474d40d8de62/workspace/projects/new_project_name_563730/ai_new_project_name_563730.json,None is not of type 'string'
/home/hemduttdabral/Downloads/proj-api-volume-dump/64b124bd-241c-4cca-b79e-474d40d8de62/workspace/projects/new_project_name_563730/ai_new_project_name_563730.json,None is not of type 'array'
/home/hemduttdabral/Downloads/proj-api-volume-dump/64b124bd-241c-4cca-b79e-474d40d8de62/workspace/projects/new_project_name_976922/ai_new_project_name_976922.json,Invalid JSON syntax
/home/hemduttdabral/Downloads/proj-api-volume-dump/64b124bd-241c-4cca-b79e-474d40d8de62/workspace/projects/new_project_name_279449/ai_new_project_name_279449.json,None is not of type 'string'
/home/hemduttdabral/Downloads/proj-api-volume-dump/64b124bd-241c-4cca-b79e-474d40d8de62/workspace/projects/new_project_name_279449/ai_new_project_name_279449.json,None is not of type 'array'
/home/hemduttdabral/Downloads/proj-api-volume-dump/64b124bd-241c-4cca-b79e-474d40d8de62/workspace/projects/new_project_name_461495/ai_new_project_name_461495.json,Invalid JSON syntax
/home/hemduttdabral/Downloads/proj-api-volume-dump/64b124bd-241c-4cca-b79e-474d40d8de62/workspace/projects/new_project_name_254620/ai_new_project_name_254620.json,None is not of type 'string'
/home/hemduttdabral/Downloads/proj-api-volume-dump/64b124bd-241c-4cca-b79e-474d40d8de62/workspace/projects/new_project_name_254620/ai_new_project_name_254620.json,None is not of type 'array'
/home/hemduttdabral/Downloads/proj-api-volume-dump/64b124bd-241c-4cca-b79e-474d40d8de62/workspace/projects/new_project_name_735852/ai_new_project_name_735852.json,Invalid JSON syntax
/home/hemduttdabral/Downloads/proj-api-volume-dump/64b124bd-241c-4cca-b79e-474d40d8de62/workspace/projects/new_project_name_618154/ai_new_project_name_618154.json,Invalid JSON syntax
/home/hemduttdabral/Downloads/proj-api-volume-dump/64b124bd-241c-4cca-b79e-474d40d8de62/workspace/projects/new_project_name_410562/ai_new_project_name_410562.json,Invalid JSON syntax
/home/hemduttdabral/Downloads/proj-api-volume-dump/64b124bd-241c-4cca-b79e-474d40d8de62/workspace/projects/new_project_name_291816/ai_new_project_name_291816.json,Invalid JSON syntax
/home/hemduttdabral/Downloads/proj-api-volume-dump/64b124bd-241c-4cca-b79e-474d40d8de62/workspace/projects/new_project_name_718409/ai_new_project_name_718409.json,None is not of type 'string'
/home/hemduttdabral/Downloads/proj-api-volume-dump/64b124bd-241c-4cca-b79e-474d40d8de62/workspace/projects/new_project_name_718409/ai_new_project_name_718409.json,None is not of type 'array'
/home/hemduttdabral/Downloads/proj-api-volume-dump/64b124bd-241c-4cca-b79e-474d40d8de62/workspace/projects/new_project_name_991651/ai_new_project_name_991651.json,None is not of type 'string'
/home/hemduttdabral/Downloads/proj-api-volume-dump/64b124bd-241c-4cca-b79e-474d40d8de62/workspace/projects/new_project_name_991651/ai_new_project_name_991651.json,None is not of type 'string'
/home/hemduttdabral/Downloads/proj-api-volume-dump/64b124bd-241c-4cca-b79e-474d40d8de62/workspace/projects/new_project_name_991651/ai_new_project_name_991651.json,None is not of type 'array'
/home/hemduttdabral/Downloads/proj-api-volume-dump/64b124bd-241c-4cca-b79e-474d40d8de62/workspace/projects/new_project_name_724138/ai_new_project_name_724138.json,None is not of type 'string'
/home/hemduttdabral/Downloads/proj-api-volume-dump/64b124bd-241c-4cca-b79e-474d40d8de62/workspace/projects/new_project_name_724138/ai_new_project_name_724138.json,None is not of type 'array'
/home/hemduttdabral/Downloads/proj-api-volume-dump/64b124bd-241c-4cca-b79e-474d40d8de62/workspace/projects/new_project_name_777691/ai_new_project_name_777691.json,None is not of type 'string'
/home/hemduttdabral/Downloads/proj-api-volume-dump/64b124bd-241c-4cca-b79e-474d40d8de62/workspace/projects/new_project_name_777691/ai_new_project_name_777691.json,None is not of type 'string'
/home/hemduttdabral/Downloads/proj-api-volume-dump/64b124bd-241c-4cca-b79e-474d40d8de62/workspace/projects/new_project_name_777691/ai_new_project_name_777691.json,None is not of type 'array'
/home/hemduttdabral/Downloads/proj-api-volume-dump/64b124bd-241c-4cca-b79e-474d40d8de62/workspace/projects/new_project_name_885268/ai_new_project_name_885268.json,Invalid JSON syntax
/home/hemduttdabral/Downloads/proj-api-volume-dump/64b124bd-241c-4cca-b79e-474d40d8de62/workspace/projects/new_project_name_403076/ai_new_project_name_403076.json,Invalid JSON syntax
/home/hemduttdabral/Downloads/proj-api-volume-dump/64b124bd-241c-4cca-b79e-474d40d8de62/workspace/projects/test_csv/ai_test_csv.json,"{'application': '2dc6ef91-88e5-4b27-aad3-6bf17491e7af', 'firmware_update': False} is not valid under any of the given schemas"
/home/hemduttdabral/Downloads/proj-api-volume-dump/64b124bd-241c-4cca-b79e-474d40d8de62/workspace/projects/new_project_name_563245/ai_new_project_name_563245.json,Invalid JSON syntax
/home/hemduttdabral/Downloads/proj-api-volume-dump/64b124bd-241c-4cca-b79e-474d40d8de62/workspace/projects/new_project_name_843311/ai_new_project_name_843311.json,Invalid JSON syntax
/home/hemduttdabral/Downloads/proj-api-volume-dump/64b124bd-241c-4cca-b79e-474d40d8de62/workspace/projects/new_project_name_850746/ai_new_project_name_850746.json,None is not of type 'string'
/home/hemduttdabral/Downloads/proj-api-volume-dump/64b124bd-241c-4cca-b79e-474d40d8de62/workspace/projects/new_project_name_850746/ai_new_project_name_850746.json,None is not of type 'string'
/home/hemduttdabral/Downloads/proj-api-volume-dump/64b124bd-241c-4cca-b79e-474d40d8de62/workspace/projects/new_project_name_850746/ai_new_project_name_850746.json,None is not of type 'array'
/home/hemduttdabral/Downloads/proj-api-volume-dump/64b124bd-241c-4cca-b79e-474d40d8de62/workspace/projects/new_project_name_356326/ai_new_project_name_356326.json,None is not of type 'string'
/home/hemduttdabral/Downloads/proj-api-volume-dump/64b124bd-241c-4cca-b79e-474d40d8de62/workspace/projects/new_project_name_356326/ai_new_project_name_356326.json,None is not of type 'array'
/home/hemduttdabral/Downloads/proj-api-volume-dump/64b124bd-241c-4cca-b79e-474d40d8de62/workspace/projects/new_project_name_820100/ai_new_project_name_820100.json,Invalid JSON syntax
/home/hemduttdabral/Downloads/proj-api-volume-dump/64b124bd-241c-4cca-b79e-474d40d8de62/workspace/projects/new_project_name_455943/ai_new_project_name_455943.json,Invalid JSON syntax
/home/hemduttdabral/Downloads/proj-api-volume-dump/64b124bd-241c-4cca-b79e-474d40d8de62/workspace/projects/new_project_name_389201/ai_new_project_name_389201.json,None is not of type 'string'
/home/hemduttdabral/Downloads/proj-api-volume-dump/64b124bd-241c-4cca-b79e-474d40d8de62/workspace/projects/new_project_name_389201/ai_new_project_name_389201.json,None is not of type 'string'
/home/hemduttdabral/Downloads/proj-api-volume-dump/64b124bd-241c-4cca-b79e-474d40d8de62/workspace/projects/new_project_name_389201/ai_new_project_name_389201.json,None is not of type 'array'
/home/hemduttdabral/Downloads/proj-api-volume-dump/64b124bd-241c-4cca-b79e-474d40d8de62/workspace/projects/new_project_name_108508/ai_new_project_name_108508.json,None is not of type 'string'
/home/hemduttdabral/Downloads/proj-api-volume-dump/64b124bd-241c-4cca-b79e-474d40d8de62/workspace/projects/new_project_name_108508/ai_new_project_name_108508.json,None is not of type 'array'
/home/hemduttdabral/Downloads/proj-api-volume-dump/64b124bd-241c-4cca-b79e-474d40d8de62/workspace/projects/new_project_name_497220/ai_new_project_name_497220.json,None is not of type 'string'
/home/hemduttdabral/Downloads/proj-api-volume-dump/64b124bd-241c-4cca-b79e-474d40d8de62/workspace/projects/new_project_name_497220/ai_new_project_name_497220.json,None is not of type 'array'
/home/hemduttdabral/Downloads/proj-api-volume-dump/64b124bd-241c-4cca-b79e-474d40d8de62/workspace/projects/new_project_name_738851/ai_new_project_name_738851.json,None is not of type 'string'
/home/hemduttdabral/Downloads/proj-api-volume-dump/64b124bd-241c-4cca-b79e-474d40d8de62/workspace/projects/new_project_name_738851/ai_new_project_name_738851.json,None is not of type 'array'
/home/hemduttdabral/Downloads/proj-api-volume-dump/64b124bd-241c-4cca-b79e-474d40d8de62/workspace/projects/new_project_name_640758/ai_new_project_name_640758.json,Invalid JSON syntax
/home/hemduttdabral/Downloads/proj-api-volume-dump/64b124bd-241c-4cca-b79e-474d40d8de62/workspace/projects/new_project_name_886766/ai_new_project_name_886766.json,None is not of type 'string'
/home/hemduttdabral/Downloads/proj-api-volume-dump/64b124bd-241c-4cca-b79e-474d40d8de62/workspace/projects/new_project_name_886766/ai_new_project_name_886766.json,None is not of type 'array'
/home/hemduttdabral/Downloads/proj-api-volume-dump/64b124bd-241c-4cca-b79e-474d40d8de62/workspace/projects/new_project_name_897697/ai_new_project_name_897697.json,None is not of type 'string'
/home/hemduttdabral/Downloads/proj-api-volume-dump/64b124bd-241c-4cca-b79e-474d40d8de62/workspace/projects/new_project_name_897697/ai_new_project_name_897697.json,None is not of type 'array'
/home/hemduttdabral/Downloads/proj-api-volume-dump/64b124bd-241c-4cca-b79e-474d40d8de62/workspace/projects/new_project_name_616587/ai_new_project_name_616587.json,None is not of type 'string'
/home/hemduttdabral/Downloads/proj-api-volume-dump/64b124bd-241c-4cca-b79e-474d40d8de62/workspace/projects/new_project_name_616587/ai_new_project_name_616587.json,None is not of type 'array'
/home/hemduttdabral/Downloads/proj-api-volume-dump/64b124bd-241c-4cca-b79e-474d40d8de62/workspace/projects/new_project_name_635882/ai_new_project_name_635882.json,None is not of type 'string'
/home/hemduttdabral/Downloads/proj-api-volume-dump/64b124bd-241c-4cca-b79e-474d40d8de62/workspace/projects/new_project_name_635882/ai_new_project_name_635882.json,None is not of type 'array'
/home/hemduttdabral/Downloads/proj-api-volume-dump/64b124bd-241c-4cca-b79e-474d40d8de62/workspace/projects/new_project_name_839699/ai_new_project_name_839699.json,Invalid JSON syntax
/home/hemduttdabral/Downloads/proj-api-volume-dump/64b124bd-241c-4cca-b79e-474d40d8de62/workspace/projects/new_project_name_791976/ai_new_project_name_791976.json,None is not of type 'string'
/home/hemduttdabral/Downloads/proj-api-volume-dump/64b124bd-241c-4cca-b79e-474d40d8de62/workspace/projects/new_project_name_791976/ai_new_project_name_791976.json,None is not of type 'array'
/home/hemduttdabral/Downloads/proj-api-volume-dump/64b124bd-241c-4cca-b79e-474d40d8de62/workspace/projects/new_project_name_908062/ai_new_project_name_908062.json,None is not of type 'string'
/home/hemduttdabral/Downloads/proj-api-volume-dump/64b124bd-241c-4cca-b79e-474d40d8de62/workspace/projects/new_project_name_908062/ai_new_project_name_908062.json,None is not of type 'string'
/home/hemduttdabral/Downloads/proj-api-volume-dump/64b124bd-241c-4cca-b79e-474d40d8de62/workspace/projects/new_project_name_908062/ai_new_project_name_908062.json,None is not of type 'array'
/home/hemduttdabral/Downloads/proj-api-volume-dump/64b124bd-241c-4cca-b79e-474d40d8de62/workspace/projects/new_project_name_479664/ai_new_project_name_479664.json,Invalid JSON syntax
/home/hemduttdabral/Downloads/proj-api-volume-dump/64b124bd-241c-4cca-b79e-474d40d8de62/workspace/projects/new_project_name_776655/ai_new_project_name_776655.json,Invalid JSON syntax
/home/hemduttdabral/Downloads/proj-api-volume-dump/64b124bd-241c-4cca-b79e-474d40d8de62/workspace/projects/new_project_name_772459/ai_new_project_name_772459.json,None is not of type 'string'
/home/hemduttdabral/Downloads/proj-api-volume-dump/64b124bd-241c-4cca-b79e-474d40d8de62/workspace/projects/new_project_name_772459/ai_new_project_name_772459.json,None is not of type 'string'
/home/hemduttdabral/Downloads/proj-api-volume-dump/64b124bd-241c-4cca-b79e-474d40d8de62/workspace/projects/new_project_name_772459/ai_new_project_name_772459.json,None is not of type 'array'
/home/hemduttdabral/Downloads/proj-api-volume-dump/64b124bd-241c-4cca-b79e-474d40d8de62/workspace/projects/new_project_name_196739/ai_new_project_name_196739.json,None is not of type 'string'
/home/hemduttdabral/Downloads/proj-api-volume-dump/64b124bd-241c-4cca-b79e-474d40d8de62/workspace/projects/new_project_name_196739/ai_new_project_name_196739.json,None is not of type 'array'
/home/hemduttdabral/Downloads/proj-api-volume-dump/64b124bd-241c-4cca-b79e-474d40d8de62/workspace/projects/new_project_name_818365/ai_new_project_name_818365.json,None is not of type 'string'
/home/hemduttdabral/Downloads/proj-api-volume-dump/64b124bd-241c-4cca-b79e-474d40d8de62/workspace/projects/new_project_name_818365/ai_new_project_name_818365.json,None is not of type 'array'
/home/hemduttdabral/Downloads/proj-api-volume-dump/64b124bd-241c-4cca-b79e-474d40d8de62/workspace/projects/new_project_name_257632/ai_new_project_name_257632.json,Invalid JSON syntax
/home/hemduttdabral/Downloads/proj-api-volume-dump/64b124bd-241c-4cca-b79e-474d40d8de62/workspace/projects/new_project_name_582670/ai_new_project_name_582670.json,None is not of type 'string'
/home/hemduttdabral/Downloads/proj-api-volume-dump/64b124bd-241c-4cca-b79e-474d40d8de62/workspace/projects/new_project_name_582670/ai_new_project_name_582670.json,None is not of type 'array'
/home/hemduttdabral/Downloads/proj-api-volume-dump/64b124bd-241c-4cca-b79e-474d40d8de62/workspace/projects/new_project_name_905124/ai_new_project_name_905124.json,Invalid JSON syntax
/home/hemduttdabral/Downloads/proj-api-volume-dump/64b124bd-241c-4cca-b79e-474d40d8de62/workspace/projects/testtt/ai_testtt.json,"{'application': '2e74377f-b5e4-463a-839b-b7e615fd5b5b', 'firmware_update': False} is not valid under any of the given schemas"
/home/hemduttdabral/Downloads/proj-api-volume-dump/64b124bd-241c-4cca-b79e-474d40d8de62/workspace/projects/testtt/ai_testtt.json,"{'application': '8d8088e2-d249-4e46-a5d5-b34637e1d663', 'firmware_update': False} is not valid under any of the given schemas"
/home/hemduttdabral/Downloads/proj-api-volume-dump/64b124bd-241c-4cca-b79e-474d40d8de62/workspace/projects/new_project_name_309802/ai_new_project_name_309802.json,Invalid JSON syntax
/home/hemduttdabral/Downloads/proj-api-volume-dump/64b124bd-241c-4cca-b79e-474d40d8de62/workspace/projects/new_project_name_417949/ai_new_project_name_417949.json,None is not of type 'string'
/home/hemduttdabral/Downloads/proj-api-volume-dump/64b124bd-241c-4cca-b79e-474d40d8de62/workspace/projects/new_project_name_417949/ai_new_project_name_417949.json,None is not of type 'string'
/home/hemduttdabral/Downloads/proj-api-volume-dump/64b124bd-241c-4cca-b79e-474d40d8de62/workspace/projects/new_project_name_417949/ai_new_project_name_417949.json,None is not of type 'array'
/home/hemduttdabral/Downloads/proj-api-volume-dump/64b124bd-241c-4cca-b79e-474d40d8de62/workspace/projects/new_project_name_233186/ai_new_project_name_233186.json,Invalid JSON syntax
/home/hemduttdabral/Downloads/proj-api-volume-dump/64b124bd-241c-4cca-b79e-474d40d8de62/workspace/projects/new_project_name_140428/ai_new_project_name_140428.json,None is not of type 'string'
/home/hemduttdabral/Downloads/proj-api-volume-dump/64b124bd-241c-4cca-b79e-474d40d8de62/workspace/projects/new_project_name_140428/ai_new_project_name_140428.json,None is not of type 'string'
/home/hemduttdabral/Downloads/proj-api-volume-dump/64b124bd-241c-4cca-b79e-474d40d8de62/workspace/projects/new_project_name_140428/ai_new_project_name_140428.json,None is not of type 'array'
/home/hemduttdabral/Downloads/proj-api-volume-dump/64b124bd-241c-4cca-b79e-474d40d8de62/workspace/projects/new_project_name_315163/ai_new_project_name_315163.json,None is not of type 'string'
/home/hemduttdabral/Downloads/proj-api-volume-dump/64b124bd-241c-4cca-b79e-474d40d8de62/workspace/projects/new_project_name_315163/ai_new_project_name_315163.json,None is not of type 'array'
/home/hemduttdabral/Downloads/proj-api-volume-dump/64b124bd-241c-4cca-b79e-474d40d8de62/workspace/projects/new_project_name_778374/ai_new_project_name_778374.json,None is not of type 'string'
/home/hemduttdabral/Downloads/proj-api-volume-dump/64b124bd-241c-4cca-b79e-474d40d8de62/workspace/projects/new_project_name_778374/ai_new_project_name_778374.json,None is not of type 'array'
/home/hemduttdabral/Downloads/proj-api-volume-dump/64b124bd-241c-4cca-b79e-474d40d8de62/workspace/projects/new_project_name_616736/ai_new_project_name_616736.json,None is not of type 'string'
/home/hemduttdabral/Downloads/proj-api-volume-dump/64b124bd-241c-4cca-b79e-474d40d8de62/workspace/projects/new_project_name_616736/ai_new_project_name_616736.json,None is not of type 'array'
/home/hemduttdabral/Downloads/proj-api-volume-dump/64b124bd-241c-4cca-b79e-474d40d8de62/workspace/projects/new_project_name_133077/ai_new_project_name_133077.json,None is not of type 'string'
/home/hemduttdabral/Downloads/proj-api-volume-dump/64b124bd-241c-4cca-b79e-474d40d8de62/workspace/projects/new_project_name_133077/ai_new_project_name_133077.json,None is not of type 'string'
/home/hemduttdabral/Downloads/proj-api-volume-dump/64b124bd-241c-4cca-b79e-474d40d8de62/workspace/projects/new_project_name_133077/ai_new_project_name_133077.json,None is not of type 'array'
/home/hemduttdabral/Downloads/proj-api-volume-dump/64b124bd-241c-4cca-b79e-474d40d8de62/workspace/projects/new_project_name_870094/ai_new_project_name_870094.json,None is not of type 'string'
/home/hemduttdabral/Downloads/proj-api-volume-dump/64b124bd-241c-4cca-b79e-474d40d8de62/workspace/projects/new_project_name_870094/ai_new_project_name_870094.json,None is not of type 'array'
/home/hemduttdabral/Downloads/proj-api-volume-dump/64b124bd-241c-4cca-b79e-474d40d8de62/workspace/projects/new_project_name_418520/ai_new_project_name_418520.json,None is not of type 'string'
/home/hemduttdabral/Downloads/proj-api-volume-dump/64b124bd-241c-4cca-b79e-474d40d8de62/workspace/projects/new_project_name_418520/ai_new_project_name_418520.json,None is not of type 'array'
/home/hemduttdabral/Downloads/proj-api-volume-dump/64b124bd-241c-4cca-b79e-474d40d8de62/workspace/projects/new_project_name_754766/ai_new_project_name_754766.json,None is not of type 'string'
/home/hemduttdabral/Downloads/proj-api-volume-dump/64b124bd-241c-4cca-b79e-474d40d8de62/workspace/projects/new_project_name_754766/ai_new_project_name_754766.json,None is not of type 'array'
/home/hemduttdabral/Downloads/proj-api-volume-dump/64b124bd-241c-4cca-b79e-474d40d8de62/workspace/projects/new_project_name_240019/ai_new_project_name_240019.json,Invalid JSON syntax
/home/hemduttdabral/Downloads/proj-api-volume-dump/64b124bd-241c-4cca-b79e-474d40d8de62/workspace/projects/new_project_name_643960/ai_new_project_name_643960.json,Invalid JSON syntax
/home/hemduttdabral/Downloads/proj-api-volume-dump/64b124bd-241c-4cca-b79e-474d40d8de62/workspace/projects/new_project_name_840470/ai_new_project_name_840470.json,None is not of type 'string'
/home/hemduttdabral/Downloads/proj-api-volume-dump/64b124bd-241c-4cca-b79e-474d40d8de62/workspace/projects/new_project_name_840470/ai_new_project_name_840470.json,None is not of type 'array'
/home/hemduttdabral/Downloads/proj-api-volume-dump/64b124bd-241c-4cca-b79e-474d40d8de62/workspace/projects/new_project_name_811619/ai_new_project_name_811619.json,Invalid JSON syntax
/home/hemduttdabral/Downloads/proj-api-volume-dump/64b124bd-241c-4cca-b79e-474d40d8de62/workspace/projects/new_project_name_944590/ai_new_project_name_944590.json,None is not of type 'string'
/home/hemduttdabral/Downloads/proj-api-volume-dump/64b124bd-241c-4cca-b79e-474d40d8de62/workspace/projects/new_project_name_944590/ai_new_project_name_944590.json,None is not of type 'array'
/home/hemduttdabral/Downloads/proj-api-volume-dump/64b124bd-241c-4cca-b79e-474d40d8de62/workspace/projects/new_project_name_531538/ai_new_project_name_531538.json,None is not of type 'string'
/home/hemduttdabral/Downloads/proj-api-volume-dump/64b124bd-241c-4cca-b79e-474d40d8de62/workspace/projects/new_project_name_531538/ai_new_project_name_531538.json,None is not of type 'array'
/home/hemduttdabral/Downloads/proj-api-volume-dump/64b124bd-241c-4cca-b79e-474d40d8de62/workspace/projects/new_project_name_295117/ai_new_project_name_295117.json,None is not of type 'string'
/home/hemduttdabral/Downloads/proj-api-volume-dump/64b124bd-241c-4cca-b79e-474d40d8de62/workspace/projects/new_project_name_295117/ai_new_project_name_295117.json,None is not of type 'string'
/home/hemduttdabral/Downloads/proj-api-volume-dump/64b124bd-241c-4cca-b79e-474d40d8de62/workspace/projects/new_project_name_295117/ai_new_project_name_295117.json,None is not of type 'array'
/home/hemduttdabral/Downloads/proj-api-volume-dump/64b124bd-241c-4cca-b79e-474d40d8de62/workspace/projects/new_project_name_453107/ai_new_project_name_453107.json,None is not of type 'string'
/home/hemduttdabral/Downloads/proj-api-volume-dump/64b124bd-241c-4cca-b79e-474d40d8de62/workspace/projects/new_project_name_453107/ai_new_project_name_453107.json,None is not of type 'array'
/home/hemduttdabral/Downloads/proj-api-volume-dump/64b124bd-241c-4cca-b79e-474d40d8de62/workspace/projects/new_project_name_192686/ai_new_project_name_192686.json,None is not of type 'string'
/home/hemduttdabral/Downloads/proj-api-volume-dump/64b124bd-241c-4cca-b79e-474d40d8de62/workspace/projects/new_project_name_192686/ai_new_project_name_192686.json,None is not of type 'string'
/home/hemduttdabral/Downloads/proj-api-volume-dump/64b124bd-241c-4cca-b79e-474d40d8de62/workspace/projects/new_project_name_192686/ai_new_project_name_192686.json,None is not of type 'array'
/home/hemduttdabral/Downloads/proj-api-volume-dump/64b124bd-241c-4cca-b79e-474d40d8de62/workspace/projects/new_project_name_311115/ai_new_project_name_311115.json,Invalid JSON syntax
/home/hemduttdabral/Downloads/proj-api-volume-dump/64b124bd-241c-4cca-b79e-474d40d8de62/workspace/projects/new_project_name_452018/ai_new_project_name_452018.json,None is not of type 'string'
/home/hemduttdabral/Downloads/proj-api-volume-dump/64b124bd-241c-4cca-b79e-474d40d8de62/workspace/projects/new_project_name_452018/ai_new_project_name_452018.json,None is not of type 'string'
/home/hemduttdabral/Downloads/proj-api-volume-dump/64b124bd-241c-4cca-b79e-474d40d8de62/workspace/projects/new_project_name_452018/ai_new_project_name_452018.json,None is not of type 'array'
/home/hemduttdabral/Downloads/proj-api-volume-dump/64b124bd-241c-4cca-b79e-474d40d8de62/workspace/projects/new_project_name_831610/ai_new_project_name_831610.json,Invalid JSON syntax
/home/hemduttdabral/Downloads/proj-api-volume-dump/64b124bd-241c-4cca-b79e-474d40d8de62/workspace/projects/new_project_name_244386/ai_new_project_name_244386.json,Invalid JSON syntax
/home/hemduttdabral/Downloads/proj-api-volume-dump/64b124bd-241c-4cca-b79e-474d40d8de62/workspace/projects/new_project_name_807358/ai_new_project_name_807358.json,Invalid JSON syntax
/home/hemduttdabral/Downloads/proj-api-volume-dump/64b124bd-241c-4cca-b79e-474d40d8de62/workspace/projects/new_project_name_989934/ai_new_project_name_989934.json,Invalid JSON syntax
/home/hemduttdabral/Downloads/proj-api-volume-dump/64b124bd-241c-4cca-b79e-474d40d8de62/workspace/projects/new_project_name_980625/ai_new_project_name_980625.json,Invalid JSON syntax
/home/hemduttdabral/Downloads/proj-api-volume-dump/64b124bd-241c-4cca-b79e-474d40d8de62/workspace/projects/new_project_name_391218/ai_new_project_name_391218.json,None is not of type 'string'
/home/hemduttdabral/Downloads/proj-api-volume-dump/64b124bd-241c-4cca-b79e-474d40d8de62/workspace/projects/new_project_name_391218/ai_new_project_name_391218.json,None is not of type 'array'
/home/hemduttdabral/Downloads/proj-api-volume-dump/64b124bd-241c-4cca-b79e-474d40d8de62/workspace/projects/new_project_name_856231/ai_new_project_name_856231.json,Invalid JSON syntax
/home/hemduttdabral/Downloads/proj-api-volume-dump/64b124bd-241c-4cca-b79e-474d40d8de62/workspace/projects/new_project_name_182365/ai_new_project_name_182365.json,None is not of type 'string'
/home/hemduttdabral/Downloads/proj-api-volume-dump/64b124bd-241c-4cca-b79e-474d40d8de62/workspace/projects/new_project_name_182365/ai_new_project_name_182365.json,None is not of type 'string'
/home/hemduttdabral/Downloads/proj-api-volume-dump/64b124bd-241c-4cca-b79e-474d40d8de62/workspace/projects/new_project_name_182365/ai_new_project_name_182365.json,None is not of type 'array'
/home/hemduttdabral/Downloads/proj-api-volume-dump/64b124bd-241c-4cca-b79e-474d40d8de62/workspace/projects/new_project_name_162322/ai_new_project_name_162322.json,Invalid JSON syntax
/home/hemduttdabral/Downloads/proj-api-volume-dump/64b124bd-241c-4cca-b79e-474d40d8de62/workspace/projects/new_project_name_209902/ai_new_project_name_209902.json,None is not of type 'string'
/home/hemduttdabral/Downloads/proj-api-volume-dump/64b124bd-241c-4cca-b79e-474d40d8de62/workspace/projects/new_project_name_209902/ai_new_project_name_209902.json,None is not of type 'array'
/home/hemduttdabral/Downloads/proj-api-volume-dump/64b124bd-241c-4cca-b79e-474d40d8de62/workspace/projects/new_project_name_945184/ai_new_project_name_945184.json,None is not of type 'string'
/home/hemduttdabral/Downloads/proj-api-volume-dump/64b124bd-241c-4cca-b79e-474d40d8de62/workspace/projects/new_project_name_945184/ai_new_project_name_945184.json,None is not of type 'array'
/home/hemduttdabral/Downloads/proj-api-volume-dump/64b124bd-241c-4cca-b79e-474d40d8de62/workspace/projects/new_project_name_722825/ai_new_project_name_722825.json,Invalid JSON syntax
/home/hemduttdabral/Downloads/proj-api-volume-dump/64b124bd-241c-4cca-b79e-474d40d8de62/workspace/projects/new_project_name_536428/ai_new_project_name_536428.json,Invalid JSON syntax
/home/hemduttdabral/Downloads/proj-api-volume-dump/64b124bd-241c-4cca-b79e-474d40d8de62/workspace/projects/new_project_name_182571/ai_new_project_name_182571.json,None is not of type 'string'
/home/hemduttdabral/Downloads/proj-api-volume-dump/64b124bd-241c-4cca-b79e-474d40d8de62/workspace/projects/new_project_name_182571/ai_new_project_name_182571.json,None is not of type 'array'
/home/hemduttdabral/Downloads/proj-api-volume-dump/64b124bd-241c-4cca-b79e-474d40d8de62/workspace/projects/new_project_name_465476/ai_new_project_name_465476.json,Invalid JSON syntax
/home/hemduttdabral/Downloads/proj-api-volume-dump/64b124bd-241c-4cca-b79e-474d40d8de62/workspace/projects/new_project_name_337120/ai_new_project_name_337120.json,Invalid JSON syntax
/home/hemduttdabral/Downloads/proj-api-volume-dump/64b124bd-241c-4cca-b79e-474d40d8de62/workspace/projects/new_project_name_168123/ai_new_project_name_168123.json,Invalid JSON syntax
/home/hemduttdabral/Downloads/proj-api-volume-dump/64b124bd-241c-4cca-b79e-474d40d8de62/workspace/projects/new_project_name_953198/ai_new_project_name_953198.json,None is not of type 'string'
/home/hemduttdabral/Downloads/proj-api-volume-dump/64b124bd-241c-4cca-b79e-474d40d8de62/workspace/projects/new_project_name_953198/ai_new_project_name_953198.json,None is not of type 'string'
/home/hemduttdabral/Downloads/proj-api-volume-dump/64b124bd-241c-4cca-b79e-474d40d8de62/workspace/projects/new_project_name_953198/ai_new_project_name_953198.json,None is not of type 'array'
/home/hemduttdabral/Downloads/proj-api-volume-dump/64b124bd-241c-4cca-b79e-474d40d8de62/workspace/projects/new_project_name_661884/ai_new_project_name_661884.json,Invalid JSON syntax
/home/hemduttdabral/Downloads/proj-api-volume-dump/64b124bd-241c-4cca-b79e-474d40d8de62/workspace/projects/new_project_name_812671/ai_new_project_name_812671.json,None is not of type 'string'
/home/hemduttdabral/Downloads/proj-api-volume-dump/64b124bd-241c-4cca-b79e-474d40d8de62/workspace/projects/new_project_name_812671/ai_new_project_name_812671.json,None is not of type 'array'
/home/hemduttdabral/Downloads/proj-api-volume-dump/64b124bd-241c-4cca-b79e-474d40d8de62/workspace/projects/new_project_name_889593/ai_new_project_name_889593.json,Invalid JSON syntax
/home/hemduttdabral/Downloads/proj-api-volume-dump/64b124bd-241c-4cca-b79e-474d40d8de62/workspace/projects/new_project_name_237070/ai_new_project_name_237070.json,None is not of type 'string'
/home/hemduttdabral/Downloads/proj-api-volume-dump/64b124bd-241c-4cca-b79e-474d40d8de62/workspace/projects/new_project_name_237070/ai_new_project_name_237070.json,None is not of type 'array'
/home/hemduttdabral/Downloads/proj-api-volume-dump/64b124bd-241c-4cca-b79e-474d40d8de62/workspace/projects/new_project_name_855440/ai_new_project_name_855440.json,Invalid JSON syntax
/home/hemduttdabral/Downloads/proj-api-volume-dump/64b124bd-241c-4cca-b79e-474d40d8de62/workspace/projects/Project_name_456476/ai_Project_name_456476.json,"{'application': '8a8c7bad-df2c-481f-a23b-7b5750d69f81', 'firmware_update': False} is not valid under any of the given schemas"
/home/hemduttdabral/Downloads/proj-api-volume-dump/64b124bd-241c-4cca-b79e-474d40d8de62/workspace/projects/new_project_name_155960/ai_new_project_name_155960.json,None is not of type 'string'
/home/hemduttdabral/Downloads/proj-api-volume-dump/64b124bd-241c-4cca-b79e-474d40d8de62/workspace/projects/new_project_name_155960/ai_new_project_name_155960.json,None is not of type 'array'
/home/hemduttdabral/Downloads/proj-api-volume-dump/64b124bd-241c-4cca-b79e-474d40d8de62/workspace/projects/new_project_name_678870/ai_new_project_name_678870.json,None is not of type 'string'
/home/hemduttdabral/Downloads/proj-api-volume-dump/64b124bd-241c-4cca-b79e-474d40d8de62/workspace/projects/new_project_name_678870/ai_new_project_name_678870.json,None is not of type 'array'
/home/hemduttdabral/Downloads/proj-api-volume-dump/64b124bd-241c-4cca-b79e-474d40d8de62/workspace/projects/new_project_name_193715/ai_new_project_name_193715.json,Invalid JSON syntax
/home/hemduttdabral/Downloads/proj-api-volume-dump/64b124bd-241c-4cca-b79e-474d40d8de62/workspace/projects/new_project_name_276210/ai_new_project_name_276210.json,Invalid JSON syntax
/home/hemduttdabral/Downloads/proj-api-volume-dump/64b124bd-241c-4cca-b79e-474d40d8de62/workspace/projects/new_project_name_890444/ai_new_project_name_890444.json,Invalid JSON syntax
/home/hemduttdabral/Downloads/proj-api-volume-dump/64b124bd-241c-4cca-b79e-474d40d8de62/workspace/projects/new_project_name_911404/ai_new_project_name_911404.json,Invalid JSON syntax
/home/hemduttdabral/Downloads/proj-api-volume-dump/64b124bd-241c-4cca-b79e-474d40d8de62/workspace/projects/new_project_name_414335/ai_new_project_name_414335.json,Invalid JSON syntax
/home/hemduttdabral/Downloads/proj-api-volume-dump/64b124bd-241c-4cca-b79e-474d40d8de62/workspace/projects/new_project_name_157291/ai_new_project_name_157291.json,Invalid JSON syntax
/home/hemduttdabral/Downloads/proj-api-volume-dump/64b124bd-241c-4cca-b79e-474d40d8de62/workspace/projects/new_project_name_250504/ai_new_project_name_250504.json,Invalid JSON syntax
/home/hemduttdabral/Downloads/proj-api-volume-dump/64b124bd-241c-4cca-b79e-474d40d8de62/workspace/projects/new_project_name_762885/ai_new_project_name_762885.json,Invalid JSON syntax
/home/hemduttdabral/Downloads/proj-api-volume-dump/1c0afe7a-2c3a-4f5e-8820-56ed2186ad03/workspace/projects/Project_name_487050/ai_Project_name_487050.json,"{'application': '1aa0320c-1da4-47ee-90bf-b6ea1b9b9f98', 'firmware_update': False} is not valid under any of the given schemas"
/home/hemduttdabral/Downloads/proj-api-volume-dump/1c0afe7a-2c3a-4f5e-8820-56ed2186ad03/workspace/projects/Project_name_481370/ai_Project_name_481370.json,"{'application': 'fe73268e-d943-48a6-b392-57a08c241fd4', 'firmware_update': False} is not valid under any of the given schemas"
/home/hemduttdabral/Downloads/proj-api-volume-dump/1c0afe7a-2c3a-4f5e-8820-56ed2186ad03/workspace/projects/Project_name_677814/ai_Project_name_677814.json,"{'application': 'e05fbefa-7b42-4b09-a59a-23bb347b6b12', 'firmware_update': False} is not valid under any of the given schemas"
/home/hemduttdabral/Downloads/proj-api-volume-dump/1c0afe7a-2c3a-4f5e-8820-56ed2186ad03/workspace/projects/Project_name_668549/ai_Project_name_668549.json,"{'application': '8d9cd40e-5698-4c5c-bcab-2608a6987811', 'firmware_update': False} is not valid under any of the given schemas"
/home/hemduttdabral/Downloads/proj-api-volume-dump/f20dcf45-1699-41a2-a94d-0b63aa059bec/workspace/projects/Project_name_797131/ai_Project_name_797131.json,"{'application': 'ea956ee5-0ebd-4bfb-8fe7-a71dbbbadde5', 'firmware_update': False} is not valid under any of the given schemas"
/home/hemduttdabral/Downloads/proj-api-volume-dump/22e766fe-88b4-413c-a0ec-f87f14d00483/workspace/projects/Project_name_688553/ai_Project_name_688553.json,"{'application': 'bcc908be-902e-4b31-a0a7-5bcb656871e4', 'firmware_update': False} is not valid under any of the given schemas"
/home/hemduttdabral/Downloads/proj-api-volume-dump/22e766fe-88b4-413c-a0ec-f87f14d00483/workspace/projects/Project_name_910422/ai_Project_name_910422.json,"{'application': '1c941bbf-5a50-4b4d-8b42-3cd65179e6d9', 'firmware_update': False} is not valid under any of the given schemas"
/home/hemduttdabral/Downloads/proj-api-volume-dump/287bcd84-54cd-4a2d-9d2d-109af71be563/workspace/projects/Project_name_312259/ai_Project_name_312259.json,"{'application': '390ba255-94e9-4bc8-9172-40b1808f818d', 'firmware_update': False} is not valid under any of the given schemas"
/home/hemduttdabral/Downloads/proj-api-volume-dump/287bcd84-54cd-4a2d-9d2d-109af71be563/workspace/projects/Project_name_865994/ai_Project_name_865994.json,"{'application': '1e7c5451-93f5-44b5-b046-a00ed4cd3125', 'firmware_update': False} is not valid under any of the given schemas"
/home/hemduttdabral/Downloads/proj-api-volume-dump/2c8f91d0-4bee-4e93-8e4a-0e47b31ed595/workspace/projects/Project_name_16848/ai_Project_name_16848.json,"{'application': '1b8eb569-099a-4789-b2d5-7c0e44ca74fa', 'firmware_update': False} is not valid under any of the given schemas"
/home/hemduttdabral/Downloads/proj-api-volume-dump/fv7er6m9prcy7emqeb531xwj10/workspace/projects/prjModelAndDataset/ai_prjModelAndDataset.json,None is not of type 'string'
/home/hemduttdabral/Downloads/proj-api-volume-dump/fv7er6m9prcy7emqeb531xwj10/workspace/projects/prjModelAndDataset/ai_prjModelAndDataset.json,None is not of type 'string'
/home/hemduttdabral/Downloads/proj-api-volume-dump/fv7er6m9prcy7emqeb531xwj10/workspace/projects/prj1_hd_6june2026/ai_prj1_hd_6june2026.json,None is not of type 'string'
/home/hemduttdabral/Downloads/proj-api-volume-dump/fv7er6m9prcy7emqeb531xwj10/workspace/projects/prj1_hd_6june2026/ai_prj1_hd_6june2026.json,None is not of type 'string'
/home/hemduttdabral/Downloads/proj-api-volume-dump/fv7er6m9prcy7emqeb531xwj10/workspace/projects/prj1_hd_6june2026/ai_prj1_hd_6june2026.json,None is not of type 'string'
/home/hemduttdabral/Downloads/proj-api-volume-dump/fv7er6m9prcy7emqeb531xwj10/workspace/projects/prj1_hd_6june2026/ai_prj1_hd_6june2026.json,None is not of type 'string'
/home/hemduttdabral/Downloads/proj-api-volume-dump/fv7er6m9prcy7emqeb531xwj10/workspace/projects/prjOnly/ai_prjOnly.json,None is not of type 'string'
/home/hemduttdabral/Downloads/proj-api-volume-dump/fv7er6m9prcy7emqeb531xwj10/workspace/projects/prjOnly/ai_prjOnly.json,None is not of type 'string'
/home/hemduttdabral/Downloads/proj-api-volume-dump/fv7er6m9prcy7emqeb531xwj10/workspace/projects/prjAndModel/ai_prjAndModel.json,None is not of type 'string'
/home/hemduttdabral/Downloads/proj-api-volume-dump/fv7er6m9prcy7emqeb531xwj10/workspace/projects/prjAndModel/ai_prjAndModel.json,None is not of type 'string'
/home/hemduttdabral/Downloads/proj-api-volume-dump/fv7er6m9prcy7emqeb531xwj10/workspace/projects/datalog2_31_project/ai_datalog2_31_project.json,None is not of type 'string'
/home/hemduttdabral/Downloads/proj-api-volume-dump/fv7er6m9prcy7emqeb531xwj10/workspace/projects/datalog2_31_project/ai_datalog2_31_project.json,None is not of type 'string'
/home/hemduttdabral/Downloads/proj-api-volume-dump/fv7er6m9prcy7emqeb531xwj10/workspace/projects/datalog2_31_project/ai_datalog2_31_project.json,None is not of type 'string'
/home/hemduttdabral/Downloads/proj-api-volume-dump/fv7er6m9prcy7emqeb531xwj10/workspace/projects/TestPrj/ai_TestPrj.json,None is not of type 'string'
/home/hemduttdabral/Downloads/proj-api-volume-dump/fv7er6m9prcy7emqeb531xwj10/workspace/projects/TestPrj/ai_TestPrj.json,None is not of type 'string'
/home/hemduttdabral/Downloads/proj-api-volume-dump/fv7er6m9prcy7emqeb531xwj10/workspace/projects/shared-test-prj/ai_shared-test-prj.json,None is not of type 'string'
/home/hemduttdabral/Downloads/proj-api-volume-dump/fv7er6m9prcy7emqeb531xwj10/workspace/projects/shared-test-prj/ai_shared-test-prj.json,None is not of type 'string'
/home/hemduttdabral/Downloads/proj-api-volume-dump/fv7er6m9prcy7emqeb531xwj10/workspace/projects/shared-test-prj/ai_shared-test-prj.json,None is not of type 'string'
/home/hemduttdabral/Downloads/proj-api-volume-dump/fv7er6m9prcy7emqeb531xwj10/workspace/projects/test21_clone/ai_test21_clone.json,"{'application': 'e69f34ef-2110-45d9-882a-de7b587f63c0', 'firmware_update': False} is not valid under any of the given schemas"
/home/hemduttdabral/Downloads/proj-api-volume-dump/73dd2f22-6f54-431e-a42c-fca7db9d0eb4/workspace/projects/bbbbbbbbbbb/ai_bbbbbbbbbbb.json,None is not of type 'string'
/home/hemduttdabral/Downloads/proj-api-volume-dump/73dd2f22-6f54-431e-a42c-fca7db9d0eb4/workspace/projects/bbbbbbbbbbb/ai_bbbbbbbbbbb.json,None is not of type 'string'
/home/hemduttdabral/Downloads/proj-api-volume-dump/73dd2f22-6f54-431e-a42c-fca7db9d0eb4/workspace/projects/bbbbbbbbbbb/ai_bbbbbbbbbbb.json,None is not of type 'string'
/home/hemduttdabral/Downloads/proj-api-volume-dump/73dd2f22-6f54-431e-a42c-fca7db9d0eb4/workspace/projects/bbbbbbbbbbb/ai_bbbbbbbbbbb.json,None is not of type 'string'
/home/hemduttdabral/Downloads/proj-api-volume-dump/d6b945b7-e341-425f-9078-bbea33be00ff/workspace/projects/Project_name_413007/ai_Project_name_413007.json,"{'application': '2aa5fb1b-1d8d-4896-a38e-84ad858c6b97', 'firmware_update': False} is not valid under any of the given schemas"
/home/hemduttdabral/Downloads/proj-api-volume-dump/19914b11-9b3f-4528-84a0-42c34a92d6ba/workspace/projects/Project_name_659479/ai_Project_name_659479.json,"{'application': '5c2c3c99-0628-4c4d-9b42-afe94defdcaa', 'firmware_update': False} is not valid under any of the given schemas"
/home/hemduttdabral/Downloads/proj-api-volume-dump/19914b11-9b3f-4528-84a0-42c34a92d6ba/workspace/projects/Project_name_11720/ai_Project_name_11720.json,"{'application': 'dd2f4fed-a489-4ff9-854f-432740c619cb', 'firmware_update': False} is not valid under any of the given schemas"
/home/hemduttdabral/Downloads/proj-api-volume-dump/569aefb2-c200-4676-bb57-4f706966e677/workspace/projects/Project_name_813940/ai_Project_name_813940.json,"{'application': '5db445ab-01bf-4749-9fcd-26e408fb9ff8', 'firmware_update': False} is not valid under any of the given schemas"
/home/hemduttdabral/Downloads/proj-api-volume-dump/569aefb2-c200-4676-bb57-4f706966e677/workspace/projects/Project_name_688902/ai_Project_name_688902.json,"{'application': '24bf7819-f7af-45d4-8eb5-0398882ebd68', 'firmware_update': False} is not valid under any of the given schemas"
/home/hemduttdabral/Downloads/proj-api-volume-dump/b60ad28c-7a57-49c8-a427-5981b41399b2/workspace/projects/Project_name_544994/ai_Project_name_544994.json,"{'application': 'd79cb372-995a-454f-bf92-ed45038ead43', 'firmware_update': False} is not valid under any of the given schemas"
/home/hemduttdabral/Downloads/proj-api-volume-dump/b60ad28c-7a57-49c8-a427-5981b41399b2/workspace/projects/Project_name_748867/ai_Project_name_748867.json,"{'application': 'c8ba0e72-414c-460c-b41a-939d89345aef', 'firmware_update': False} is not valid under any of the given schemas"
/home/hemduttdabral/Downloads/proj-api-volume-dump/0d7520bc-c240-4abe-8126-331251333e6f/workspace/projects/Project_name_376210/ai_Project_name_376210.json,"{'application': '416d0321-f919-454a-b3db-f9f6ab4394cd', 'firmware_update': False} is not valid under any of the given schemas"
/home/hemduttdabral/Downloads/proj-api-volume-dump/0d7520bc-c240-4abe-8126-331251333e6f/workspace/projects/Project_name_608834/ai_Project_name_608834.json,"{'application': 'c68a3025-42c2-440c-8d7d-13f6a26da379', 'firmware_update': False} is not valid under any of the given schemas"
/home/hemduttdabral/Downloads/proj-api-volume-dump/0d7520bc-c240-4abe-8126-331251333e6f/workspace/projects/Project_name_376403/ai_Project_name_376403.json,"{'application': '645836c7-0d6a-428d-bfcd-7fdbbe6cff5c', 'firmware_update': False} is not valid under any of the given schemas"
/home/hemduttdabral/Downloads/proj-api-volume-dump/0d7520bc-c240-4abe-8126-331251333e6f/workspace/projects/Project_name_766530/ai_Project_name_766530.json,"{'application': '34db6588-f4aa-4065-9f0b-63336492b823', 'firmware_update': False} is not valid under any of the given schemas"
/home/hemduttdabral/Downloads/proj-api-volume-dump/0d7520bc-c240-4abe-8126-331251333e6f/workspace/projects/Project_name_834012/ai_Project_name_834012.json,"{'application': '12375991-0a79-4394-8ff9-364c2ff6fdae', 'firmware_update': False} is not valid under any of the given schemas"
/home/hemduttdabral/Downloads/proj-api-volume-dump/8d122eb3-9057-4b46-ad5b-c4145665b68d/workspace/projects/Project_name_37954/ai_Project_name_37954.json,"{'application': 'd16141ae-4627-4e9c-a5a6-7f13180384fa', 'firmware_update': False} is not valid under any of the given schemas"
/home/hemduttdabral/Downloads/proj-api-volume-dump/a9864e1a-eab7-4b2d-8a7b-cbf3af094e6f/workspace/projects/Project_name_590137/ai_Project_name_590137.json,"{'application': 'b11737b5-ac7d-430a-a85d-49c4c3d5c287', 'firmware_update': False} is not valid under any of the given schemas"
/home/hemduttdabral/Downloads/proj-api-volume-dump/a9864e1a-eab7-4b2d-8a7b-cbf3af094e6f/workspace/projects/Project_name_187984/ai_Project_name_187984.json,"{'application': '689acf87-a810-4d91-9598-4db9c85357f0', 'firmware_update': False} is not valid under any of the given schemas"
/home/hemduttdabral/Downloads/proj-api-volume-dump/22508586-6333-48ab-b645-a28bfb453b2f/workspace/shake_test/ai_shake_test.json,None is not of type 'string'
/home/hemduttdabral/Downloads/proj-api-volume-dump/22508586-6333-48ab-b645-a28bfb453b2f/workspace/Frequency Detection/ai_Frequency Detection.json,None is not of type 'string'
/home/hemduttdabral/Downloads/proj-api-volume-dump/22508586-6333-48ab-b645-a28bfb453b2f/workspace/projects/MyTestProject/ai_MyTestProject.json,None is not of type 'string'
/home/hemduttdabral/Downloads/proj-api-volume-dump/22508586-6333-48ab-b645-a28bfb453b2f/workspace/projects/MyTestProject2/ai_MyTestProject2.json,None is not of type 'string'
/home/hemduttdabral/Downloads/proj-api-volume-dump/f8a13d17-ff86-4b12-a725-4fd92b0ad4e1/workspace/projects/Project_name_975001/ai_Project_name_975001.json,"{'application': '79e9620f-bc18-4b81-b419-b9af77767222', 'firmware_update': False} is not valid under any of the given schemas"
/home/hemduttdabral/Downloads/proj-api-volume-dump/f8a13d17-ff86-4b12-a725-4fd92b0ad4e1/workspace/projects/Project_name_841169/ai_Project_name_841169.json,"{'application': '5bc8614c-aaff-4f42-9e72-c078b3773abc', 'firmware_update': False} is not valid under any of the given schemas"
/home/hemduttdabral/Downloads/proj-api-volume-dump/f8a13d17-ff86-4b12-a725-4fd92b0ad4e1/workspace/projects/Project_name_442369/ai_Project_name_442369.json,"{'application': '911f46e8-15b0-4d21-a65a-4f3f884df17a', 'firmware_update': False} is not valid under any of the given schemas"
/home/hemduttdabral/Downloads/proj-api-volume-dump/f8a13d17-ff86-4b12-a725-4fd92b0ad4e1/workspace/projects/Project_name_673825/ai_Project_name_673825.json,"{'application': '542ac2bd-48b1-4ca0-9744-f366dd96fbe4', 'firmware_update': False} is not valid under any of the given schemas"
/home/hemduttdabral/Downloads/proj-api-volume-dump/a118e589-b71d-476c-97cf-c60973c316f0/workspace/projects/Project_name_331460/ai_Project_name_331460.json,"{'application': 'ded5e225-6cf5-45c7-b082-c0bbe7ce60df', 'firmware_update': False} is not valid under any of the given schemas"
/home/hemduttdabral/Downloads/proj-api-volume-dump/a118e589-b71d-476c-97cf-c60973c316f0/workspace/projects/Project_name_423126/ai_Project_name_423126.json,"{'application': '363100aa-b82d-4036-b2e2-88b69926cd49', 'firmware_update': False} is not valid under any of the given schemas"
/home/hemduttdabral/Downloads/proj-api-volume-dump/b907a9e8-7dfa-43b4-b77d-7bfebdbb3677/workspace/projects/Project_name_828164/ai_Project_name_828164.json,"{'application': 'cee772c4-6538-487d-a184-9e82c95f7da9', 'firmware_update': False} is not valid under any of the given schemas"
/home/hemduttdabral/Downloads/proj-api-volume-dump/b907a9e8-7dfa-43b4-b77d-7bfebdbb3677/workspace/projects/Project_name_981247/ai_Project_name_981247.json,"{'application': '0da3a382-7238-477d-bb45-ede28c43f7f2', 'firmware_update': False} is not valid under any of the given schemas"
/home/hemduttdabral/Downloads/proj-api-volume-dump/b907a9e8-7dfa-43b4-b77d-7bfebdbb3677/workspace/projects/Project_name_487676/ai_Project_name_487676.json,"{'application': '0728f840-cd5c-48ed-b275-d8c1bc5e06d1', 'firmware_update': False} is not valid under any of the given schemas"
/home/hemduttdabral/Downloads/proj-api-volume-dump/b907a9e8-7dfa-43b4-b77d-7bfebdbb3677/workspace/projects/Project_name_933398/ai_Project_name_933398.json,"{'application': '907fbe6c-b1f7-4fdf-afa4-11e7e0e32904', 'firmware_update': False} is not valid under any of the given schemas"
/home/hemduttdabral/Downloads/proj-api-volume-dump/f881e94b-7fee-4a9d-9154-f201daac3113/workspace/projects/Project_name_713175/ai_Project_name_713175.json,"{'application': 'fdecabf2-e388-43aa-b2e5-775683772d2c', 'firmware_update': False} is not valid under any of the given schemas"
/home/hemduttdabral/Downloads/proj-api-volume-dump/f881e94b-7fee-4a9d-9154-f201daac3113/workspace/projects/Project_name_924727/ai_Project_name_924727.json,"{'application': 'f2fd0c27-3445-4de2-92ee-14a5c1fdb970', 'firmware_update': False} is not valid under any of the given schemas"
/home/hemduttdabral/Downloads/proj-api-volume-dump/f881e94b-7fee-4a9d-9154-f201daac3113/workspace/projects/Project_name_602882/ai_Project_name_602882.json,"{'application': '3a70b948-83a2-4f50-9a1b-1b0d17d2c831', 'firmware_update': False} is not valid under any of the given schemas"
/home/hemduttdabral/Downloads/proj-api-volume-dump/f881e94b-7fee-4a9d-9154-f201daac3113/workspace/projects/Project_name_575152/ai_Project_name_575152.json,"{'application': '27369fa2-0c05-43b0-988e-eac50b9b49ea', 'firmware_update': False} is not valid under any of the given schemas"
/home/hemduttdabral/Downloads/proj-api-volume-dump/f881e94b-7fee-4a9d-9154-f201daac3113/workspace/projects/Project_name_990069/ai_Project_name_990069.json,"{'application': '90b37171-0d50-49ff-8654-ec5c1ade14e3', 'firmware_update': False} is not valid under any of the given schemas"
/home/hemduttdabral/Downloads/proj-api-volume-dump/d3ddc7fc-3be7-4a6d-b275-ee19307ccf8b/workspace/projects/Project_name_644299/ai_Project_name_644299.json,"{'application': 'c5f945b2-ee20-4a3e-837f-c335a6f69920', 'firmware_update': False} is not valid under any of the given schemas"
/home/hemduttdabral/Downloads/proj-api-volume-dump/8fcc0999-2bcd-4424-baf2-eb9098f473c6/workspace/projects/Project_name_235965/ai_Project_name_235965.json,"{'application': 'a825d5e5-d915-40c0-9dff-5a99a8ff3132', 'firmware_update': False} is not valid under any of the given schemas"
/home/hemduttdabral/Downloads/proj-api-volume-dump/21b1e489-d89d-43ff-ad94-0ad34d9e7111/workspace/projects/Project_name_243024/ai_Project_name_243024.json,"{'application': '4af12602-3917-44ae-ad9f-5822aae9fdb7', 'firmware_update': False} is not valid under any of the given schemas"
/home/hemduttdabral/Downloads/proj-api-volume-dump/21b1e489-d89d-43ff-ad94-0ad34d9e7111/workspace/projects/Project_name_954185/ai_Project_name_954185.json,"{'application': 'adc58b60-dfc3-4c5e-a043-ded940ed40a8', 'firmware_update': False} is not valid under any of the given schemas"
/home/hemduttdabral/Downloads/proj-api-volume-dump/21b1e489-d89d-43ff-ad94-0ad34d9e7111/workspace/projects/Project_name_815760/ai_Project_name_815760.json,"{'application': 'e07e5dfa-fd75-4b59-ac79-b9c4a18eb2f3', 'firmware_update': False} is not valid under any of the given schemas"
/home/hemduttdabral/Downloads/proj-api-volume-dump/21b1e489-d89d-43ff-ad94-0ad34d9e7111/workspace/projects/Project_name_428983/ai_Project_name_428983.json,"{'application': 'ef75b756-e998-438a-8836-dcd6347165fd', 'firmware_update': False} is not valid under any of the given schemas"
/home/hemduttdabral/Downloads/proj-api-volume-dump/e4b5df4e-b44b-4eba-b8cb-5b9ad23b66c2/workspace/projects/test/ai_test.json,"{'application': '23cb89c6-3bb9-40a9-8f78-3f48b2de2b50', 'firmware_update': False} is not valid under any of the given schemas"
/home/hemduttdabral/Downloads/proj-api-volume-dump/efae6304-2a1d-4d9c-8c85-41f11b787895/workspace/projects/Project_name_382716/ai_Project_name_382716.json,"{'application': '7d0f262f-3472-43d3-a4e6-8735a39fb541', 'firmware_update': False} is not valid under any of the given schemas"
/home/hemduttdabral/Downloads/proj-api-volume-dump/efae6304-2a1d-4d9c-8c85-41f11b787895/workspace/projects/Project_name_998465/ai_Project_name_998465.json,"{'application': '6db5919c-15ad-4483-9a58-3d8cb6a971d8', 'firmware_update': False} is not valid under any of the given schemas"
/home/hemduttdabral/Downloads/proj-api-volume-dump/b9339277-e596-4e98-9ef1-d6dd4d74fd29/workspace/projects/Project_name_918433/ai_Project_name_918433.json,"{'application': '026445c7-5c80-4b11-a26c-752883ef2e62', 'firmware_update': False} is not valid under any of the given schemas"
/home/hemduttdabral/Downloads/proj-api-volume-dump/b9339277-e596-4e98-9ef1-d6dd4d74fd29/workspace/projects/Project_name_46624/ai_Project_name_46624.json,"{'application': 'a50865cc-3b0a-483e-ab13-8273054ae0d7', 'firmware_update': False} is not valid under any of the given schemas"
/home/hemduttdabral/Downloads/proj-api-volume-dump/3d13d5fa-e3c1-4316-a53b-ffa52e3ad3e9/workspace/projects/Project_name_94440/ai_Project_name_94440.json,"{'application': 'e1695560-612e-4050-97e1-68cf9c12c9eb', 'firmware_update': False} is not valid under any of the given schemas"
/home/hemduttdabral/Downloads/proj-api-volume-dump/3d13d5fa-e3c1-4316-a53b-ffa52e3ad3e9/workspace/projects/Project_name_763979/ai_Project_name_763979.json,"{'application': '0681c2b3-7653-42e0-94ce-837ac6beecb9', 'firmware_update': False} is not valid under any of the given schemas"
/home/hemduttdabral/Downloads/proj-api-volume-dump/3d13d5fa-e3c1-4316-a53b-ffa52e3ad3e9/workspace/projects/Project_name_802712/ai_Project_name_802712.json,"{'application': '1b48d43b-322e-44b0-b363-6a5415b56f88', 'firmware_update': False} is not valid under any of the given schemas"
/home/hemduttdabral/Downloads/proj-api-volume-dump/50792cc0-993a-40c9-b47e-0d7c481001cf/workspace/projects/kettle/ai_kettle.json,None is not of type 'string'
/home/hemduttdabral/Downloads/proj-api-volume-dump/50792cc0-993a-40c9-b47e-0d7c481001cf/workspace/projects/kettle/ai_kettle.json,None is not of type 'string'
/home/hemduttdabral/Downloads/proj-api-volume-dump/823c7d98-40ba-4b60-976e-64592a88774f/workspace/projects/Project_name_477046/ai_Project_name_477046.json,"{'application': 'c4313c64-e2a6-446d-a92a-d025e3a853ed', 'firmware_update': False} is not valid under any of the given schemas"
/home/hemduttdabral/Downloads/proj-api-volume-dump/823c7d98-40ba-4b60-976e-64592a88774f/workspace/projects/Project_name_993937/ai_Project_name_993937.json,"{'application': '000d7d6c-d62d-4dcc-9530-2ff816a5b9f5', 'firmware_update': False} is not valid under any of the given schemas"
/home/hemduttdabral/Downloads/proj-api-volume-dump/823c7d98-40ba-4b60-976e-64592a88774f/workspace/projects/Project_name_230097/ai_Project_name_230097.json,"{'application': '43323942-29b4-4625-b8a8-0f2ed29c7413', 'firmware_update': False} is not valid under any of the given schemas"
/home/hemduttdabral/Downloads/proj-api-volume-dump/77917ee3-6cb6-4986-93df-f2716baf2912/workspace/projects/Project_name_450613/ai_Project_name_450613.json,"{'application': 'b06b4717-728e-4b8d-9b45-6c25e7c0aa41', 'firmware_update': False} is not valid under any of the given schemas"
/home/hemduttdabral/Downloads/proj-api-volume-dump/fe6538ed-db0a-49f7-84b4-f15c4e3f60ed/workspace/projects/Project_name_890119/ai_Project_name_890119.json,"{'application': 'fe197981-f5ce-48f5-b0f5-216dd4393eaf', 'firmware_update': False} is not valid under any of the given schemas"
/home/hemduttdabral/Downloads/proj-api-volume-dump/fe6538ed-db0a-49f7-84b4-f15c4e3f60ed/workspace/projects/Project_name_536296/ai_Project_name_536296.json,"{'application': '9798f853-0356-4725-90b4-ff8b56598322', 'firmware_update': False} is not valid under any of the given schemas"
/home/hemduttdabral/Downloads/proj-api-volume-dump/663748ef-ddd6-4ee4-b844-0b6c4d3da3dd/workspace/projects/Project_name_916317/ai_Project_name_916317.json,"{'application': 'd1840500-9efe-4571-92d3-75dc62b456d5', 'firmware_update': False} is not valid under any of the given schemas"
/home/hemduttdabral/Downloads/proj-api-volume-dump/663748ef-ddd6-4ee4-b844-0b6c4d3da3dd/workspace/projects/Project_name_168749/ai_Project_name_168749.json,"{'application': '4e2a39ad-acb7-4c72-81ce-bd92004736ed', 'firmware_update': False} is not valid under any of the given schemas"
/home/hemduttdabral/Downloads/proj-api-volume-dump/663748ef-ddd6-4ee4-b844-0b6c4d3da3dd/workspace/projects/Project_name_305908/ai_Project_name_305908.json,"{'application': 'b473bce8-43d3-462b-80de-e509157371e1', 'firmware_update': False} is not valid under any of the given schemas"
/home/hemduttdabral/Downloads/proj-api-volume-dump/663748ef-ddd6-4ee4-b844-0b6c4d3da3dd/workspace/projects/Project_name_536647/ai_Project_name_536647.json,"{'application': '3a83972a-495d-40d1-bd2d-dea9094bb79a', 'firmware_update': False} is not valid under any of the given schemas"
/home/hemduttdabral/Downloads/proj-api-volume-dump/bb52b7ed-9a64-43e4-aefb-e41560fef815/workspace/projects/Project_name_261216/ai_Project_name_261216.json,"{'application': '87e1f2db-00b0-4c57-9080-0d74c5e1ff66', 'firmware_update': False} is not valid under any of the given schemas"
/home/hemduttdabral/Downloads/proj-api-volume-dump/bb52b7ed-9a64-43e4-aefb-e41560fef815/workspace/projects/Project_name_242897/ai_Project_name_242897.json,"{'application': 'e31bfe3b-7f67-45eb-9d01-8e213b2b2034', 'firmware_update': False} is not valid under any of the given schemas"
/home/hemduttdabral/Downloads/proj-api-volume-dump/bb52b7ed-9a64-43e4-aefb-e41560fef815/workspace/projects/Project_name_872604/ai_Project_name_872604.json,"{'application': '83d601bd-8d93-448f-b17d-64f540202f81', 'firmware_update': False} is not valid under any of the given schemas"
/home/hemduttdabral/Downloads/proj-api-volume-dump/4d7a1555-5040-4f55-9390-55cdc90cb59c/workspace/model_zoo_v2/modelzoo/stm32ai_modelzoo/common/stm_ai_driver/resources/ai_runtime_libs.json,Invalid JSON syntax
/home/hemduttdabral/Downloads/proj-api-volume-dump/4d7a1555-5040-4f55-9390-55cdc90cb59c/workspace/model_zoo_v2/publicSTModelZooRepo/stm32ai-modelzoo/common/stm_ai_driver/resources/ai_runtime_libs.json,Invalid JSON syntax
/home/hemduttdabral/Downloads/proj-api-volume-dump/25202596-c478-4b45-b158-4208f957dd77/workspace/projects/Project_name_531836/ai_Project_name_531836.json,"{'application': '0424d544-1cdb-4db8-9ec0-947d1ec8d118', 'firmware_update': False} is not valid under any of the given schemas"
/home/hemduttdabral/Downloads/proj-api-volume-dump/cc5e60fa-3d75-4dda-b1cf-4ae88cbfe007/workspace/projects/test_project_qIjvp5pW57_TC_603/ai_test_project_qIjvp5pW57_TC_603.json,None is not of type 'string'
/home/hemduttdabral/Downloads/proj-api-volume-dump/cc5e60fa-3d75-4dda-b1cf-4ae88cbfe007/workspace/projects/test_project_qIjvp5pW57_TC_603/ai_test_project_qIjvp5pW57_TC_603.json,None is not of type 'string'
/home/hemduttdabral/Downloads/proj-api-volume-dump/cc5e60fa-3d75-4dda-b1cf-4ae88cbfe007/workspace/projects/test_project_qIjvp5pW57_TC_603/ai_test_project_qIjvp5pW57_TC_603.json,None is not of type 'array'
/home/hemduttdabral/Downloads/proj-api-volume-dump/cc5e60fa-3d75-4dda-b1cf-4ae88cbfe007/workspace/projects/test_project/ai_test_project.json,None is not of type 'string'
/home/hemduttdabral/Downloads/proj-api-volume-dump/cc5e60fa-3d75-4dda-b1cf-4ae88cbfe007/workspace/projects/test_project/ai_test_project.json,None is not of type 'string'
/home/hemduttdabral/Downloads/proj-api-volume-dump/6v4mj2nec2t6kw0d2yc1symk10/workspace/projects/TODELETE/ai_TODELETE.json,None is not of type 'string'
/home/hemduttdabral/Downloads/proj-api-volume-dump/6v4mj2nec2t6kw0d2yc1symk10/workspace/projects/TODELETE/ai_TODELETE.json,None is not of type 'string'
/home/hemduttdabral/Downloads/proj-api-volume-dump/6v4mj2nec2t6kw0d2yc1symk10/workspace/projects/TODELETE/ai_TODELETE.json,None is not of type 'string'
/home/hemduttdabral/Downloads/proj-api-volume-dump/6v4mj2nec2t6kw0d2yc1symk10/workspace/projects/SharedPjForNucleo/ai_SharedPjForNucleo.json,None is not of type 'string'
/home/hemduttdabral/Downloads/proj-api-volume-dump/6v4mj2nec2t6kw0d2yc1symk10/workspace/projects/SharedPjForNucleo/ai_SharedPjForNucleo.json,None is not of type 'string'
/home/hemduttdabral/Downloads/proj-api-volume-dump/6v4mj2nec2t6kw0d2yc1symk10/workspace/projects/SharedPjForNucleo/ai_SharedPjForNucleo.json,None is not of type 'string'
/home/hemduttdabral/Downloads/proj-api-volume-dump/e897b470-2c3a-4e70-92d9-680bd4e7db9b/workspace/projects/Project_name_236681/ai_Project_name_236681.json,"{'application': '75529bdf-abee-4b54-a0e4-0d4d941a1270', 'firmware_update': False} is not valid under any of the given schemas"
/home/hemduttdabral/Downloads/proj-api-volume-dump/e897b470-2c3a-4e70-92d9-680bd4e7db9b/workspace/projects/Project_name_836629/ai_Project_name_836629.json,"{'application': 'b920eea2-d27f-43a6-a9ed-e555286ba9d4', 'firmware_update': False} is not valid under any of the given schemas"
/home/hemduttdabral/Downloads/proj-api-volume-dump/64467dac-6ee1-41b9-99a4-c70ce9ca7c75/workspace/projects/Project_name_516031/ai_Project_name_516031.json,"{'application': '0e6ef8c7-b81b-4026-9ad7-0410018c3a71', 'firmware_update': False} is not valid under any of the given schemas"
/home/hemduttdabral/Downloads/proj-api-volume-dump/64467dac-6ee1-41b9-99a4-c70ce9ca7c75/workspace/projects/Project_name_950655/ai_Project_name_950655.json,"{'application': 'f6cdc01d-df23-453e-9453-1e65efd105bf', 'firmware_update': False} is not valid under any of the given schemas"
/home/hemduttdabral/Downloads/proj-api-volume-dump/64467dac-6ee1-41b9-99a4-c70ce9ca7c75/workspace/projects/Project_name_889647/ai_Project_name_889647.json,"{'application': '9b48bd0c-5f80-46ea-bafb-44313bc08f2c', 'firmware_update': False} is not valid under any of the given schemas"
/home/hemduttdabral/Downloads/proj-api-volume-dump/64467dac-6ee1-41b9-99a4-c70ce9ca7c75/workspace/projects/Project_name_136738/ai_Project_name_136738.json,"{'application': 'bc4179ef-35f4-4630-b4a2-f2810ffa2a09', 'firmware_update': False} is not valid under any of the given schemas"
/home/hemduttdabral/Downloads/proj-api-volume-dump/64467dac-6ee1-41b9-99a4-c70ce9ca7c75/workspace/projects/Project_name_68677/ai_Project_name_68677.json,"{'application': '79f6d274-6e7a-42c5-a85c-af1aaa09e389', 'firmware_update': False} is not valid under any of the given schemas"
/home/hemduttdabral/Downloads/proj-api-volume-dump/5275a4e4-10d1-7046-7198-1ed4ac061522/workspace/projects/Test/ai_Test.json,None is not of type 'string'
/home/hemduttdabral/Downloads/proj-api-volume-dump/5275a4e4-10d1-7046-7198-1ed4ac061522/workspace/projects/Test/ai_Test.json,None is not of type 'string'
/home/hemduttdabral/Downloads/proj-api-volume-dump/5275a4e4-10d1-7046-7198-1ed4ac061522/workspace/projects/Test/ai_Test.json,None is not of type 'string'
/home/hemduttdabral/Downloads/proj-api-volume-dump/1e114f0d-841c-4b17-87a2-64da1af2de38/workspace/projects/Project_name_218494/ai_Project_name_218494.json,"{'application': '84695d57-45b1-43fd-9150-1187e5cefdb8', 'firmware_update': False} is not valid under any of the given schemas"
/home/hemduttdabral/Downloads/proj-api-volume-dump/1e114f0d-841c-4b17-87a2-64da1af2de38/workspace/projects/Project_name_422151/ai_Project_name_422151.json,"{'application': 'd3912087-4938-4751-b3a4-eb7a777f2617', 'firmware_update': False} is not valid under any of the given schemas"
/home/hemduttdabral/Downloads/proj-api-volume-dump/baks2fj30qw59873q2mtvakj10/workspace/projects/TEst/ai_TEst.json,None is not of type 'string'
/home/hemduttdabral/Downloads/proj-api-volume-dump/baks2fj30qw59873q2mtvakj10/workspace/projects/TEst/ai_TEst.json,None is not of type 'string'
/home/hemduttdabral/Downloads/proj-api-volume-dump/baks2fj30qw59873q2mtvakj10/workspace/projects/TEst/ai_TEst.json,None is not of type 'string'
/home/hemduttdabral/Downloads/proj-api-volume-dump/914116f8-a5a3-4d23-882f-d749756204c5/workspace/projects/Project_name_94777/ai_Project_name_94777.json,"{'application': 'b5c01e20-5252-4d41-b6f0-5ffe89d9941b', 'firmware_update': False} is not valid under any of the given schemas"
/home/hemduttdabral/Downloads/proj-api-volume-dump/914116f8-a5a3-4d23-882f-d749756204c5/workspace/projects/Project_name_295604/ai_Project_name_295604.json,"{'application': '4d814728-4828-4166-8deb-585d7529ad06', 'firmware_update': False} is not valid under any of the given schemas"
/home/hemduttdabral/Downloads/proj-api-volume-dump/037b7f7a-40a9-4b41-8e6e-5ca7d952b037/workspace/projects/Project_name_502393/ai_Project_name_502393.json,"{'application': 'd85a4278-1e62-47d2-bc8c-e73b4459e3d0', 'firmware_update': False} is not valid under any of the given schemas"
/home/hemduttdabral/Downloads/proj-api-volume-dump/9188c159-99f5-4ad9-83c3-21891826a8d8/workspace/projects/Project_name_992525/ai_Project_name_992525.json,"{'application': '61ed20bb-cd62-4d8e-94c3-addab8c70948', 'firmware_update': False} is not valid under any of the given schemas"
/home/hemduttdabral/Downloads/proj-api-volume-dump/9188c159-99f5-4ad9-83c3-21891826a8d8/workspace/projects/Project_name_255161/ai_Project_name_255161.json,"{'application': '7b13ccfb-c6c7-48c8-a5ab-42d941745cef', 'firmware_update': False} is not valid under any of the given schemas"
/home/hemduttdabral/Downloads/proj-api-volume-dump/9188c159-99f5-4ad9-83c3-21891826a8d8/workspace/projects/Project_name_591337/ai_Project_name_591337.json,"{'application': 'f31ded9c-b7d1-4ff5-b66a-20441166449e', 'firmware_update': False} is not valid under any of the given schemas"
/home/hemduttdabral/Downloads/proj-api-volume-dump/9188c159-99f5-4ad9-83c3-21891826a8d8/workspace/projects/Project_name_548906/ai_Project_name_548906.json,"{'application': 'e3214ab1-d8a2-434a-97ba-30963c28f2f8', 'firmware_update': False} is not valid under any of the given schemas"
/home/hemduttdabral/Downloads/proj-api-volume-dump/81ebfe9e-2b11-48ee-9f25-de190f509ef4/workspace/projects/Project_name_143536/ai_Project_name_143536.json,"{'application': '2b7eb7a7-cc5c-4b98-b487-1fe8b6579726', 'firmware_update': False} is not valid under any of the given schemas"
/home/hemduttdabral/Downloads/proj-api-volume-dump/81ebfe9e-2b11-48ee-9f25-de190f509ef4/workspace/projects/Project_name_646739/ai_Project_name_646739.json,"{'application': '33a407c5-77fa-4679-9406-cfb6b265732a', 'firmware_update': False} is not valid under any of the given schemas"
/home/hemduttdabral/Downloads/proj-api-volume-dump/81ebfe9e-2b11-48ee-9f25-de190f509ef4/workspace/projects/Project_name_795799/ai_Project_name_795799.json,"{'application': '6f3d753e-a4e2-4ca8-8ce5-d10a2e4fdf92', 'firmware_update': False} is not valid under any of the given schemas"
/home/hemduttdabral/Downloads/proj-api-volume-dump/zcx9qer6eb4gpe8kqfxethqk10/workspace/projects/JsonTest/ai_JsonTest.json,None is not of type 'string'
/home/hemduttdabral/Downloads/proj-api-volume-dump/zcx9qer6eb4gpe8kqfxethqk10/workspace/projects/JsonTest/ai_JsonTest.json,None is not of type 'string'
/home/hemduttdabral/Downloads/proj-api-volume-dump/zcx9qer6eb4gpe8kqfxethqk10/workspace/projects/JsonTest/ai_JsonTest.json,None is not of type 'string'
/home/hemduttdabral/Downloads/proj-api-volume-dump/zcx9qer6eb4gpe8kqfxethqk10/workspace/projects/JsonTest/ai_JsonTest.json,None is not of type 'string'
/home/hemduttdabral/Downloads/proj-api-volume-dump/zcx9qer6eb4gpe8kqfxethqk10/workspace/projects/svg_script/ai_svg_script.json,None is not of type 'string'
/home/hemduttdabral/Downloads/proj-api-volume-dump/zcx9qer6eb4gpe8kqfxethqk10/workspace/projects/svg_script/ai_svg_script.json,None is not of type 'string'
/home/hemduttdabral/Downloads/proj-api-volume-dump/zcx9qer6eb4gpe8kqfxethqk10/workspace/projects/svg_script/ai_svg_script.json,None is not of type 'string'
/home/hemduttdabral/Downloads/proj-api-volume-dump/zcx9qer6eb4gpe8kqfxethqk10/workspace/projects/svg_script/ai_svg_script.json,None is not of type 'string'
/home/hemduttdabral/Downloads/proj-api-volume-dump/zcx9qer6eb4gpe8kqfxethqk10/workspace/projects/svg/ai_svg.json,None is not of type 'string'
/home/hemduttdabral/Downloads/proj-api-volume-dump/zcx9qer6eb4gpe8kqfxethqk10/workspace/projects/svg/ai_svg.json,None is not of type 'string'
/home/hemduttdabral/Downloads/proj-api-volume-dump/zcx9qer6eb4gpe8kqfxethqk10/workspace/projects/svg/ai_svg.json,None is not of type 'string'
/home/hemduttdabral/Downloads/proj-api-volume-dump/zcx9qer6eb4gpe8kqfxethqk10/workspace/projects/svg/ai_svg.json,None is not of type 'string'
/home/hemduttdabral/Downloads/proj-api-volume-dump/zcx9qer6eb4gpe8kqfxethqk10/workspace/projects/Image_Payload/ai_Image_Payload.json,None is not of type 'string'
/home/hemduttdabral/Downloads/proj-api-volume-dump/zcx9qer6eb4gpe8kqfxethqk10/workspace/projects/Image_Payload/ai_Image_Payload.json,None is not of type 'string'
/home/hemduttdabral/Downloads/proj-api-volume-dump/zcx9qer6eb4gpe8kqfxethqk10/workspace/projects/Image_Payload/ai_Image_Payload.json,None is not of type 'string'
/home/hemduttdabral/Downloads/proj-api-volume-dump/zcx9qer6eb4gpe8kqfxethqk10/workspace/projects/Image_Payload/ai_Image_Payload.json,None is not of type 'string'
/home/hemduttdabral/Downloads/proj-api-volume-dump/zcx9qer6eb4gpe8kqfxethqk10/workspace/projects/TestJS_Script/ai_TestJS_Script.json,None is not of type 'string'
/home/hemduttdabral/Downloads/proj-api-volume-dump/zcx9qer6eb4gpe8kqfxethqk10/workspace/projects/TestJS_Script/ai_TestJS_Script.json,None is not of type 'string'
/home/hemduttdabral/Downloads/proj-api-volume-dump/zcx9qer6eb4gpe8kqfxethqk10/workspace/projects/TestJS_Script/ai_TestJS_Script.json,None is not of type 'string'
/home/hemduttdabral/Downloads/proj-api-volume-dump/zcx9qer6eb4gpe8kqfxethqk10/workspace/projects/TestJS_Script/ai_TestJS_Script.json,None is not of type 'string'
/home/hemduttdabral/Downloads/proj-api-volume-dump/8yvafa5v7cyz8z8skzw7jdfk10/workspace/projects/test/ai_test.json,None is not of type 'string'
/home/hemduttdabral/Downloads/proj-api-volume-dump/8yvafa5v7cyz8z8skzw7jdfk10/workspace/projects/test/ai_test.json,None is not of type 'string'
/home/hemduttdabral/Downloads/proj-api-volume-dump/8yvafa5v7cyz8z8skzw7jdfk10/workspace/projects/test/ai_test.json,None is not of type 'string'
/home/hemduttdabral/Downloads/proj-api-volume-dump/qb3qcxcg7ewya7b00kqwxdfk10/workspace/projects/Dataset_Project_984856/ai_Dataset_Project_984856.json,None is not of type 'string'
/home/hemduttdabral/Downloads/proj-api-volume-dump/qb3qcxcg7ewya7b00kqwxdfk10/workspace/projects/Dataset_Project_984856/ai_Dataset_Project_984856.json,None is not of type 'string'
/home/hemduttdabral/Downloads/proj-api-volume-dump/qb3qcxcg7ewya7b00kqwxdfk10/workspace/projects/Dataset_Project_984856/ai_Dataset_Project_984856.json,None is not of type 'string'
/home/hemduttdabral/Downloads/proj-api-volume-dump/68435784-0e85-44b4-8b3c-f399d4a3b439/workspace/projects/Project_name_626872/ai_Project_name_626872.json,"{'application': '7fe4dc82-fe20-4f2f-9037-4703a6d76810', 'firmware_update': False} is not valid under any of the given schemas"
/home/hemduttdabral/Downloads/proj-api-volume-dump/667b2148-3743-4c57-b692-55d020c994e8/workspace/projects/Project_name_422707/ai_Project_name_422707.json,"{'application': '72a56223-6802-46e7-9bd6-503636496020', 'firmware_update': False} is not valid under any of the given schemas"
/home/hemduttdabral/Downloads/proj-api-volume-dump/667b2148-3743-4c57-b692-55d020c994e8/workspace/projects/Project_name_897145/ai_Project_name_897145.json,"{'application': '8eeca16f-fd91-4439-a729-912ec032a7b8', 'firmware_update': False} is not valid under any of the given schemas"
/home/hemduttdabral/Downloads/proj-api-volume-dump/667b2148-3743-4c57-b692-55d020c994e8/workspace/projects/Project_name_334913/ai_Project_name_334913.json,"{'application': 'b9656edc-20c1-4d7a-832f-39b0b22f31b7', 'firmware_update': False} is not valid under any of the given schemas"
/home/hemduttdabral/Downloads/proj-api-volume-dump/f76e25b6-490c-42d6-85ba-51cba736d42a/workspace/projects/Project_name_860776/ai_Project_name_860776.json,"{'application': '292795bd-e695-43db-8ce9-1221208e8233', 'firmware_update': False} is not valid under any of the given schemas"
/home/hemduttdabral/Downloads/proj-api-volume-dump/f76e25b6-490c-42d6-85ba-51cba736d42a/workspace/projects/Project_name_528934/ai_Project_name_528934.json,"{'application': '228e5e18-7e9a-4e7f-9570-08a685847967', 'firmware_update': False} is not valid under any of the given schemas"
/home/hemduttdabral/Downloads/proj-api-volume-dump/2e0f533d-cefc-4840-bc1b-eae4d08c8e56/workspace/project_1/ai_project_1.json,None is not of type 'string'
/home/hemduttdabral/Downloads/proj-api-volume-dump/b4f94579-77b4-4e55-b7ae-73097d05ff45/workspace/projects/Project_name_591865/ai_Project_name_591865.json,"{'application': '2279943e-08ec-4a97-bae5-0f5207ce736a', 'firmware_update': False} is not valid under any of the given schemas"
/home/hemduttdabral/Downloads/proj-api-volume-dump/b4f94579-77b4-4e55-b7ae-73097d05ff45/workspace/projects/Project_name_729707/ai_Project_name_729707.json,"{'application': '7457a43b-1790-4af4-bf7b-2caea57fe234', 'firmware_update': False} is not valid under any of the given schemas"
/home/hemduttdabral/Downloads/proj-api-volume-dump/h4jxrgtyqpz08xpk1v9g5bkk10/workspace/projects/sat4/ai_sat4.json,None is not of type 'string'
/home/hemduttdabral/Downloads/proj-api-volume-dump/h4jxrgtyqpz08xpk1v9g5bkk10/workspace/projects/sat4/ai_sat4.json,None is not of type 'string'
/home/hemduttdabral/Downloads/proj-api-volume-dump/h4jxrgtyqpz08xpk1v9g5bkk10/workspace/projects/sat4/ai_sat4.json,None is not of type 'string'
/home/hemduttdabral/Downloads/proj-api-volume-dump/a75ffeb8-bb4e-4e41-82a7-b016e27ba74c/workspace/projects/Project_name_126459/ai_Project_name_126459.json,"{'application': 'a4114895-5630-4c53-9aa5-874e40eb2973', 'firmware_update': False} is not valid under any of the given schemas"
/home/hemduttdabral/Downloads/proj-api-volume-dump/a75ffeb8-bb4e-4e41-82a7-b016e27ba74c/workspace/projects/Project_name_260757/ai_Project_name_260757.json,"{'application': '7413f8ce-3d3b-4450-9274-d0ad3f8b7622', 'firmware_update': False} is not valid under any of the given schemas"
/home/hemduttdabral/Downloads/proj-api-volume-dump/a75ffeb8-bb4e-4e41-82a7-b016e27ba74c/workspace/projects/Project_name_124527/ai_Project_name_124527.json,"{'application': '86778747-8444-4931-abcf-ba416818f4b9', 'firmware_update': False} is not valid under any of the given schemas"
/home/hemduttdabral/Downloads/proj-api-volume-dump/a75ffeb8-bb4e-4e41-82a7-b016e27ba74c/workspace/projects/Project_name_79740/ai_Project_name_79740.json,"{'application': '196a3c2d-91a6-4792-94fe-c70fea261267', 'firmware_update': False} is not valid under any of the given schemas"
/home/hemduttdabral/Downloads/proj-api-volume-dump/a75ffeb8-bb4e-4e41-82a7-b016e27ba74c/workspace/projects/Project_name_725874/ai_Project_name_725874.json,"{'application': '13f47806-a5cb-4489-a45b-3e181974a2e0', 'firmware_update': False} is not valid under any of the given schemas"
/home/hemduttdabral/Downloads/proj-api-volume-dump/d30yrzs2g2sxd2kq809k5c4k10/workspace/projects/p/ai_p.json,None is not of type 'string'
/home/hemduttdabral/Downloads/proj-api-volume-dump/d30yrzs2g2sxd2kq809k5c4k10/workspace/projects/p/ai_p.json,None is not of type 'string'
/home/hemduttdabral/Downloads/proj-api-volume-dump/0e68a6cc-126a-402b-bfd6-0536f26eb145/workspace/projects/Project_name_631353/ai_Project_name_631353.json,"{'application': '55d2ddf8-b7c5-4291-9509-6ae71de4b7da', 'firmware_update': False} is not valid under any of the given schemas"
/home/hemduttdabral/Downloads/proj-api-volume-dump/0e68a6cc-126a-402b-bfd6-0536f26eb145/workspace/projects/Project_name_803357/ai_Project_name_803357.json,"{'application': '93609a8f-89e2-4d9d-9425-eaa6acac3097', 'firmware_update': False} is not valid under any of the given schemas"
/home/hemduttdabral/Downloads/proj-api-volume-dump/0e68a6cc-126a-402b-bfd6-0536f26eb145/workspace/projects/Project_name_462986/ai_Project_name_462986.json,"{'application': '5274b52d-4932-49ca-ae63-c4b005a6677a', 'firmware_update': False} is not valid under any of the given schemas"
/home/hemduttdabral/Downloads/proj-api-volume-dump/0e68a6cc-126a-402b-bfd6-0536f26eb145/workspace/projects/Project_name_540884/ai_Project_name_540884.json,"{'application': 'd761fd6c-ee20-4291-99c7-90d357d7b3c9', 'firmware_update': False} is not valid under any of the given schemas"
/home/hemduttdabral/Downloads/proj-api-volume-dump/0e68a6cc-126a-402b-bfd6-0536f26eb145/workspace/projects/Project_name_40048/ai_Project_name_40048.json,"{'application': '56e85cc5-6f61-4c08-bcea-efcab764635e', 'firmware_update': False} is not valid under any of the given schemas"
/home/hemduttdabral/Downloads/proj-api-volume-dump/13633f27-fd29-40e8-9708-ba8af813ede3/workspace/projects/Project_name_400447/ai_Project_name_400447.json,"{'application': '2b926f2f-1c66-4c02-855d-3c1f4395ae08', 'firmware_update': False} is not valid under any of the given schemas"
/home/hemduttdabral/Downloads/proj-api-volume-dump/13633f27-fd29-40e8-9708-ba8af813ede3/workspace/projects/Project_name_83669/ai_Project_name_83669.json,"{'application': 'e473590d-4ad8-4066-a815-da13fc1cfa5a', 'firmware_update': False} is not valid under any of the given schemas"
/home/hemduttdabral/Downloads/proj-api-volume-dump/13633f27-fd29-40e8-9708-ba8af813ede3/workspace/projects/Project_name_146003/ai_Project_name_146003.json,"{'application': '2dd003c4-e871-470b-96df-14f35f29e663', 'firmware_update': False} is not valid under any of the given schemas"
/home/hemduttdabral/Downloads/proj-api-volume-dump/13633f27-fd29-40e8-9708-ba8af813ede3/workspace/projects/Project_name_912360/ai_Project_name_912360.json,"{'application': 'bd3e9a04-60e4-4016-837d-d8e30f24bee5', 'firmware_update': False} is not valid under any of the given schemas"
/home/hemduttdabral/Downloads/proj-api-volume-dump/30dcef80-28c0-45f1-b0ef-fc4597643771/workspace/projects/Project_name_88608/ai_Project_name_88608.json,"{'application': 'b6fca309-b9f1-4af7-af88-8ffdd6913099', 'firmware_update': False} is not valid under any of the given schemas"
/home/hemduttdabral/Downloads/proj-api-volume-dump/649a124a-af73-46ca-8d6c-16d0cf3901d6/workspace/Vale Test/ai_Vale Test.json,None is not of type 'string'
/home/hemduttdabral/Downloads/proj-api-volume-dump/649a124a-af73-46ca-8d6c-16d0cf3901d6/workspace/nuovo/ai_nuovo.json,None is not of type 'string'
/home/hemduttdabral/Downloads/proj-api-volume-dump/ae41bbc2-689a-4f4f-979b-b64a2a703175/workspace/projects/Project_name_372758/ai_Project_name_372758.json,"{'application': '98e0108c-0eb9-440e-ba20-078e599356fb', 'firmware_update': False} is not valid under any of the given schemas"
/home/hemduttdabral/Downloads/proj-api-volume-dump/e8ce0cb9-042d-4982-9a07-fa2e3c7524a4/workspace/projects/Project_name_50162/ai_Project_name_50162.json,"{'application': '78280df0-5b7b-4669-a115-5b94fa1ea4b2', 'firmware_update': False} is not valid under any of the given schemas"
/home/hemduttdabral/Downloads/proj-api-volume-dump/e8ce0cb9-042d-4982-9a07-fa2e3c7524a4/workspace/projects/Project_name_500129/ai_Project_name_500129.json,"{'application': 'cb37321b-4f32-400b-9d1f-4a0b1a9bc36b', 'firmware_update': False} is not valid under any of the given schemas"
/home/hemduttdabral/Downloads/proj-api-volume-dump/e8ce0cb9-042d-4982-9a07-fa2e3c7524a4/workspace/projects/Project_name_86457/ai_Project_name_86457.json,"{'application': '867cb111-dff9-42d4-b7ac-cf67abc21010', 'firmware_update': False} is not valid under any of the given schemas"
/home/hemduttdabral/Downloads/proj-api-volume-dump/e8ce0cb9-042d-4982-9a07-fa2e3c7524a4/workspace/projects/Project_name_576024/ai_Project_name_576024.json,"{'application': '1075b147-0e6c-4adb-b375-b0bff943a870', 'firmware_update': False} is not valid under any of the given schemas"
/home/hemduttdabral/Downloads/proj-api-volume-dump/68ft57t9zqhmnt83akw69xhk10/workspace/projects/AirBlowerStateRecognition/ai_AirBlowerStateRecognition.json,None is not of type 'string'
/home/hemduttdabral/Downloads/proj-api-volume-dump/68ft57t9zqhmnt83akw69xhk10/workspace/projects/AirBlowerStateRecognition/ai_AirBlowerStateRecognition.json,None is not of type 'string'
/home/hemduttdabral/Downloads/proj-api-volume-dump/68ft57t9zqhmnt83akw69xhk10/workspace/projects/AirBlowerStateRecognition/ai_AirBlowerStateRecognition.json,None is not of type 'string'
/home/hemduttdabral/Downloads/proj-api-volume-dump/68ft57t9zqhmnt83akw69xhk10/workspace/projects/SmartAssetTrackingNucleoPj/ai_SmartAssetTrackingNucleoPj.json,None is not of type 'string'
/home/hemduttdabral/Downloads/proj-api-volume-dump/68ft57t9zqhmnt83akw69xhk10/workspace/projects/SmartAssetTrackingNucleoPj/ai_SmartAssetTrackingNucleoPj.json,None is not of type 'string'
/home/hemduttdabral/Downloads/proj-api-volume-dump/68ft57t9zqhmnt83akw69xhk10/workspace/projects/SmartAssetTrackingNucleoPj/ai_SmartAssetTrackingNucleoPj.json,None is not of type 'string'
/home/hemduttdabral/Downloads/proj-api-volume-dump/68ft57t9zqhmnt83akw69xhk10/workspace/projects/SmartAssetTrackingNucleoPj/ai_SmartAssetTrackingNucleoPj.json,None is not of type 'string'
/home/hemduttdabral/Downloads/proj-api-volume-dump/68ft57t9zqhmnt83akw69xhk10/workspace/projects/BackpackMonitoringTEST/ai_BackpackMonitoringTEST.json,None is not of type 'string'
/home/hemduttdabral/Downloads/proj-api-volume-dump/68ft57t9zqhmnt83akw69xhk10/workspace/projects/BackpackMonitoringTEST/ai_BackpackMonitoringTEST.json,None is not of type 'string'
/home/hemduttdabral/Downloads/proj-api-volume-dump/68ft57t9zqhmnt83akw69xhk10/workspace/projects/BackpackMonitoringTEST/ai_BackpackMonitoringTEST.json,None is not of type 'string'
/home/hemduttdabral/Downloads/proj-api-volume-dump/0571882e-dc40-4635-89e2-0514548402c0/workspace/projects/Project_name_357904/ai_Project_name_357904.json,"{'application': 'eda8456a-8ff1-47f6-90e5-7dbdfb423b14', 'firmware_update': False} is not valid under any of the given schemas"
/home/hemduttdabral/Downloads/proj-api-volume-dump/0571882e-dc40-4635-89e2-0514548402c0/workspace/projects/Project_name_626522/ai_Project_name_626522.json,"{'application': '53f08b93-2482-4294-85f2-ca8d885f853a', 'firmware_update': False} is not valid under any of the given schemas"
/home/hemduttdabral/Downloads/proj-api-volume-dump/0571882e-dc40-4635-89e2-0514548402c0/workspace/projects/Project_name_592405/ai_Project_name_592405.json,"{'application': 'be3c39d1-893c-4ffd-af60-753df5a6ecce', 'firmware_update': False} is not valid under any of the given schemas"
/home/hemduttdabral/Downloads/proj-api-volume-dump/0f6fb13c-300d-4247-a739-8836fe081c86/workspace/projects/Project_name_422032/ai_Project_name_422032.json,"{'application': '1e8ea9e2-4de6-4480-8f79-e31326b1a801', 'firmware_update': False} is not valid under any of the given schemas"
/home/hemduttdabral/Downloads/proj-api-volume-dump/af0d582a-eb60-4813-a53b-d03ea5ba52b4/workspace/projects/Manu/ai_Manu.json,"{'application': 'd6742663-3b8c-4881-bc62-e982499744e7', 'firmware_update': False} is not valid under any of the given schemas"
/home/hemduttdabral/Downloads/proj-api-volume-dump/af0d582a-eb60-4813-a53b-d03ea5ba52b4/workspace/projects/Manu/ai_Manu.json,"{'application': 'e4ae5088-c6b7-49c6-8fa7-4c0bc10e4f71', 'firmware_update': False} is not valid under any of the given schemas"
/home/hemduttdabral/Downloads/proj-api-volume-dump/af0d582a-eb60-4813-a53b-d03ea5ba52b4/workspace/projects/satr2/ai_satr2.json,"{'application': '8c8365b2-c885-44ee-80d9-5fc5144ccccc', 'firmware_update': False} is not valid under any of the given schemas"
/home/hemduttdabral/Downloads/proj-api-volume-dump/af0d582a-eb60-4813-a53b-d03ea5ba52b4/workspace/projects/MEMS_characterisation/ai_MEMS_characterisation.json,None is not of type 'string'
/home/hemduttdabral/Downloads/proj-api-volume-dump/af0d582a-eb60-4813-a53b-d03ea5ba52b4/workspace/projects/MEMS_characterisation/ai_MEMS_characterisation.json,None is not of type 'string'
/home/hemduttdabral/Downloads/proj-api-volume-dump/af0d582a-eb60-4813-a53b-d03ea5ba52b4/workspace/projects/my_satr/ai_my_satr.json,"{'application': 'b63b7610-5300-4aeb-b23d-208f5fadbd9b', 'firmware_update': False} is not valid under any of the given schemas"
/home/hemduttdabral/Downloads/proj-api-volume-dump/fbbaaa02-4ca9-4c70-90c4-8260cb82c9ce/workspace/projects/Project_name_17884/ai_Project_name_17884.json,"{'application': '219bb45e-c7b5-41b7-b516-3f18196e76b8', 'firmware_update': False} is not valid under any of the given schemas"
/home/hemduttdabral/Downloads/proj-api-volume-dump/ffb6e520-1471-46b6-836e-22939f09ca40/workspace/projects/Project_name_426469/ai_Project_name_426469.json,"{'application': 'bc2423c1-78d5-4146-88e8-6fd1cf62869c', 'firmware_update': False} is not valid under any of the given schemas"
/home/hemduttdabral/Downloads/proj-api-volume-dump/ffb6e520-1471-46b6-836e-22939f09ca40/workspace/projects/Project_name_242394/ai_Project_name_242394.json,"{'application': '2fce1c8b-d831-468d-b3e0-937ea38213b4', 'firmware_update': False} is not valid under any of the given schemas"
/home/hemduttdabral/Downloads/proj-api-volume-dump/ffb6e520-1471-46b6-836e-22939f09ca40/workspace/projects/Project_name_473059/ai_Project_name_473059.json,"{'application': '2724c555-39af-42a5-90d9-6a160567c90b', 'firmware_update': False} is not valid under any of the given schemas"
/home/hemduttdabral/Downloads/proj-api-volume-dump/ffb6e520-1471-46b6-836e-22939f09ca40/workspace/projects/Project_name_938069/ai_Project_name_938069.json,"{'application': '2d1eb575-9f06-4480-a456-5e0b8ce9f86d', 'firmware_update': False} is not valid under any of the given schemas"
/home/hemduttdabral/Downloads/proj-api-volume-dump/5rhwh430ds00rb5ne6mbfa4k10/workspace/projects/shareD/ai_shareD.json,"{'application': 'd1a2dcaf-7104-40b5-a153-bf5a6177c9d3', 'firmware_update': False} is not valid under any of the given schemas"
/home/hemduttdabral/Downloads/proj-api-volume-dump/a22e457c-e772-4e51-a372-0eb338486245/workspace/projects/Project_name_30594/ai_Project_name_30594.json,"{'application': '47d7249f-862a-4967-acd6-2e9309f4415e', 'firmware_update': False} is not valid under any of the given schemas"
/home/hemduttdabral/Downloads/proj-api-volume-dump/a22e457c-e772-4e51-a372-0eb338486245/workspace/projects/Project_name_527677/ai_Project_name_527677.json,"{'application': 'd7573f27-0d72-4cb9-bd9e-9906352442d0', 'firmware_update': False} is not valid under any of the given schemas"
/home/hemduttdabral/Downloads/proj-api-volume-dump/a22e457c-e772-4e51-a372-0eb338486245/workspace/projects/Project_name_107201/ai_Project_name_107201.json,"{'application': '4da8ba99-46af-447b-8069-4d5c89da58f3', 'firmware_update': False} is not valid under any of the given schemas"
/home/hemduttdabral/Downloads/proj-api-volume-dump/a22e457c-e772-4e51-a372-0eb338486245/workspace/projects/Project_name_562323/ai_Project_name_562323.json,"{'application': '331a18cf-d3fe-4fbe-9530-a28d7cd0e0ca', 'firmware_update': False} is not valid under any of the given schemas"
/home/hemduttdabral/Downloads/proj-api-volume-dump/a22e457c-e772-4e51-a372-0eb338486245/workspace/projects/Project_name_237966/ai_Project_name_237966.json,"{'application': '230e8886-1d98-4de7-a027-f9a6d8de604e', 'firmware_update': False} is not valid under any of the given schemas"
/home/hemduttdabral/Downloads/proj-api-volume-dump/2731dd0c-de31-460f-bd8d-cd6e5e70e3eb/workspace/projects/In_pocket/ai_In_pocket.json,None is not of type 'string'
/home/hemduttdabral/Downloads/proj-api-volume-dump/2731dd0c-de31-460f-bd8d-cd6e5e70e3eb/workspace/projects/In_pocket/ai_In_pocket.json,None is not of type 'string'
/home/hemduttdabral/Downloads/proj-api-volume-dump/2731dd0c-de31-460f-bd8d-cd6e5e70e3eb/workspace/projects/In_pocket_Diverse/ai_In_pocket_Diverse.json,None is not of type 'string'
/home/hemduttdabral/Downloads/proj-api-volume-dump/2731dd0c-de31-460f-bd8d-cd6e5e70e3eb/workspace/projects/In_pocket_Diverse/ai_In_pocket_Diverse.json,None is not of type 'string'
/home/hemduttdabral/Downloads/proj-api-volume-dump/2731dd0c-de31-460f-bd8d-cd6e5e70e3eb/workspace/projects/In_pocket_reduced_ODR/ai_In_pocket_reduced_ODR.json,None is not of type 'string'
/home/hemduttdabral/Downloads/proj-api-volume-dump/2731dd0c-de31-460f-bd8d-cd6e5e70e3eb/workspace/projects/In_pocket_reduced_ODR/ai_In_pocket_reduced_ODR.json,None is not of type 'string'
/home/hemduttdabral/Downloads/proj-api-volume-dump/2731dd0c-de31-460f-bd8d-cd6e5e70e3eb/workspace/projects/Extra_labels/ai_Extra_labels.json,None is not of type 'string'
/home/hemduttdabral/Downloads/proj-api-volume-dump/2731dd0c-de31-460f-bd8d-cd6e5e70e3eb/workspace/projects/Extra_labels/ai_Extra_labels.json,None is not of type 'string'
/home/hemduttdabral/Downloads/proj-api-volume-dump/2731dd0c-de31-460f-bd8d-cd6e5e70e3eb/workspace/projects/Center_Top/ai_Center_Top.json,None is not of type 'string'
/home/hemduttdabral/Downloads/proj-api-volume-dump/2731dd0c-de31-460f-bd8d-cd6e5e70e3eb/workspace/projects/Center_Top/ai_Center_Top.json,None is not of type 'string'
/home/hemduttdabral/Downloads/proj-api-volume-dump/c1b0a627-ce6a-4c3f-b71c-887172e93973/workspace/projects/Project_name_876496/ai_Project_name_876496.json,"{'application': 'f7706faa-449c-4e20-8f57-553bd9cb2e9e', 'firmware_update': False} is not valid under any of the given schemas"
/home/hemduttdabral/Downloads/proj-api-volume-dump/pr43rmenh6mm69gzvy0exdfk10/workspace/projects/DatasetProject_865188/ai_DatasetProject_865188.json,None is not of type 'string'
/home/hemduttdabral/Downloads/proj-api-volume-dump/pr43rmenh6mm69gzvy0exdfk10/workspace/projects/DatasetProject_865188/ai_DatasetProject_865188.json,None is not of type 'string'
/home/hemduttdabral/Downloads/proj-api-volume-dump/pr43rmenh6mm69gzvy0exdfk10/workspace/projects/DatasetProject_865188/ai_DatasetProject_865188.json,None is not of type 'string'
/home/hemduttdabral/Downloads/proj-api-volume-dump/017e85d9-d1ba-4086-a4c8-946820dd33a2/workspace/projects/Project_name_310655/ai_Project_name_310655.json,"{'application': '86938d98-aaf9-4dfd-b5f9-89d7434e93e1', 'firmware_update': False} is not valid under any of the given schemas"
/home/hemduttdabral/Downloads/proj-api-volume-dump/d4f6606c-89e7-4674-9685-945b1fc77049/workspace/projects/Project_name_613583/ai_Project_name_613583.json,"{'application': '763bdb87-76fd-44c3-9cfd-588217c3edf4', 'firmware_update': False} is not valid under any of the given schemas"
/home/hemduttdabral/Downloads/proj-api-volume-dump/d4f6606c-89e7-4674-9685-945b1fc77049/workspace/projects/Project_name_170807/ai_Project_name_170807.json,"{'application': 'e2d93351-1c38-4128-aad6-f17ffddd0044', 'firmware_update': False} is not valid under any of the given schemas"
/home/hemduttdabral/Downloads/proj-api-volume-dump/d4f6606c-89e7-4674-9685-945b1fc77049/workspace/projects/Project_name_533944/ai_Project_name_533944.json,"{'application': 'c87fa769-8482-4bff-96eb-f7ec2b82a3e0', 'firmware_update': False} is not valid under any of the given schemas"
/home/hemduttdabral/Downloads/proj-api-volume-dump/d4f6606c-89e7-4674-9685-945b1fc77049/workspace/projects/Project_name_392807/ai_Project_name_392807.json,"{'application': 'b7b01892-e3d5-45c4-af01-3f498873246f', 'firmware_update': False} is not valid under any of the given schemas"
/home/hemduttdabral/Downloads/proj-api-volume-dump/349334c0-7d93-413d-a80a-6a3156e5f18e/workspace/projects/Project_name_785628/ai_Project_name_785628.json,"{'application': '68f07ae9-f3a7-4bd8-bb3b-0c439cbfe795', 'firmware_update': False} is not valid under any of the given schemas"
/home/hemduttdabral/Downloads/proj-api-volume-dump/349334c0-7d93-413d-a80a-6a3156e5f18e/workspace/projects/Project_name_592946/ai_Project_name_592946.json,"{'application': 'da3a0b7b-61ca-46ae-b2f1-099e90449d5c', 'firmware_update': False} is not valid under any of the given schemas"
/home/hemduttdabral/Downloads/proj-api-volume-dump/aab86cf7-3ad0-4d52-9da4-691684688346/workspace/projects/Project_name_826053/ai_Project_name_826053.json,"{'application': '05d5c94a-780a-43c1-8b0f-b95c0de386db', 'firmware_update': False} is not valid under any of the given schemas"
/home/hemduttdabral/Downloads/proj-api-volume-dump/9a8a8m0r4d21ymavm2hda6pk10/workspace/projects/High-G-Shocks/ai_High-G-Shocks.json,None is not of type 'string'
/home/hemduttdabral/Downloads/proj-api-volume-dump/9a8a8m0r4d21ymavm2hda6pk10/workspace/projects/High-G-Shocks/ai_High-G-Shocks.json,None is not of type 'string'
/home/hemduttdabral/Downloads/proj-api-volume-dump/9a8a8m0r4d21ymavm2hda6pk10/workspace/projects/High-G-Shocks/ai_High-G-Shocks.json,None is not of type 'string'
/home/hemduttdabral/Downloads/proj-api-volume-dump/baa68ef5-6e04-4292-9d4e-759339b479e9/workspace/projects/Project_name_143028/ai_Project_name_143028.json,"{'application': '408de17c-7919-49a7-ae3d-42372f22faea', 'firmware_update': False} is not valid under any of the given schemas"
/home/hemduttdabral/Downloads/proj-api-volume-dump/baa68ef5-6e04-4292-9d4e-759339b479e9/workspace/projects/Project_name_692221/ai_Project_name_692221.json,"{'application': '852e0635-e0aa-43cd-a8cd-1ab5be3183a1', 'firmware_update': False} is not valid under any of the given schemas"
/home/hemduttdabral/Downloads/proj-api-volume-dump/baa68ef5-6e04-4292-9d4e-759339b479e9/workspace/projects/Project_name_167272/ai_Project_name_167272.json,"{'application': '245867a4-e672-4236-9472-bbd438a4b28c', 'firmware_update': False} is not valid under any of the given schemas"
/home/hemduttdabral/Downloads/proj-api-volume-dump/1ca53e7b-336a-4ac7-ab1b-b0ac75b0329e/workspace/projects/Project_name_851791/ai_Project_name_851791.json,"{'application': 'd6a47dbf-4447-400b-bf3f-8d1cadcc4993', 'firmware_update': False} is not valid under any of the given schemas"
/home/hemduttdabral/Downloads/proj-api-volume-dump/2b4e45b0-0835-420a-b81e-00c7c96e6a74/workspace/projects/proj_1779786687448/ai_proj_1779786687448.json,None is not of type 'string'
/home/hemduttdabral/Downloads/proj-api-volume-dump/2b4e45b0-0835-420a-b81e-00c7c96e6a74/workspace/projects/proj_1779786687448/ai_proj_1779786687448.json,None is not of type 'string'
/home/hemduttdabral/Downloads/proj-api-volume-dump/2b4e45b0-0835-420a-b81e-00c7c96e6a74/workspace/projects/proj_1779786687448/ai_proj_1779786687448.json,None is not of type 'string'
/home/hemduttdabral/Downloads/proj-api-volume-dump/2b4e45b0-0835-420a-b81e-00c7c96e6a74/workspace/projects/proj_1779786687448/ai_proj_1779786687448.json,None is not of type 'string'
/home/hemduttdabral/Downloads/proj-api-volume-dump/2b4e45b0-0835-420a-b81e-00c7c96e6a74/workspace/projects/proj_1779786687448/ai_proj_1779786687448.json,None is not of type 'string'
/home/hemduttdabral/Downloads/proj-api-volume-dump/2b4e45b0-0835-420a-b81e-00c7c96e6a74/workspace/projects/proj_1779786687448/ai_proj_1779786687448.json,None is not of type 'array'
/home/hemduttdabral/Downloads/proj-api-volume-dump/2b4e45b0-0835-420a-b81e-00c7c96e6a74/workspace/projects/proj_1779446604944/ai_proj_1779446604944.json,None is not of type 'string'
/home/hemduttdabral/Downloads/proj-api-volume-dump/2b4e45b0-0835-420a-b81e-00c7c96e6a74/workspace/projects/proj_1779446604944/ai_proj_1779446604944.json,None is not of type 'string'
/home/hemduttdabral/Downloads/proj-api-volume-dump/2b4e45b0-0835-420a-b81e-00c7c96e6a74/workspace/projects/proj_1779446604944/ai_proj_1779446604944.json,None is not of type 'string'
/home/hemduttdabral/Downloads/proj-api-volume-dump/2b4e45b0-0835-420a-b81e-00c7c96e6a74/workspace/projects/proj_1779446604944/ai_proj_1779446604944.json,None is not of type 'string'
/home/hemduttdabral/Downloads/proj-api-volume-dump/2b4e45b0-0835-420a-b81e-00c7c96e6a74/workspace/projects/proj_1779446604944/ai_proj_1779446604944.json,None is not of type 'string'
/home/hemduttdabral/Downloads/proj-api-volume-dump/2b4e45b0-0835-420a-b81e-00c7c96e6a74/workspace/projects/proj_1779446604944/ai_proj_1779446604944.json,None is not of type 'array'
/home/hemduttdabral/Downloads/proj-api-volume-dump/2b4e45b0-0835-420a-b81e-00c7c96e6a74/workspace/projects/proj_1778235784469/ai_proj_1778235784469.json,None is not of type 'string'
/home/hemduttdabral/Downloads/proj-api-volume-dump/2b4e45b0-0835-420a-b81e-00c7c96e6a74/workspace/projects/proj_1778235784469/ai_proj_1778235784469.json,None is not of type 'string'
/home/hemduttdabral/Downloads/proj-api-volume-dump/2b4e45b0-0835-420a-b81e-00c7c96e6a74/workspace/projects/proj_1778235784469/ai_proj_1778235784469.json,None is not of type 'string'
/home/hemduttdabral/Downloads/proj-api-volume-dump/2b4e45b0-0835-420a-b81e-00c7c96e6a74/workspace/projects/proj_1778235784469/ai_proj_1778235784469.json,None is not of type 'string'
/home/hemduttdabral/Downloads/proj-api-volume-dump/2b4e45b0-0835-420a-b81e-00c7c96e6a74/workspace/projects/proj_1778235784469/ai_proj_1778235784469.json,None is not of type 'string'
/home/hemduttdabral/Downloads/proj-api-volume-dump/2b4e45b0-0835-420a-b81e-00c7c96e6a74/workspace/projects/proj_1778235784469/ai_proj_1778235784469.json,None is not of type 'array'
/home/hemduttdabral/Downloads/proj-api-volume-dump/2b4e45b0-0835-420a-b81e-00c7c96e6a74/workspace/projects/proj_1781708514290/ai_proj_1781708514290.json,None is not of type 'string'
/home/hemduttdabral/Downloads/proj-api-volume-dump/2b4e45b0-0835-420a-b81e-00c7c96e6a74/workspace/projects/proj_1781708514290/ai_proj_1781708514290.json,None is not of type 'string'
/home/hemduttdabral/Downloads/proj-api-volume-dump/2b4e45b0-0835-420a-b81e-00c7c96e6a74/workspace/projects/proj_1781708514290/ai_proj_1781708514290.json,None is not of type 'string'
/home/hemduttdabral/Downloads/proj-api-volume-dump/2b4e45b0-0835-420a-b81e-00c7c96e6a74/workspace/projects/proj_1781708514290/ai_proj_1781708514290.json,None is not of type 'string'
/home/hemduttdabral/Downloads/proj-api-volume-dump/2b4e45b0-0835-420a-b81e-00c7c96e6a74/workspace/projects/proj_1781708514290/ai_proj_1781708514290.json,None is not of type 'string'
/home/hemduttdabral/Downloads/proj-api-volume-dump/2b4e45b0-0835-420a-b81e-00c7c96e6a74/workspace/projects/proj_1781708514290/ai_proj_1781708514290.json,None is not of type 'array'
/home/hemduttdabral/Downloads/proj-api-volume-dump/2b4e45b0-0835-420a-b81e-00c7c96e6a74/workspace/projects/proj_1778491658694/ai_proj_1778491658694.json,None is not of type 'string'
/home/hemduttdabral/Downloads/proj-api-volume-dump/2b4e45b0-0835-420a-b81e-00c7c96e6a74/workspace/projects/proj_1778491658694/ai_proj_1778491658694.json,None is not of type 'string'
/home/hemduttdabral/Downloads/proj-api-volume-dump/2b4e45b0-0835-420a-b81e-00c7c96e6a74/workspace/projects/proj_1778491658694/ai_proj_1778491658694.json,None is not of type 'string'
/home/hemduttdabral/Downloads/proj-api-volume-dump/2b4e45b0-0835-420a-b81e-00c7c96e6a74/workspace/projects/proj_1778491658694/ai_proj_1778491658694.json,None is not of type 'string'
/home/hemduttdabral/Downloads/proj-api-volume-dump/2b4e45b0-0835-420a-b81e-00c7c96e6a74/workspace/projects/proj_1778491658694/ai_proj_1778491658694.json,None is not of type 'string'
/home/hemduttdabral/Downloads/proj-api-volume-dump/2b4e45b0-0835-420a-b81e-00c7c96e6a74/workspace/projects/proj_1778491658694/ai_proj_1778491658694.json,None is not of type 'array'
/home/hemduttdabral/Downloads/proj-api-volume-dump/2b4e45b0-0835-420a-b81e-00c7c96e6a74/workspace/projects/proj_1779367307320/ai_proj_1779367307320.json,None is not of type 'string'
/home/hemduttdabral/Downloads/proj-api-volume-dump/2b4e45b0-0835-420a-b81e-00c7c96e6a74/workspace/projects/proj_1779367307320/ai_proj_1779367307320.json,None is not of type 'string'
/home/hemduttdabral/Downloads/proj-api-volume-dump/2b4e45b0-0835-420a-b81e-00c7c96e6a74/workspace/projects/proj_1779367307320/ai_proj_1779367307320.json,None is not of type 'string'
/home/hemduttdabral/Downloads/proj-api-volume-dump/2b4e45b0-0835-420a-b81e-00c7c96e6a74/workspace/projects/proj_1779367307320/ai_proj_1779367307320.json,None is not of type 'string'
/home/hemduttdabral/Downloads/proj-api-volume-dump/2b4e45b0-0835-420a-b81e-00c7c96e6a74/workspace/projects/proj_1779367307320/ai_proj_1779367307320.json,None is not of type 'string'
/home/hemduttdabral/Downloads/proj-api-volume-dump/2b4e45b0-0835-420a-b81e-00c7c96e6a74/workspace/projects/proj_1779367307320/ai_proj_1779367307320.json,None is not of type 'array'
/home/hemduttdabral/Downloads/proj-api-volume-dump/2b4e45b0-0835-420a-b81e-00c7c96e6a74/workspace/projects/proj_1778236459724/ai_proj_1778236459724.json,None is not of type 'string'
/home/hemduttdabral/Downloads/proj-api-volume-dump/2b4e45b0-0835-420a-b81e-00c7c96e6a74/workspace/projects/proj_1778236459724/ai_proj_1778236459724.json,None is not of type 'string'
/home/hemduttdabral/Downloads/proj-api-volume-dump/2b4e45b0-0835-420a-b81e-00c7c96e6a74/workspace/projects/proj_1778236459724/ai_proj_1778236459724.json,None is not of type 'string'
/home/hemduttdabral/Downloads/proj-api-volume-dump/2b4e45b0-0835-420a-b81e-00c7c96e6a74/workspace/projects/proj_1778236459724/ai_proj_1778236459724.json,None is not of type 'string'
/home/hemduttdabral/Downloads/proj-api-volume-dump/2b4e45b0-0835-420a-b81e-00c7c96e6a74/workspace/projects/proj_1778236459724/ai_proj_1778236459724.json,None is not of type 'string'
/home/hemduttdabral/Downloads/proj-api-volume-dump/2b4e45b0-0835-420a-b81e-00c7c96e6a74/workspace/projects/proj_1778236459724/ai_proj_1778236459724.json,None is not of type 'array'
/home/hemduttdabral/Downloads/proj-api-volume-dump/2b4e45b0-0835-420a-b81e-00c7c96e6a74/workspace/projects/proj_1779367878797/ai_proj_1779367878797.json,None is not of type 'string'
/home/hemduttdabral/Downloads/proj-api-volume-dump/2b4e45b0-0835-420a-b81e-00c7c96e6a74/workspace/projects/proj_1779367878797/ai_proj_1779367878797.json,None is not of type 'string'
/home/hemduttdabral/Downloads/proj-api-volume-dump/2b4e45b0-0835-420a-b81e-00c7c96e6a74/workspace/projects/proj_1779367878797/ai_proj_1779367878797.json,None is not of type 'string'
/home/hemduttdabral/Downloads/proj-api-volume-dump/2b4e45b0-0835-420a-b81e-00c7c96e6a74/workspace/projects/proj_1779367878797/ai_proj_1779367878797.json,None is not of type 'string'
/home/hemduttdabral/Downloads/proj-api-volume-dump/2b4e45b0-0835-420a-b81e-00c7c96e6a74/workspace/projects/proj_1779367878797/ai_proj_1779367878797.json,None is not of type 'string'
/home/hemduttdabral/Downloads/proj-api-volume-dump/2b4e45b0-0835-420a-b81e-00c7c96e6a74/workspace/projects/proj_1779367878797/ai_proj_1779367878797.json,None is not of type 'array'
/home/hemduttdabral/Downloads/proj-api-volume-dump/16986b79-a957-4306-9530-14b304becb94/workspace/projects/Project_name_37016/ai_Project_name_37016.json,"{'application': '97b3fef6-845b-4815-8817-7925caaeb3ae', 'firmware_update': False} is not valid under any of the given schemas"
/home/hemduttdabral/Downloads/proj-api-volume-dump/16986b79-a957-4306-9530-14b304becb94/workspace/projects/Project_name_358059/ai_Project_name_358059.json,"{'application': '8b6005a0-452b-4767-8fb3-081a05de586e', 'firmware_update': False} is not valid under any of the given schemas"
/home/hemduttdabral/Downloads/proj-api-volume-dump/16986b79-a957-4306-9530-14b304becb94/workspace/projects/Project_name_45012/ai_Project_name_45012.json,"{'application': 'da8c1dc6-212b-4ab6-8397-16d357d97638', 'firmware_update': False} is not valid under any of the given schemas"
/home/hemduttdabral/Downloads/proj-api-volume-dump/16986b79-a957-4306-9530-14b304becb94/workspace/projects/Project_name_355966/ai_Project_name_355966.json,"{'application': '9ac087ad-d4c6-40c2-b75c-cfdcde814942', 'firmware_update': False} is not valid under any of the given schemas"
/home/hemduttdabral/Downloads/proj-api-volume-dump/16986b79-a957-4306-9530-14b304becb94/workspace/projects/Project_name_45379/ai_Project_name_45379.json,"{'application': '37b09b5e-ec89-4914-b339-a2b387c963da', 'firmware_update': False} is not valid under any of the given schemas"
/home/hemduttdabral/Downloads/proj-api-volume-dump/b51bd269-cc90-4d4a-97f3-6bf57ecc241b/workspace/projects/Project_name_488001/ai_Project_name_488001.json,"{'application': '59815ad9-5f59-41f8-b9e4-5d375c93f708', 'firmware_update': False} is not valid under any of the given schemas"
/home/hemduttdabral/Downloads/proj-api-volume-dump/b51bd269-cc90-4d4a-97f3-6bf57ecc241b/workspace/projects/Project_name_644366/ai_Project_name_644366.json,"{'application': '92cc01c3-698a-403e-ae19-37a2420fa35a', 'firmware_update': False} is not valid under any of the given schemas"
/home/hemduttdabral/Downloads/proj-api-volume-dump/b51bd269-cc90-4d4a-97f3-6bf57ecc241b/workspace/projects/Project_name_831761/ai_Project_name_831761.json,"{'application': 'e73f330c-6470-4ab1-ac08-34be9998a299', 'firmware_update': False} is not valid under any of the given schemas"
/home/hemduttdabral/Downloads/proj-api-volume-dump/b51bd269-cc90-4d4a-97f3-6bf57ecc241b/workspace/projects/Project_name_677017/ai_Project_name_677017.json,"{'application': 'c50c72be-40d6-4eb5-8592-5b54f12669c2', 'firmware_update': False} is not valid under any of the given schemas"
/home/hemduttdabral/Downloads/proj-api-volume-dump/dd554919-f3f8-4479-b01d-1cc3962ac278/workspace/projects/Project_name_683329/ai_Project_name_683329.json,"{'application': 'a4738a63-f6a7-44b7-bf78-9d4b22216fb4', 'firmware_update': False} is not valid under any of the given schemas"
/home/hemduttdabral/Downloads/proj-api-volume-dump/dd554919-f3f8-4479-b01d-1cc3962ac278/workspace/projects/Project_name_207539/ai_Project_name_207539.json,"{'application': '30e771fc-422b-4cee-ad70-faf166a1f4e9', 'firmware_update': False} is not valid under any of the given schemas"
/home/hemduttdabral/Downloads/proj-api-volume-dump/dd554919-f3f8-4479-b01d-1cc3962ac278/workspace/projects/Project_name_228024/ai_Project_name_228024.json,"{'application': 'c1fd69fe-be2f-40ec-b480-1a1cb81796c9', 'firmware_update': False} is not valid under any of the given schemas"
/home/hemduttdabral/Downloads/proj-api-volume-dump/dd554919-f3f8-4479-b01d-1cc3962ac278/workspace/projects/Project_name_749669/ai_Project_name_749669.json,"{'application': '0cf6542c-e531-4ad6-9cb3-3d7e765bf9f3', 'firmware_update': False} is not valid under any of the given schemas"
/home/hemduttdabral/Downloads/proj-api-volume-dump/dd554919-f3f8-4479-b01d-1cc3962ac278/workspace/projects/Project_name_86860/ai_Project_name_86860.json,"{'application': '3698756d-7974-4529-aca3-79b4e63963e9', 'firmware_update': False} is not valid under any of the given schemas"
/home/hemduttdabral/Downloads/proj-api-volume-dump/ea9b629b-bcab-4d80-b540-b961ae227cae/workspace/projects/20240705_automode_ux_test/ai_20240705_automode_ux_test.json,None is not of type 'string'
/home/hemduttdabral/Downloads/proj-api-volume-dump/7b9982b1-b4fe-455f-a776-ef65c061bee8/workspace/projects/test_project_name_170398/ai_test_project_name_170398.json,None is not of type 'string'
/home/hemduttdabral/Downloads/proj-api-volume-dump/7b9982b1-b4fe-455f-a776-ef65c061bee8/workspace/projects/test_project_name_170398/ai_test_project_name_170398.json,None is not of type 'string'
/home/hemduttdabral/Downloads/proj-api-volume-dump/7b9982b1-b4fe-455f-a776-ef65c061bee8/workspace/projects/test_project_name_170398/ai_test_project_name_170398.json,None is not of type 'array'
/home/hemduttdabral/Downloads/proj-api-volume-dump/7b9982b1-b4fe-455f-a776-ef65c061bee8/workspace/projects/test_project_name_236808/ai_test_project_name_236808.json,None is not of type 'string'
/home/hemduttdabral/Downloads/proj-api-volume-dump/7b9982b1-b4fe-455f-a776-ef65c061bee8/workspace/projects/test_project_name_236808/ai_test_project_name_236808.json,None is not of type 'string'
/home/hemduttdabral/Downloads/proj-api-volume-dump/7b9982b1-b4fe-455f-a776-ef65c061bee8/workspace/projects/test_project_name_236808/ai_test_project_name_236808.json,None is not of type 'string'
/home/hemduttdabral/Downloads/proj-api-volume-dump/7b9982b1-b4fe-455f-a776-ef65c061bee8/workspace/projects/test_project_name_236808/ai_test_project_name_236808.json,None is not of type 'array'
/home/hemduttdabral/Downloads/proj-api-volume-dump/7b9982b1-b4fe-455f-a776-ef65c061bee8/workspace/projects/test_project_name_122265/ai_test_project_name_122265.json,None is not of type 'string'
/home/hemduttdabral/Downloads/proj-api-volume-dump/7b9982b1-b4fe-455f-a776-ef65c061bee8/workspace/projects/test_project_name_122265/ai_test_project_name_122265.json,None is not of type 'string'
/home/hemduttdabral/Downloads/proj-api-volume-dump/7b9982b1-b4fe-455f-a776-ef65c061bee8/workspace/projects/test_project_name_122265/ai_test_project_name_122265.json,None is not of type 'array'
/home/hemduttdabral/Downloads/proj-api-volume-dump/7b9982b1-b4fe-455f-a776-ef65c061bee8/workspace/projects/test_project_name_890862/ai_test_project_name_890862.json,None is not of type 'string'
/home/hemduttdabral/Downloads/proj-api-volume-dump/7b9982b1-b4fe-455f-a776-ef65c061bee8/workspace/projects/test_project_name_890862/ai_test_project_name_890862.json,None is not of type 'string'
/home/hemduttdabral/Downloads/proj-api-volume-dump/7b9982b1-b4fe-455f-a776-ef65c061bee8/workspace/projects/test_project_name_890862/ai_test_project_name_890862.json,None is not of type 'array'
/home/hemduttdabral/Downloads/proj-api-volume-dump/7b9982b1-b4fe-455f-a776-ef65c061bee8/workspace/projects/test_project_name_117579/ai_test_project_name_117579.json,None is not of type 'string'
/home/hemduttdabral/Downloads/proj-api-volume-dump/7b9982b1-b4fe-455f-a776-ef65c061bee8/workspace/projects/test_project_name_117579/ai_test_project_name_117579.json,None is not of type 'string'
/home/hemduttdabral/Downloads/proj-api-volume-dump/7b9982b1-b4fe-455f-a776-ef65c061bee8/workspace/projects/test_project_name_117579/ai_test_project_name_117579.json,None is not of type 'array'
/home/hemduttdabral/Downloads/proj-api-volume-dump/a3635117-9d43-4e69-9bdc-c731b3321cd6/workspace/projects/Project_name_357237/ai_Project_name_357237.json,"{'application': '7b74859b-178c-4218-9438-920f732429ac', 'firmware_update': False} is not valid under any of the given schemas"
/home/hemduttdabral/Downloads/proj-api-volume-dump/31f6ccc6-dcf0-49c7-9e50-d150e7ecdffd/workspace/projects/Project_name_445782/ai_Project_name_445782.json,"{'application': 'bc64b6aa-ee98-4734-bdd0-c16acfaed318', 'firmware_update': False} is not valid under any of the given schemas"
/home/hemduttdabral/Downloads/proj-api-volume-dump/f7d5842c-5312-4485-8b83-8c84cc0d2761/workspace/projects/test/ai_test.json,None is not of type 'string'
/home/hemduttdabral/Downloads/proj-api-volume-dump/f7d5842c-5312-4485-8b83-8c84cc0d2761/workspace/projects/test/ai_test.json,None is not of type 'string'
/home/hemduttdabral/Downloads/proj-api-volume-dump/fcdef292-c680-47cc-8cd9-c6c3f87d0340/workspace/projects/Project_name_206604/ai_Project_name_206604.json,"{'application': '49e3c32e-9faa-4fad-adbf-c93b02c67503', 'firmware_update': False} is not valid under any of the given schemas"
/home/hemduttdabral/Downloads/proj-api-volume-dump/51a2ab18-f297-43e3-8e70-86b83078690f/workspace/projects/Project_name_319530/ai_Project_name_319530.json,"{'application': '706c4e0b-6f58-4662-837f-7c1b59051f8f', 'firmware_update': False} is not valid under any of the given schemas"
/home/hemduttdabral/Downloads/proj-api-volume-dump/51a2ab18-f297-43e3-8e70-86b83078690f/workspace/projects/Project_name_658160/ai_Project_name_658160.json,"{'application': '44d2a381-3d03-46c5-a890-f5906f2ce889', 'firmware_update': False} is not valid under any of the given schemas"
/home/hemduttdabral/Downloads/proj-api-volume-dump/51a2ab18-f297-43e3-8e70-86b83078690f/workspace/projects/Project_name_207830/ai_Project_name_207830.json,"{'application': '355a2ddd-f81b-4523-a1c0-c90453d407a6', 'firmware_update': False} is not valid under any of the given schemas"
/home/hemduttdabral/Downloads/proj-api-volume-dump/51a2ab18-f297-43e3-8e70-86b83078690f/workspace/projects/Project_name_653849/ai_Project_name_653849.json,"{'application': '71b692ae-cb4b-48a3-97fe-038e15271b9c', 'firmware_update': False} is not valid under any of the given schemas"
/home/hemduttdabral/Downloads/proj-api-volume-dump/d40f425d-e259-4796-bc8b-fbade2c00be2/workspace/projects/testing_project/ai_testing_project.json,None is not of type 'string'
/home/hemduttdabral/Downloads/proj-api-volume-dump/d40f425d-e259-4796-bc8b-fbade2c00be2/workspace/projects/testing_project/ai_testing_project.json,None is not of type 'string'
/home/hemduttdabral/Downloads/proj-api-volume-dump/d40f425d-e259-4796-bc8b-fbade2c00be2/workspace/projects/testing_project/ai_testing_project.json,None is not of type 'string'
/home/hemduttdabral/Downloads/proj-api-volume-dump/d40f425d-e259-4796-bc8b-fbade2c00be2/workspace/projects/testing_project/ai_testing_project.json,None is not of type 'string'
/home/hemduttdabral/Downloads/proj-api-volume-dump/893f7e71-47f9-4dee-8a71-77d27a8b7d28/workspace/projects/Project_name_103006/ai_Project_name_103006.json,"{'application': '827b4aaf-5d4a-4e06-9984-d6e2d874788e', 'firmware_update': False} is not valid under any of the given schemas"
/home/hemduttdabral/Downloads/proj-api-volume-dump/893f7e71-47f9-4dee-8a71-77d27a8b7d28/workspace/projects/Project_name_935011/ai_Project_name_935011.json,"{'application': '8393f5b9-6453-4bf3-a5bf-032e90498794', 'firmware_update': False} is not valid under any of the given schemas"
/home/hemduttdabral/Downloads/proj-api-volume-dump/893f7e71-47f9-4dee-8a71-77d27a8b7d28/workspace/projects/Project_name_696470/ai_Project_name_696470.json,"{'application': 'e3f778da-240b-4dfa-bc47-b2aa4722567d', 'firmware_update': False} is not valid under any of the given schemas"
/home/hemduttdabral/Downloads/proj-api-volume-dump/893f7e71-47f9-4dee-8a71-77d27a8b7d28/workspace/projects/Project_name_218874/ai_Project_name_218874.json,"{'application': '4cbda9cb-bb44-4402-86f8-b3e94ab00954', 'firmware_update': False} is not valid under any of the given schemas"
/home/hemduttdabral/Downloads/proj-api-volume-dump/893f7e71-47f9-4dee-8a71-77d27a8b7d28/workspace/projects/Project_name_117123/ai_Project_name_117123.json,"{'application': '2cbc68e9-70b4-467c-b0d1-98d747422bae', 'firmware_update': False} is not valid under any of the given schemas"
/home/hemduttdabral/Downloads/proj-api-volume-dump/mq1zcse1zpzjff9bxpmwsg2k10/workspace/projects/smart_asset_tracking_clone-1/ai_smart_asset_tracking_clone-1.json,"{'application': '86d867f7-fc52-4eb1-a375-d9f9d171136e', 'firmware_update': False} is not valid under any of the given schemas"
/home/hemduttdabral/Downloads/proj-api-volume-dump/mq1zcse1zpzjff9bxpmwsg2k10/workspace/projects/Testing-grp-2-hd-project/ai_Testing-grp-2-hd-project.json,"{'application': 'ebc5fb26-f7b7-4c2f-a89b-df24a448dc79', 'firmware_update': False} is not valid under any of the given schemas"
/home/hemduttdabral/Downloads/proj-api-volume-dump/aebe5b5f-9168-4b2a-b30e-b8ce41390a0e/workspace/projects/Project_name_892454/ai_Project_name_892454.json,"{'application': 'd890bc91-0d8c-4aee-90b5-dfc8a28171db', 'firmware_update': False} is not valid under any of the given schemas"
/home/hemduttdabral/Downloads/proj-api-volume-dump/aebe5b5f-9168-4b2a-b30e-b8ce41390a0e/workspace/projects/Project_name_586691/ai_Project_name_586691.json,"{'application': 'c4d75b8e-e514-4a29-9caa-b873c735472a', 'firmware_update': False} is not valid under any of the given schemas"
/home/hemduttdabral/Downloads/proj-api-volume-dump/aebe5b5f-9168-4b2a-b30e-b8ce41390a0e/workspace/projects/Project_name_322579/ai_Project_name_322579.json,"{'application': 'ee272c94-76b6-4e5d-9c6c-2906d44464b5', 'firmware_update': False} is not valid under any of the given schemas"
/home/hemduttdabral/Downloads/proj-api-volume-dump/aebe5b5f-9168-4b2a-b30e-b8ce41390a0e/workspace/projects/Project_name_744821/ai_Project_name_744821.json,"{'application': '28a9b74b-4688-4b84-84c0-75880e9bb121', 'firmware_update': False} is not valid under any of the given schemas"
/home/hemduttdabral/Downloads/proj-api-volume-dump/aebe5b5f-9168-4b2a-b30e-b8ce41390a0e/workspace/projects/Project_name_968408/ai_Project_name_968408.json,"{'application': 'c6c4fb76-a0b6-4b5f-a698-67cc7c1cb0cd', 'firmware_update': False} is not valid under any of the given schemas"
/home/hemduttdabral/Downloads/proj-api-volume-dump/74989bf7-26c1-4dd6-b80c-ff1589ef2d99/workspace/projects/Project_name_467171/ai_Project_name_467171.json,"{'application': '9d5510e6-ed49-4bf7-a4dc-405effd4f634', 'firmware_update': False} is not valid under any of the given schemas"
/home/hemduttdabral/Downloads/proj-api-volume-dump/74989bf7-26c1-4dd6-b80c-ff1589ef2d99/workspace/projects/Project_name_669635/ai_Project_name_669635.json,"{'application': '86b8987d-3dc6-4336-80fe-0931f2d94676', 'firmware_update': False} is not valid under any of the given schemas"
/home/hemduttdabral/Downloads/proj-api-volume-dump/74989bf7-26c1-4dd6-b80c-ff1589ef2d99/workspace/projects/Project_name_838684/ai_Project_name_838684.json,"{'application': '07863c0a-0739-4b78-99fb-ec1187d165e0', 'firmware_update': False} is not valid under any of the given schemas"
/home/hemduttdabral/Downloads/proj-api-volume-dump/74989bf7-26c1-4dd6-b80c-ff1589ef2d99/workspace/projects/Project_name_386773/ai_Project_name_386773.json,"{'application': '0d6dce44-dc72-4fbd-ab64-d50a7aa8ce9c', 'firmware_update': False} is not valid under any of the given schemas"
/home/hemduttdabral/Downloads/proj-api-volume-dump/74989bf7-26c1-4dd6-b80c-ff1589ef2d99/workspace/projects/Project_name_569991/ai_Project_name_569991.json,"{'application': 'e6d43062-c214-43f8-b6c9-82e54dfeb088', 'firmware_update': False} is not valid under any of the given schemas"
/home/hemduttdabral/Downloads/proj-api-volume-dump/ab71b116-574e-4e62-ad2d-8e991963ce3a/workspace/projects/new_project_name_272856/ai_new_project_name_272856.json,None is not of type 'string'
/home/hemduttdabral/Downloads/proj-api-volume-dump/ab71b116-574e-4e62-ad2d-8e991963ce3a/workspace/projects/new_project_name_272856/ai_new_project_name_272856.json,None is not of type 'array'
/home/hemduttdabral/Downloads/proj-api-volume-dump/ab71b116-574e-4e62-ad2d-8e991963ce3a/workspace/projects/FanCoil/ai_FanCoil.json,"{'application': 'e57f22c7-ddb9-43d9-a348-48a6976efc70', 'firmware_update': False} is not valid under any of the given schemas"
/home/hemduttdabral/Downloads/proj-api-volume-dump/ab71b116-574e-4e62-ad2d-8e991963ce3a/workspace/projects/FanCoil/ai_FanCoil.json,"{'application': 'b09be0de-773d-457b-9a92-7bf6104a1f38', 'firmware_update': False} is not valid under any of the given schemas"
/home/hemduttdabral/Downloads/proj-api-volume-dump/ab71b116-574e-4e62-ad2d-8e991963ce3a/workspace/projects/new_project_name_440045/ai_new_project_name_440045.json,None is not of type 'string'
/home/hemduttdabral/Downloads/proj-api-volume-dump/ab71b116-574e-4e62-ad2d-8e991963ce3a/workspace/projects/new_project_name_440045/ai_new_project_name_440045.json,None is not of type 'array'
/home/hemduttdabral/Downloads/proj-api-volume-dump/ab71b116-574e-4e62-ad2d-8e991963ce3a/workspace/projects/new_project_name_491870/ai_new_project_name_491870.json,None is not of type 'string'
/home/hemduttdabral/Downloads/proj-api-volume-dump/ab71b116-574e-4e62-ad2d-8e991963ce3a/workspace/projects/new_project_name_491870/ai_new_project_name_491870.json,None is not of type 'array'
/home/hemduttdabral/Downloads/proj-api-volume-dump/ab71b116-574e-4e62-ad2d-8e991963ce3a/workspace/projects/Test/ai_Test.json,"{'application': '1127b67b-524b-4fe1-bf10-7a8dc7942bd0', 'firmware_update': False} is not valid under any of the given schemas"
/home/hemduttdabral/Downloads/proj-api-volume-dump/ab71b116-574e-4e62-ad2d-8e991963ce3a/workspace/projects/new_project_name_923182/ai_new_project_name_923182.json,None is not of type 'string'
/home/hemduttdabral/Downloads/proj-api-volume-dump/ab71b116-574e-4e62-ad2d-8e991963ce3a/workspace/projects/new_project_name_923182/ai_new_project_name_923182.json,None is not of type 'array'
/home/hemduttdabral/Downloads/proj-api-volume-dump/ab71b116-574e-4e62-ad2d-8e991963ce3a/workspace/projects/test/ai_test.json,None is not of type 'string'
/home/hemduttdabral/Downloads/proj-api-volume-dump/ab71b116-574e-4e62-ad2d-8e991963ce3a/workspace/projects/test/ai_test.json,None is not of type 'string'
/home/hemduttdabral/Downloads/proj-api-volume-dump/ab71b116-574e-4e62-ad2d-8e991963ce3a/workspace/projects/ActivityRecognitionForMobile/ai_ActivityRecognitionForMobile.json,"{'application': '0eda1ec9-5f00-44ad-991c-cf8f598e13bc', 'firmware_update': False} is not valid under any of the given schemas"
/home/hemduttdabral/Downloads/proj-api-volume-dump/ab71b116-574e-4e62-ad2d-8e991963ce3a/workspace/projects/ActivityRecognitionForMobile/ai_ActivityRecognitionForMobile.json,"{'application': '7df3b23b-9f7e-4e00-9f75-7cf13048c842', 'firmware_update': False} is not valid under any of the given schemas"
/home/hemduttdabral/Downloads/proj-api-volume-dump/ab71b116-574e-4e62-ad2d-8e991963ce3a/workspace/projects/altrotest/ai_altrotest.json,"{'application': '899e4058-9e59-418d-8822-e30744f96a3b', 'firmware_update': False} is not valid under any of the given schemas"
/home/hemduttdabral/Downloads/proj-api-volume-dump/ab71b116-574e-4e62-ad2d-8e991963ce3a/workspace/projects/altrotest/ai_altrotest.json,"{'application': 'ef955b03-655e-4bc7-8447-eee0e79dd92f', 'firmware_update': False} is not valid under any of the given schemas"
/home/hemduttdabral/Downloads/proj-api-volume-dump/ab71b116-574e-4e62-ad2d-8e991963ce3a/workspace/projects/new_project_name_642989/ai_new_project_name_642989.json,None is not of type 'string'
/home/hemduttdabral/Downloads/proj-api-volume-dump/ab71b116-574e-4e62-ad2d-8e991963ce3a/workspace/projects/new_project_name_642989/ai_new_project_name_642989.json,None is not of type 'array'
/home/hemduttdabral/Downloads/proj-api-volume-dump/ab71b116-574e-4e62-ad2d-8e991963ce3a/workspace/projects/DishwasherActivityRecognition/ai_DishwasherActivityRecognition.json,"{'application': 'c4609ed8-36ed-4b9f-9807-cf463df8c8c3', 'firmware_update': False} is not valid under any of the given schemas"
/home/hemduttdabral/Downloads/proj-api-volume-dump/ab71b116-574e-4e62-ad2d-8e991963ce3a/workspace/projects/new-project-test/ai_new-project-test.json,"{'application': 'd5aee6e2-62f7-488b-adb5-a7aa59c7051a', 'firmware_update': False} is not valid under any of the given schemas"
/home/hemduttdabral/Downloads/proj-api-volume-dump/ab71b116-574e-4e62-ad2d-8e991963ce3a/workspace/projects/new_project_name_399745/ai_new_project_name_399745.json,None is not of type 'string'
/home/hemduttdabral/Downloads/proj-api-volume-dump/ab71b116-574e-4e62-ad2d-8e991963ce3a/workspace/projects/new_project_name_399745/ai_new_project_name_399745.json,None is not of type 'array'
/home/hemduttdabral/Downloads/proj-api-volume-dump/ab71b116-574e-4e62-ad2d-8e991963ce3a/workspace/projects/new_project_name_798795/ai_new_project_name_798795.json,None is not of type 'string'
/home/hemduttdabral/Downloads/proj-api-volume-dump/ab71b116-574e-4e62-ad2d-8e991963ce3a/workspace/projects/new_project_name_798795/ai_new_project_name_798795.json,None is not of type 'array'
/home/hemduttdabral/Downloads/proj-api-volume-dump/71ebec5f-6c03-41d2-97db-38f8ae8fcd65/workspace/projects/Project_name_174955/ai_Project_name_174955.json,"{'application': '15a27551-fcf5-484e-bb79-fefc693c6705', 'firmware_update': False} is not valid under any of the given schemas"
/home/hemduttdabral/Downloads/proj-api-volume-dump/71ebec5f-6c03-41d2-97db-38f8ae8fcd65/workspace/projects/Project_name_981553/ai_Project_name_981553.json,"{'application': '3e14ac74-27bf-43ef-ac3c-5faca8b44af5', 'firmware_update': False} is not valid under any of the given schemas"
/home/hemduttdabral/Downloads/proj-api-volume-dump/71ebec5f-6c03-41d2-97db-38f8ae8fcd65/workspace/projects/Project_name_520678/ai_Project_name_520678.json,"{'application': 'fe1fb82e-f019-4098-8a29-06d70d15a764', 'firmware_update': False} is not valid under any of the given schemas"
/home/hemduttdabral/Downloads/proj-api-volume-dump/f6f7f579-7840-4e3a-a0f5-d4719565664e/workspace/projects/Project_name_298208/ai_Project_name_298208.json,"{'application': '6387efd6-db81-4929-aa87-b635dfad22d8', 'firmware_update': False} is not valid under any of the given schemas"
/home/hemduttdabral/Downloads/proj-api-volume-dump/f6f7f579-7840-4e3a-a0f5-d4719565664e/workspace/projects/Project_name_388660/ai_Project_name_388660.json,"{'application': '8419fc25-cd07-46dc-a4a0-c36db6df6eb1', 'firmware_update': False} is not valid under any of the given schemas"
/home/hemduttdabral/Downloads/proj-api-volume-dump/f6f7f579-7840-4e3a-a0f5-d4719565664e/workspace/projects/Project_name_972997/ai_Project_name_972997.json,"{'application': 'a96e25bd-8f2d-4195-a0ef-009169494cf5', 'firmware_update': False} is not valid under any of the given schemas"
/home/hemduttdabral/Downloads/proj-api-volume-dump/218b2001-1ffc-4795-a247-18fef7e630af/workspace/Door Knock Detection/ai_Door Knock Detection.json,None is not of type 'string'
/home/hemduttdabral/Downloads/proj-api-volume-dump/3ed9d28e-3ebc-4227-8575-86f7a68eb600/workspace/projects/Project_name_818151/ai_Project_name_818151.json,"{'application': 'b7bc591c-5dde-4276-a9fe-47375443141e', 'firmware_update': False} is not valid under any of the given schemas"
/home/hemduttdabral/Downloads/proj-api-volume-dump/e846e79f-079d-4b0c-9d5b-beb127b84012/workspace/projects/SmartDrillOrientation/ai_SmartDrillOrientation.json,None is not of type 'string'
/home/hemduttdabral/Downloads/proj-api-volume-dump/e846e79f-079d-4b0c-9d5b-beb127b84012/workspace/projects/SmartDrillOrientation/ai_SmartDrillOrientation.json,None is not of type 'string'
/home/hemduttdabral/Downloads/proj-api-volume-dump/2b3a5fab-d810-469c-b79b-ae405b5fa00a/workspace/projects/Project_name_143830/ai_Project_name_143830.json,"{'application': '69c6facb-121f-4eac-a5f8-bfcec03eaf9a', 'firmware_update': False} is not valid under any of the given schemas"
/home/hemduttdabral/Downloads/proj-api-volume-dump/b9fcb547-fb34-432f-88ba-702e813b7278/workspace/projects/Project_name_416647/ai_Project_name_416647.json,"{'application': '00b5ea0f-c50e-43a8-b0a3-0c02fc787dd0', 'firmware_update': False} is not valid under any of the given schemas"
/home/hemduttdabral/Downloads/proj-api-volume-dump/b9fcb547-fb34-432f-88ba-702e813b7278/workspace/projects/Project_name_920955/ai_Project_name_920955.json,"{'application': 'b9da69be-96e3-4a66-8f0d-c36ab0f93090', 'firmware_update': False} is not valid under any of the given schemas"
/home/hemduttdabral/Downloads/proj-api-volume-dump/b18ab048-1f48-45a0-926c-96572a350de5/workspace/projects/Project_name_777664/ai_Project_name_777664.json,"{'application': '27a0acf9-00d6-41fb-9dbd-1551d18ea823', 'firmware_update': False} is not valid under any of the given schemas"
/home/hemduttdabral/Downloads/proj-api-volume-dump/b18ab048-1f48-45a0-926c-96572a350de5/workspace/projects/Project_name_454823/ai_Project_name_454823.json,"{'application': 'f5fb78a6-c576-4b26-ae12-3c2e37b32ed8', 'firmware_update': False} is not valid under any of the given schemas"
/home/hemduttdabral/Downloads/proj-api-volume-dump/42514386-2eaf-4f06-8a35-c15a3b8fd952/workspace/projects/Project_name_916914/ai_Project_name_916914.json,"{'application': '7445f086-1ac5-448f-a74d-b2a090d3dac8', 'firmware_update': False} is not valid under any of the given schemas"
/home/hemduttdabral/Downloads/proj-api-volume-dump/8d8175ca-7275-4449-9bcd-a3f90189b300/workspace/projects/Project_name_921221/ai_Project_name_921221.json,"{'application': '5d245462-85d0-458e-a591-920e4b619e27', 'firmware_update': False} is not valid under any of the given schemas"
/home/hemduttdabral/Downloads/proj-api-volume-dump/8d8175ca-7275-4449-9bcd-a3f90189b300/workspace/projects/Project_name_752587/ai_Project_name_752587.json,"{'application': 'ef69390d-8576-4a0e-ba88-ec892c9736b7', 'firmware_update': False} is not valid under any of the given schemas"
/home/hemduttdabral/Downloads/proj-api-volume-dump/2f3332d5-f54d-417b-9eb9-9be1a4045b5e/workspace/projects/Project_name_651303/ai_Project_name_651303.json,"{'application': 'd1e39a0b-bada-4a8b-ab18-c6006f21d338', 'firmware_update': False} is not valid under any of the given schemas"
/home/hemduttdabral/Downloads/proj-api-volume-dump/2f3332d5-f54d-417b-9eb9-9be1a4045b5e/workspace/projects/Project_name_501128/ai_Project_name_501128.json,"{'application': '651375a1-9fff-489c-b6e2-c43f1e160a34', 'firmware_update': False} is not valid under any of the given schemas"
/home/hemduttdabral/Downloads/proj-api-volume-dump/2f3332d5-f54d-417b-9eb9-9be1a4045b5e/workspace/projects/Project_name_725054/ai_Project_name_725054.json,"{'application': 'e85425d1-d43e-4a18-bff3-d866d5c4c6a5', 'firmware_update': False} is not valid under any of the given schemas"
/home/hemduttdabral/Downloads/proj-api-volume-dump/2f3332d5-f54d-417b-9eb9-9be1a4045b5e/workspace/projects/Project_name_812778/ai_Project_name_812778.json,"{'application': '9e273309-72f8-47d8-9ff7-64ace7ee57ab', 'firmware_update': False} is not valid under any of the given schemas"
/home/hemduttdabral/Downloads/proj-api-volume-dump/2f3332d5-f54d-417b-9eb9-9be1a4045b5e/workspace/projects/Project_name_686663/ai_Project_name_686663.json,"{'application': '4cde07e2-f0d9-4e74-802d-2be307254a02', 'firmware_update': False} is not valid under any of the given schemas"
/home/hemduttdabral/Downloads/proj-api-volume-dump/fb4010f3-0748-433d-ba35-0d457687b070/workspace/projects/Project_name_967018/ai_Project_name_967018.json,"{'application': 'f0b6e354-1d1e-4628-aaea-bbfec8486ccc', 'firmware_update': False} is not valid under any of the given schemas"
/home/hemduttdabral/Downloads/proj-api-volume-dump/de0eb902-d762-4cbf-9f26-159cd511b9c1/workspace/projects/Project_name_707743/ai_Project_name_707743.json,"{'application': '60f9c97c-035c-46f8-8c9c-93b6f5ee9ae2', 'firmware_update': False} is not valid under any of the given schemas"
/home/hemduttdabral/Downloads/proj-api-volume-dump/de0eb902-d762-4cbf-9f26-159cd511b9c1/workspace/projects/Project_name_362197/ai_Project_name_362197.json,"{'application': '24a3a4cc-993b-4f90-b188-4a3873593ec5', 'firmware_update': False} is not valid under any of the given schemas"
/home/hemduttdabral/Downloads/proj-api-volume-dump/de0eb902-d762-4cbf-9f26-159cd511b9c1/workspace/projects/Project_name_154029/ai_Project_name_154029.json,"{'application': 'e7df83a9-d4d1-40c5-9f3c-59ecb3241759', 'firmware_update': False} is not valid under any of the given schemas"
/home/hemduttdabral/Downloads/proj-api-volume-dump/de0eb902-d762-4cbf-9f26-159cd511b9c1/workspace/projects/Project_name_866228/ai_Project_name_866228.json,"{'application': '0bab295f-e989-4e18-ac46-ed6eaa58aff6', 'firmware_update': False} is not valid under any of the given schemas"
/home/hemduttdabral/Downloads/proj-api-volume-dump/yysyzjq4p4jvq4gjjp60ydfk10/workspace/projects/Dataset_Project_611809/ai_Dataset_Project_611809.json,None is not of type 'string'
/home/hemduttdabral/Downloads/proj-api-volume-dump/yysyzjq4p4jvq4gjjp60ydfk10/workspace/projects/Dataset_Project_611809/ai_Dataset_Project_611809.json,None is not of type 'string'
/home/hemduttdabral/Downloads/proj-api-volume-dump/yysyzjq4p4jvq4gjjp60ydfk10/workspace/projects/Dataset_Project_611809/ai_Dataset_Project_611809.json,None is not of type 'string'
/home/hemduttdabral/Downloads/proj-api-volume-dump/e4ffbfaa-fdb3-4e89-8b9d-c901273885f3/workspace/YOLO/ai_YOLO.json,None is not of type 'string'
/home/hemduttdabral/Downloads/proj-api-volume-dump/e655c736-0dac-458e-9dcd-f97d42bb6024/workspace/projects/Project_name_832683/ai_Project_name_832683.json,"{'application': 'f342048b-88e4-4861-ae16-7667c671a4a7', 'firmware_update': False} is not valid under any of the given schemas"
/home/hemduttdabral/Downloads/proj-api-volume-dump/e655c736-0dac-458e-9dcd-f97d42bb6024/workspace/projects/Project_name_239637/ai_Project_name_239637.json,"{'application': '5c1d4b37-5cd4-4c58-8de2-a9a2db525d62', 'firmware_update': False} is not valid under any of the given schemas"
/home/hemduttdabral/Downloads/proj-api-volume-dump/f87055b2-b0f8-456a-9548-90a075f8bea7/workspace/projects/Project_name_876103/ai_Project_name_876103.json,"{'application': 'b4ca5102-9172-46ba-a5eb-5a94627b1c93', 'firmware_update': False} is not valid under any of the given schemas"
/home/hemduttdabral/Downloads/proj-api-volume-dump/f87055b2-b0f8-456a-9548-90a075f8bea7/workspace/projects/Project_name_885718/ai_Project_name_885718.json,"{'application': 'e796c50f-7fd8-4cd5-895f-17bbf5634099', 'firmware_update': False} is not valid under any of the given schemas"
/home/hemduttdabral/Downloads/proj-api-volume-dump/f87055b2-b0f8-456a-9548-90a075f8bea7/workspace/projects/Project_name_853049/ai_Project_name_853049.json,"{'application': 'bd500959-8d8f-476e-9fdd-79a60f208eb2', 'firmware_update': False} is not valid under any of the given schemas"
/home/hemduttdabral/Downloads/proj-api-volume-dump/c496f6b5-5ef4-4cab-93d4-0d619639753c/workspace/projects/Project_name_68866/ai_Project_name_68866.json,"{'application': '4f189c72-f4f9-4bd3-9d48-e88d732d5be5', 'firmware_update': False} is not valid under any of the given schemas"
/home/hemduttdabral/Downloads/proj-api-volume-dump/c496f6b5-5ef4-4cab-93d4-0d619639753c/workspace/projects/Project_name_690260/ai_Project_name_690260.json,"{'application': '5ddad2ed-a10d-4f67-8c10-16ed342abbf6', 'firmware_update': False} is not valid under any of the given schemas"
/home/hemduttdabral/Downloads/proj-api-volume-dump/c496f6b5-5ef4-4cab-93d4-0d619639753c/workspace/projects/Project_name_142404/ai_Project_name_142404.json,"{'application': '6b444a08-d939-459a-bcc8-0e30d96bccec', 'firmware_update': False} is not valid under any of the given schemas"
/home/hemduttdabral/Downloads/proj-api-volume-dump/c496f6b5-5ef4-4cab-93d4-0d619639753c/workspace/projects/Project_name_444551/ai_Project_name_444551.json,"{'application': '993ada50-6894-4fa6-9b6f-1e0c8a5ddd9f', 'firmware_update': False} is not valid under any of the given schemas"
/home/hemduttdabral/Downloads/proj-api-volume-dump/c496f6b5-5ef4-4cab-93d4-0d619639753c/workspace/projects/Project_name_301638/ai_Project_name_301638.json,"{'application': '909842a4-5397-4cda-8140-519ecfc656db', 'firmware_update': False} is not valid under any of the given schemas"
/home/hemduttdabral/Downloads/proj-api-volume-dump/f20ac81c-a3ff-4d1a-9ba3-e391f22fa6e1/workspace/projects/Project_name_190128/ai_Project_name_190128.json,"{'application': '05df1d20-a4d7-45c9-833e-49372dc6fbf2', 'firmware_update': False} is not valid under any of the given schemas"
/home/hemduttdabral/Downloads/proj-api-volume-dump/30973e57-2c1c-4139-9005-0bac55de5847/workspace/projects/Project_name_507701/ai_Project_name_507701.json,"{'application': '2a944c5e-2c59-477e-b72e-fe378af033ea', 'firmware_update': False} is not valid under any of the given schemas"
/home/hemduttdabral/Downloads/proj-api-volume-dump/zc8raewh3bnzen8pvk8rxdfk10/workspace/projects/DatasetProject_780152/ai_DatasetProject_780152.json,None is not of type 'string'
/home/hemduttdabral/Downloads/proj-api-volume-dump/zc8raewh3bnzen8pvk8rxdfk10/workspace/projects/DatasetProject_780152/ai_DatasetProject_780152.json,None is not of type 'string'
/home/hemduttdabral/Downloads/proj-api-volume-dump/zc8raewh3bnzen8pvk8rxdfk10/workspace/projects/DatasetProject_780152/ai_DatasetProject_780152.json,None is not of type 'string'
/home/hemduttdabral/Downloads/proj-api-volume-dump/870c52c5-fe40-4fca-9ff5-0ef5f12c39cc/workspace/projects/Project_name_485965/ai_Project_name_485965.json,"{'application': '3a099d93-5468-4624-a3c3-91e948840a06', 'firmware_update': False} is not valid under any of the given schemas"
/home/hemduttdabral/Downloads/proj-api-volume-dump/870c52c5-fe40-4fca-9ff5-0ef5f12c39cc/workspace/projects/Project_name_363599/ai_Project_name_363599.json,"{'application': 'b88607bd-70f6-4bd1-9af4-94c8f765f4ba', 'firmware_update': False} is not valid under any of the given schemas"
/home/hemduttdabral/Downloads/proj-api-volume-dump/86e3986f-bd2c-4080-9240-a31a8c6dd6ae/workspace/projects/Project_name_899203/ai_Project_name_899203.json,"{'application': '95469142-4002-45ff-97c2-53a4e4863cf9', 'firmware_update': False} is not valid under any of the given schemas"
/home/hemduttdabral/Downloads/proj-api-volume-dump/86e3986f-bd2c-4080-9240-a31a8c6dd6ae/workspace/projects/Project_name_194291/ai_Project_name_194291.json,"{'application': 'e93f516d-859a-4483-970c-236fcb01992a', 'firmware_update': False} is not valid under any of the given schemas"
/home/hemduttdabral/Downloads/proj-api-volume-dump/f5ce4384-8e1d-4cdc-b186-825f19d824ec/workspace/projects/Project_name_544253/ai_Project_name_544253.json,"{'application': 'e1461b80-2c15-4a8a-89c7-9b000b649055', 'firmware_update': False} is not valid under any of the given schemas"
/home/hemduttdabral/Downloads/proj-api-volume-dump/771624ef-afc2-4270-a03d-deeffb76cc0c/workspace/projects/Project_name_502535/ai_Project_name_502535.json,"{'application': '552d792e-d35d-4f0e-a4eb-56cbb02acf57', 'firmware_update': False} is not valid under any of the given schemas"
/home/hemduttdabral/Downloads/proj-api-volume-dump/00da9f2f-2047-48a5-b474-144d145476b3/workspace/projects/Project_name_234062/ai_Project_name_234062.json,"{'application': 'b3a9ebd5-623f-4164-a2ec-81dfa00acc12', 'firmware_update': False} is not valid under any of the given schemas"
/home/hemduttdabral/Downloads/proj-api-volume-dump/00da9f2f-2047-48a5-b474-144d145476b3/workspace/projects/Project_name_254658/ai_Project_name_254658.json,"{'application': '4b0f5bce-0eb8-4bf0-acd6-c884f1badc5b', 'firmware_update': False} is not valid under any of the given schemas"
/home/hemduttdabral/Downloads/proj-api-volume-dump/00da9f2f-2047-48a5-b474-144d145476b3/workspace/projects/Project_name_678932/ai_Project_name_678932.json,"{'application': 'd69d8d34-d5fe-41dd-93f0-83f921dff45b', 'firmware_update': False} is not valid under any of the given schemas"
/home/hemduttdabral/Downloads/proj-api-volume-dump/00da9f2f-2047-48a5-b474-144d145476b3/workspace/projects/Project_name_792345/ai_Project_name_792345.json,"{'application': '0773e4fb-3b5d-455b-8d00-e5cee5ba5f52', 'firmware_update': False} is not valid under any of the given schemas"
/home/hemduttdabral/Downloads/proj-api-volume-dump/1f129770-7c9d-4635-9f2d-3a8e52d0703c/workspace/projects/Project_name_677869/ai_Project_name_677869.json,"{'application': '8b7d6cc7-9abe-4a3e-b006-a89742b46bb4', 'firmware_update': False} is not valid under any of the given schemas"
/home/hemduttdabral/Downloads/proj-api-volume-dump/wav5ndzp5e89pe210zbqnqzj10/workspace/projects/test-project-1/ai_test-project-1.json,"{'application': '6e819a83-7d75-4a63-a562-e891b3c7b54d', 'firmware_update': False} is not valid under any of the given schemas"
/home/hemduttdabral/Downloads/proj-api-volume-dump/wav5ndzp5e89pe210zbqnqzj10/workspace/projects/testMember/ai_testMember.json,None is not of type 'string'
/home/hemduttdabral/Downloads/proj-api-volume-dump/wav5ndzp5e89pe210zbqnqzj10/workspace/projects/testMember/ai_testMember.json,None is not of type 'string'
/home/hemduttdabral/Downloads/proj-api-volume-dump/wav5ndzp5e89pe210zbqnqzj10/workspace/projects/sharedTest/ai_sharedTest.json,"{'application': 'c7cf38fd-8865-42ae-ba39-6292d84e1da8', 'firmware_update': False} is not valid under any of the given schemas"
/home/hemduttdabral/Downloads/proj-api-volume-dump/wav5ndzp5e89pe210zbqnqzj10/workspace/projects/test-shared1/ai_test-shared1.json,"{'application': '765fd93e-4034-42d8-b5f1-82023d5465d2', 'firmware_update': False} is not valid under any of the given schemas"
/home/hemduttdabral/Downloads/proj-api-volume-dump/wav5ndzp5e89pe210zbqnqzj10/workspace/projects/test-project-1-hd/ai_test-project-1-hd.json,"{'application': 'ddbd1527-fbf3-419c-95bb-8394ff110a7c', 'firmware_update': False} is not valid under any of the given schemas"
/home/hemduttdabral/Downloads/proj-api-volume-dump/wav5ndzp5e89pe210zbqnqzj10/workspace/projects/testDrill/ai_testDrill.json,"{'application': '0112d7f4-b16d-4471-af57-2e340d35adf4', 'firmware_update': False} is not valid under any of the given schemas"
/home/hemduttdabral/Downloads/proj-api-volume-dump/wav5ndzp5e89pe210zbqnqzj10/workspace/projects/testDrill/ai_testDrill.json,"{'application': '6e17c868-7f36-4f88-9f28-aba6a3b891df', 'firmware_update': False} is not valid under any of the given schemas"
/home/hemduttdabral/Downloads/proj-api-volume-dump/ee6b4ea7-fee9-4aef-bf1b-7413adb41006/workspace/projects/Project_name_392568/ai_Project_name_392568.json,"{'application': '7ab9363c-84b3-46bc-8f7c-c52d94fa0d26', 'firmware_update': False} is not valid under any of the given schemas"
/home/hemduttdabral/Downloads/proj-api-volume-dump/945eed5b-64c2-469c-83d6-ce6821a49c4b/workspace/projects/Project_name_979783/ai_Project_name_979783.json,"{'application': '65315cad-9ea6-4593-9d4e-fe291bf1680a', 'firmware_update': False} is not valid under any of the given schemas"
/home/hemduttdabral/Downloads/proj-api-volume-dump/945eed5b-64c2-469c-83d6-ce6821a49c4b/workspace/projects/Project_name_820192/ai_Project_name_820192.json,"{'application': 'b8054e6b-f11f-4d6f-8663-2a7eebda84ed', 'firmware_update': False} is not valid under any of the given schemas"
/home/hemduttdabral/Downloads/proj-api-volume-dump/945eed5b-64c2-469c-83d6-ce6821a49c4b/workspace/projects/Project_name_62769/ai_Project_name_62769.json,"{'application': '423534b4-f88e-4705-a7b0-e6189b319328', 'firmware_update': False} is not valid under any of the given schemas"
/home/hemduttdabral/Downloads/proj-api-volume-dump/19230e22-6127-4750-ad6b-dacd3ea4aa75/workspace/projects/Project_name_380041/ai_Project_name_380041.json,"{'application': '16a4c8c7-7cf1-4704-9c91-89934460fada', 'firmware_update': False} is not valid under any of the given schemas"
/home/hemduttdabral/Downloads/proj-api-volume-dump/19230e22-6127-4750-ad6b-dacd3ea4aa75/workspace/projects/Project_name_138757/ai_Project_name_138757.json,"{'application': '77892a5f-0b5b-458a-874a-166920a49e19', 'firmware_update': False} is not valid under any of the given schemas"
/home/hemduttdabral/Downloads/proj-api-volume-dump/65da95a3-d24b-485a-a914-14f613b25370/workspace/projects/Project_name_217392/ai_Project_name_217392.json,"{'application': '1834cd5f-0f0e-4d7c-bfea-b41806ce581d', 'firmware_update': False} is not valid under any of the given schemas"
/home/hemduttdabral/Downloads/proj-api-volume-dump/65da95a3-d24b-485a-a914-14f613b25370/workspace/projects/Project_name_704056/ai_Project_name_704056.json,"{'application': '5b576754-29a3-414c-9c7c-f1f2c227def5', 'firmware_update': False} is not valid under any of the given schemas"
/home/hemduttdabral/Downloads/proj-api-volume-dump/65da95a3-d24b-485a-a914-14f613b25370/workspace/projects/Project_name_968958/ai_Project_name_968958.json,"{'application': 'b5ae8d69-d2ad-4a88-aded-73e73d9ea452', 'firmware_update': False} is not valid under any of the given schemas"
/home/hemduttdabral/Downloads/proj-api-volume-dump/65da95a3-d24b-485a-a914-14f613b25370/workspace/projects/Project_name_970178/ai_Project_name_970178.json,"{'application': 'd05eee7c-05b5-40ce-b2a1-a4b9dc8b9e58', 'firmware_update': False} is not valid under any of the given schemas"
/home/hemduttdabral/Downloads/proj-api-volume-dump/d316d96e-a667-4338-9c1f-a6c7fdb33fda/workspace/projects/Test/ai_Test.json,None is not of type 'string'
/home/hemduttdabral/Downloads/proj-api-volume-dump/d316d96e-a667-4338-9c1f-a6c7fdb33fda/workspace/projects/Test/ai_Test.json,None is not of type 'string'
/home/hemduttdabral/Downloads/proj-api-volume-dump/r451sv2zetznhv77qwytk71k10/workspace/projects/test_project_tc-804_clone/ai_test_project_tc-804_clone.json,"{'application': '656a5b9c-f69a-4a57-8b2b-e42e378a4b24', 'firmware_update': False} is not valid under any of the given schemas"
/home/hemduttdabral/Downloads/proj-api-volume-dump/r451sv2zetznhv77qwytk71k10/workspace/projects/test-project-2_TC_4_P/ai_test-project-2_TC_4_P.json,"{'application': 'a7e4cc49-4831-4e4e-b445-dc89aa522197', 'firmware_update': False} is not valid under any of the given schemas"
/home/hemduttdabral/Downloads/proj-api-volume-dump/r451sv2zetznhv77qwytk71k10/workspace/projects/test-project-group-from-scratch_TC_3_p/ai_test-project-group-from-scratch_TC_3_p.json,None is not of type 'string'
/home/hemduttdabral/Downloads/proj-api-volume-dump/r451sv2zetznhv77qwytk71k10/workspace/projects/test-project-group-from-scratch_TC_3_p/ai_test-project-group-from-scratch_TC_3_p.json,None is not of type 'string'
/home/hemduttdabral/Downloads/proj-api-volume-dump/r451sv2zetznhv77qwytk71k10/workspace/projects/test-project-group-from-scratch-2_TC_3_p/ai_test-project-group-from-scratch-2_TC_3_p.json,None is not of type 'string'
/home/hemduttdabral/Downloads/proj-api-volume-dump/r451sv2zetznhv77qwytk71k10/workspace/projects/test-project-group-from-scratch-2_TC_3_p/ai_test-project-group-from-scratch-2_TC_3_p.json,None is not of type 'string'
/home/hemduttdabral/Downloads/proj-api-volume-dump/r451sv2zetznhv77qwytk71k10/workspace/projects/group-project-101/ai_group-project-101.json,"{'application': '656a5b9c-f69a-4a57-8b2b-e42e378a4b24', 'firmware_update': False} is not valid under any of the given schemas"
/home/hemduttdabral/Downloads/proj-api-volume-dump/r451sv2zetznhv77qwytk71k10/workspace/projects/test-project-2/ai_test-project-2.json,"{'application': '602d6182-6f13-4d47-a44f-8ad09096cf1c', 'firmware_update': False} is not valid under any of the given schemas"
/home/hemduttdabral/Downloads/proj-api-volume-dump/d6904216-36d8-4566-b05e-cbbaab66a6a8/workspace/projects/Project_name_736374/ai_Project_name_736374.json,"{'application': '792bf676-be9c-4688-bc93-baecd35e26ab', 'firmware_update': False} is not valid under any of the given schemas"
/home/hemduttdabral/Downloads/proj-api-volume-dump/48128766-6d0b-48c2-b688-a1af4947a6a1/workspace/projects/Project_name_501744/ai_Project_name_501744.json,"{'application': 'a7a3686e-9d85-433d-b125-52ea4d8342a0', 'firmware_update': False} is not valid under any of the given schemas"
/home/hemduttdabral/Downloads/proj-api-volume-dump/48128766-6d0b-48c2-b688-a1af4947a6a1/workspace/projects/Project_name_75482/ai_Project_name_75482.json,"{'application': 'f1e25ee3-9a9c-4ece-8fb0-c5f4311c8ba2', 'firmware_update': False} is not valid under any of the given schemas"
/home/hemduttdabral/Downloads/proj-api-volume-dump/48128766-6d0b-48c2-b688-a1af4947a6a1/workspace/projects/Project_name_533077/ai_Project_name_533077.json,"{'application': '56eeb953-5639-4a01-a497-a3616731823f', 'firmware_update': False} is not valid under any of the given schemas"
/home/hemduttdabral/Downloads/proj-api-volume-dump/6d02e656-1d3d-470c-a9b5-c1101f018678/workspace/projects/Project_name_428485/ai_Project_name_428485.json,"{'application': '7b07f412-6a24-417b-a0be-9246d7dbdea4', 'firmware_update': False} is not valid under any of the given schemas"
/home/hemduttdabral/Downloads/proj-api-volume-dump/6d02e656-1d3d-470c-a9b5-c1101f018678/workspace/projects/Project_name_875879/ai_Project_name_875879.json,"{'application': '6b1074ea-42fd-4fd2-9497-ecec6e518918', 'firmware_update': False} is not valid under any of the given schemas"
/home/hemduttdabral/Downloads/proj-api-volume-dump/6d02e656-1d3d-470c-a9b5-c1101f018678/workspace/projects/Project_name_637625/ai_Project_name_637625.json,"{'application': '1c098ff2-1d22-42fa-9251-5516c40c783e', 'firmware_update': False} is not valid under any of the given schemas"
/home/hemduttdabral/Downloads/proj-api-volume-dump/73ac0e89-c1f3-41d9-b892-58aaabffdd47/workspace/projects/Project_name_493026/ai_Project_name_493026.json,"{'application': '70cbc637-1302-4a89-ae4b-b860011132e7', 'firmware_update': False} is not valid under any of the given schemas"
/home/hemduttdabral/Downloads/proj-api-volume-dump/73ac0e89-c1f3-41d9-b892-58aaabffdd47/workspace/projects/Project_name_170449/ai_Project_name_170449.json,"{'application': 'ddb3f3ac-21c4-4711-8938-613e9ed64993', 'firmware_update': False} is not valid under any of the given schemas"
/home/hemduttdabral/Downloads/proj-api-volume-dump/1ebe94ef-2245-43d0-a2f4-31d322dd128f/workspace/projects/Project_name_463227/ai_Project_name_463227.json,"{'application': 'fde8d0df-04db-44ca-b164-b6c57a3cb076', 'firmware_update': False} is not valid under any of the given schemas"
/home/hemduttdabral/Downloads/proj-api-volume-dump/1ebe94ef-2245-43d0-a2f4-31d322dd128f/workspace/projects/Project_name_105734/ai_Project_name_105734.json,"{'application': 'e0b1c890-dafc-4d42-8ad5-332b10f9a355', 'firmware_update': False} is not valid under any of the given schemas"
/home/hemduttdabral/Downloads/proj-api-volume-dump/1ebe94ef-2245-43d0-a2f4-31d322dd128f/workspace/projects/Project_name_926448/ai_Project_name_926448.json,"{'application': '0afa8215-3667-4f68-91d1-fa9533ef0946', 'firmware_update': False} is not valid under any of the given schemas"
/home/hemduttdabral/Downloads/proj-api-volume-dump/1ebe94ef-2245-43d0-a2f4-31d322dd128f/workspace/projects/Project_name_503619/ai_Project_name_503619.json,"{'application': 'be862b02-558b-4c10-8e53-d9059e42acb5', 'firmware_update': False} is not valid under any of the given schemas"
/home/hemduttdabral/Downloads/proj-api-volume-dump/1ebe94ef-2245-43d0-a2f4-31d322dd128f/workspace/projects/Project_name_761353/ai_Project_name_761353.json,"{'application': '2ee0aa93-4c83-4ed5-9ddc-3f9e5d855b70', 'firmware_update': False} is not valid under any of the given schemas"
/home/hemduttdabral/Downloads/proj-api-volume-dump/eeb24300-66d0-49f3-8ba2-66505daa09b0/workspace/projects/PrivateProject2/ai_PrivateProject2.json,None is not of type 'string'
/home/hemduttdabral/Downloads/proj-api-volume-dump/eeb24300-66d0-49f3-8ba2-66505daa09b0/workspace/projects/PrivateProject2/ai_PrivateProject2.json,None is not of type 'string'
/home/hemduttdabral/Downloads/proj-api-volume-dump/eeb24300-66d0-49f3-8ba2-66505daa09b0/workspace/projects/PrivateProject2/ai_PrivateProject2.json,"{'application': '9940d781-23b9-4c34-bb45-3f33f28e1856', 'firmware_update': False} is not valid under any of the given schemas"
/home/hemduttdabral/Downloads/proj-api-volume-dump/eeb24300-66d0-49f3-8ba2-66505daa09b0/workspace/projects/Test/ai_Test.json,"{'application': 'fe8fa2e2-4a7b-43e3-b030-0bcbd8d017c9', 'firmware_update': False} is not valid under any of the given schemas"
/home/hemduttdabral/Downloads/proj-api-volume-dump/eeb24300-66d0-49f3-8ba2-66505daa09b0/workspace/projects/Test/ai_Test.json,"{'application': 'fe8fa2e2-4a7b-43e3-b030-0bcbd8d017c9', 'firmware_update': False} is not valid under any of the given schemas"
/home/hemduttdabral/Downloads/proj-api-volume-dump/eeb24300-66d0-49f3-8ba2-66505daa09b0/workspace/projects/Test2/ai_Test2.json,"{'application': 'fe17bbde-1a24-45d6-989f-b8c6b8f47017', 'firmware_update': False} is not valid under any of the given schemas"
/home/hemduttdabral/Downloads/proj-api-volume-dump/eeb24300-66d0-49f3-8ba2-66505daa09b0/workspace/projects/Test2/ai_Test2.json,"{'application': 'ff755b05-f66a-4cd9-9b87-ad5c7b40d7b4', 'firmware_update': False} is not valid under any of the given schemas"
/home/hemduttdabral/Downloads/proj-api-volume-dump/eeb24300-66d0-49f3-8ba2-66505daa09b0/workspace/projects/Test2/ai_Test2.json,"{'application': 'ff755b05-f66a-4cd9-9b87-ad5c7b40d7b4', 'firmware_update': False} is not valid under any of the given schemas"
/home/hemduttdabral/Downloads/proj-api-volume-dump/eeb24300-66d0-49f3-8ba2-66505daa09b0/workspace/projects/PrivateTest/ai_PrivateTest.json,None is not of type 'string'
/home/hemduttdabral/Downloads/proj-api-volume-dump/eeb24300-66d0-49f3-8ba2-66505daa09b0/workspace/projects/PrivateTest/ai_PrivateTest.json,None is not of type 'string'
/home/hemduttdabral/Downloads/proj-api-volume-dump/eeb24300-66d0-49f3-8ba2-66505daa09b0/workspace/projects/PrivateTest/ai_PrivateTest.json,"{'application': '3380d2c9-7385-4c6b-b6b1-486c49b75056', 'firmware_update': False} is not valid under any of the given schemas"
/home/hemduttdabral/Downloads/proj-api-volume-dump/137ded34-865f-4a8e-9a56-64dca48bf8b4/workspace/projects/Project_name_885051/ai_Project_name_885051.json,"{'application': 'fb06c55b-f3ea-4af6-a648-70a73364f5e2', 'firmware_update': False} is not valid under any of the given schemas"
/home/hemduttdabral/Downloads/proj-api-volume-dump/137ded34-865f-4a8e-9a56-64dca48bf8b4/workspace/projects/Project_name_162360/ai_Project_name_162360.json,"{'application': '70bca388-980e-4311-ba34-d9621c12ff86', 'firmware_update': False} is not valid under any of the given schemas"
/home/hemduttdabral/Downloads/proj-api-volume-dump/137ded34-865f-4a8e-9a56-64dca48bf8b4/workspace/projects/Project_name_398143/ai_Project_name_398143.json,"{'application': '8e43232d-0be5-4b08-8fb9-4146ad4a76d7', 'firmware_update': False} is not valid under any of the given schemas"
/home/hemduttdabral/Downloads/proj-api-volume-dump/137ded34-865f-4a8e-9a56-64dca48bf8b4/workspace/projects/Project_name_201349/ai_Project_name_201349.json,"{'application': 'dfc8e648-f5fa-4d1d-ae14-e7f3112c0734', 'firmware_update': False} is not valid under any of the given schemas"
/home/hemduttdabral/Downloads/proj-api-volume-dump/b8437c03-3ad5-4239-bc15-49731f939ca2/workspace/projects/Project_name_432427/ai_Project_name_432427.json,"{'application': '2a17d073-04b7-4772-9e0f-9529cacc0867', 'firmware_update': False} is not valid under any of the given schemas"
/home/hemduttdabral/Downloads/proj-api-volume-dump/b8437c03-3ad5-4239-bc15-49731f939ca2/workspace/projects/Project_name_406882/ai_Project_name_406882.json,"{'application': '2aa71851-f4d2-438c-b768-81e3b596ee19', 'firmware_update': False} is not valid under any of the given schemas"
/home/hemduttdabral/Downloads/proj-api-volume-dump/b8437c03-3ad5-4239-bc15-49731f939ca2/workspace/projects/Project_name_99447/ai_Project_name_99447.json,"{'application': 'ae3b44fc-4895-4a1e-afd3-56c2548b39da', 'firmware_update': False} is not valid under any of the given schemas"
/home/hemduttdabral/Downloads/proj-api-volume-dump/b8437c03-3ad5-4239-bc15-49731f939ca2/workspace/projects/Project_name_88433/ai_Project_name_88433.json,"{'application': '2ea12669-92d5-42ad-9c33-d7c10f297709', 'firmware_update': False} is not valid under any of the given schemas"
/home/hemduttdabral/Downloads/proj-api-volume-dump/6e684fd0-a4df-49fc-bf24-84819f653b22/workspace/projects/Project_name_692165/ai_Project_name_692165.json,"{'application': 'b3b636c1-7568-4bf2-b7bc-0c8e5dbd7fb3', 'firmware_update': False} is not valid under any of the given schemas"
/home/hemduttdabral/Downloads/proj-api-volume-dump/334c65a5-1495-453a-a6de-4d384a781000/workspace/projects/proj_1779445322690/ai_proj_1779445322690.json,None is not of type 'string'
/home/hemduttdabral/Downloads/proj-api-volume-dump/334c65a5-1495-453a-a6de-4d384a781000/workspace/projects/proj_1779445322690/ai_proj_1779445322690.json,None is not of type 'string'
/home/hemduttdabral/Downloads/proj-api-volume-dump/334c65a5-1495-453a-a6de-4d384a781000/workspace/projects/proj_1779445322690/ai_proj_1779445322690.json,None is not of type 'string'
/home/hemduttdabral/Downloads/proj-api-volume-dump/334c65a5-1495-453a-a6de-4d384a781000/workspace/projects/proj_1779445322690/ai_proj_1779445322690.json,None is not of type 'string'
/home/hemduttdabral/Downloads/proj-api-volume-dump/334c65a5-1495-453a-a6de-4d384a781000/workspace/projects/proj_1779445322690/ai_proj_1779445322690.json,None is not of type 'string'
/home/hemduttdabral/Downloads/proj-api-volume-dump/334c65a5-1495-453a-a6de-4d384a781000/workspace/projects/proj_1779445322690/ai_proj_1779445322690.json,None is not of type 'array'
/home/hemduttdabral/Downloads/proj-api-volume-dump/334c65a5-1495-453a-a6de-4d384a781000/workspace/projects/proj_1778053090848/ai_proj_1778053090848.json,None is not of type 'string'
/home/hemduttdabral/Downloads/proj-api-volume-dump/334c65a5-1495-453a-a6de-4d384a781000/workspace/projects/proj_1778053090848/ai_proj_1778053090848.json,None is not of type 'string'
/home/hemduttdabral/Downloads/proj-api-volume-dump/334c65a5-1495-453a-a6de-4d384a781000/workspace/projects/proj_1778053090848/ai_proj_1778053090848.json,None is not of type 'string'
/home/hemduttdabral/Downloads/proj-api-volume-dump/334c65a5-1495-453a-a6de-4d384a781000/workspace/projects/proj_1778053090848/ai_proj_1778053090848.json,None is not of type 'string'
/home/hemduttdabral/Downloads/proj-api-volume-dump/334c65a5-1495-453a-a6de-4d384a781000/workspace/projects/proj_1778053090848/ai_proj_1778053090848.json,None is not of type 'string'
/home/hemduttdabral/Downloads/proj-api-volume-dump/334c65a5-1495-453a-a6de-4d384a781000/workspace/projects/proj_1778053090848/ai_proj_1778053090848.json,None is not of type 'array'
/home/hemduttdabral/Downloads/proj-api-volume-dump/95e84257-d78b-4d22-9f45-c102e95a0f66/workspace/projects/Project_name_230990/ai_Project_name_230990.json,"{'application': '8628ddf0-52b9-4b5b-89bf-8ed8df3656b9', 'firmware_update': False} is not valid under any of the given schemas"
/home/hemduttdabral/Downloads/proj-api-volume-dump/f961c877-f3f7-4294-8db6-3fbdecabecdb/workspace/projects/Project_name_72653/ai_Project_name_72653.json,"{'application': '8bef866d-4411-46b6-a199-1f2aaebdc466', 'firmware_update': False} is not valid under any of the given schemas"
/home/hemduttdabral/Downloads/proj-api-volume-dump/f961c877-f3f7-4294-8db6-3fbdecabecdb/workspace/projects/Project_name_596292/ai_Project_name_596292.json,"{'application': 'a7f07125-94f8-4f73-b93a-f2e631debcdd', 'firmware_update': False} is not valid under any of the given schemas"
/home/hemduttdabral/Downloads/proj-api-volume-dump/6f81ca79-917c-42b3-b5e7-c5d7fbc12fb2/workspace/projects/Project_name_389578/ai_Project_name_389578.json,"{'application': 'dbe7eee1-deaf-4a9f-86e1-439b33330123', 'firmware_update': False} is not valid under any of the given schemas"
/home/hemduttdabral/Downloads/proj-api-volume-dump/6f81ca79-917c-42b3-b5e7-c5d7fbc12fb2/workspace/projects/Project_name_88803/ai_Project_name_88803.json,"{'application': 'de6d1a03-9e2b-46f9-910e-3af11e542f29', 'firmware_update': False} is not valid under any of the given schemas"
/home/hemduttdabral/Downloads/proj-api-volume-dump/6f81ca79-917c-42b3-b5e7-c5d7fbc12fb2/workspace/projects/Project_name_137316/ai_Project_name_137316.json,"{'application': 'b721f146-3b1e-454e-bdf8-9b32f90e45aa', 'firmware_update': False} is not valid under any of the given schemas"
/home/hemduttdabral/Downloads/proj-api-volume-dump/ryvjd288pwsp6qneyfte2gfk10/workspace/projects/err/ai_err.json,None is not of type 'string'
/home/hemduttdabral/Downloads/proj-api-volume-dump/ryvjd288pwsp6qneyfte2gfk10/workspace/projects/err/ai_err.json,None is not of type 'string'
/home/hemduttdabral/Downloads/proj-api-volume-dump/ryvjd288pwsp6qneyfte2gfk10/workspace/projects/err/ai_err.json,None is not of type 'string'
/home/hemduttdabral/Downloads/proj-api-volume-dump/98891f423fhkvnj9c98p9dfk10/workspace/projects/test/ai_test.json,None is not of type 'string'
/home/hemduttdabral/Downloads/proj-api-volume-dump/98891f423fhkvnj9c98p9dfk10/workspace/projects/test/ai_test.json,None is not of type 'string'
/home/hemduttdabral/Downloads/proj-api-volume-dump/98891f423fhkvnj9c98p9dfk10/workspace/projects/test/ai_test.json,None is not of type 'string'
/home/hemduttdabral/Downloads/proj-api-volume-dump/phea0jb5eepxr1bh1ahwjsvj10/workspace/projects/sat-iot-system-1/ai_sat-iot-system-1.json,"{'application': '677741f1-4fdd-413d-b4d6-384dc8952204', 'firmware_update': False} is not valid under any of the given schemas"
/home/hemduttdabral/Downloads/proj-api-volume-dump/35271bf3-c000-4647-9534-4eb075cd9ef7/workspace/projects/Project_name_718505/ai_Project_name_718505.json,"{'application': '0ff580ac-7100-4aa9-bb5b-a76c06459f0d', 'firmware_update': False} is not valid under any of the given schemas"
/home/hemduttdabral/Downloads/proj-api-volume-dump/af59ae83-1d8c-4c71-878b-f92bdf815287/workspace/projects/Project_name_266622/ai_Project_name_266622.json,"{'application': '8e0899b4-a01a-4707-bc22-f716aae1d63c', 'firmware_update': False} is not valid under any of the given schemas"
/home/hemduttdabral/Downloads/proj-api-volume-dump/e928a5da-1ff0-40ef-b001-f24c4a6beec4/workspace/projects/Project_name_798329/ai_Project_name_798329.json,"{'application': 'd74ad5e0-1463-4327-bb72-d4e95191a788', 'firmware_update': False} is not valid under any of the given schemas"
/home/hemduttdabral/Downloads/proj-api-volume-dump/e928a5da-1ff0-40ef-b001-f24c4a6beec4/workspace/projects/Project_name_971747/ai_Project_name_971747.json,"{'application': '40e38883-56c0-4b1c-8326-1786e2bd1788', 'firmware_update': False} is not valid under any of the given schemas"
/home/hemduttdabral/Downloads/proj-api-volume-dump/e928a5da-1ff0-40ef-b001-f24c4a6beec4/workspace/projects/Project_name_47890/ai_Project_name_47890.json,"{'application': '60a057af-f77a-4d4a-bbc2-7acee05aa5b0', 'firmware_update': False} is not valid under any of the given schemas"
/home/hemduttdabral/Downloads/proj-api-volume-dump/c7e5ede8-3ff4-4493-af1b-e00d934c309a/workspace/projects/Project_name_704939/ai_Project_name_704939.json,"{'application': '2e17fd6e-36af-4d9f-b466-7f62f358995e', 'firmware_update': False} is not valid under any of the given schemas"
/home/hemduttdabral/Downloads/proj-api-volume-dump/c7e5ede8-3ff4-4493-af1b-e00d934c309a/workspace/projects/Project_name_239379/ai_Project_name_239379.json,"{'application': 'c5448ff9-241c-40d1-8d54-8339e428285a', 'firmware_update': False} is not valid under any of the given schemas"
/home/hemduttdabral/Downloads/proj-api-volume-dump/c7e5ede8-3ff4-4493-af1b-e00d934c309a/workspace/projects/Project_name_128762/ai_Project_name_128762.json,"{'application': '955488a5-b72a-4091-a12c-be6e7b1faaa8', 'firmware_update': False} is not valid under any of the given schemas"
/home/hemduttdabral/Downloads/proj-api-volume-dump/c7e5ede8-3ff4-4493-af1b-e00d934c309a/workspace/projects/Project_name_339517/ai_Project_name_339517.json,"{'application': '0c66a02c-5e4f-4a31-9396-9b676fc94cf8', 'firmware_update': False} is not valid under any of the given schemas"
/home/hemduttdabral/Downloads/proj-api-volume-dump/c7e5ede8-3ff4-4493-af1b-e00d934c309a/workspace/projects/Project_name_369719/ai_Project_name_369719.json,"{'application': '3af763b9-e28e-4fa3-9961-524c4be2f3ae', 'firmware_update': False} is not valid under any of the given schemas"
/home/hemduttdabral/Downloads/proj-api-volume-dump/9dbcdb22-d591-45d8-aea4-765af1466ec6/workspace/projects/20240705_automode_ux_test/ai_20240705_automode_ux_test.json,None is not of type 'string'
/home/hemduttdabral/Downloads/proj-api-volume-dump/09b64331-eada-413a-a98b-aa7edb9b65a8/workspace/Test/ai_Test.json,None is not of type 'string'
/home/hemduttdabral/Downloads/proj-api-volume-dump/6fdb444f-8e87-4743-8f2e-ceb44c46a3f0/workspace/projects/beniamino/ai_beniamino.json,"{'application': '7c407b1d-eb62-4d37-8248-aae0c3808ef6', 'firmware_update': False} is not valid under any of the given schemas"
/home/hemduttdabral/Downloads/proj-api-volume-dump/6fdb444f-8e87-4743-8f2e-ceb44c46a3f0/workspace/projects/fra/ai_fra.json,"{'application': '360f9187-c69e-4cea-9bf0-e9b907f479c4', 'firmware_update': False} is not valid under any of the given schemas"
/home/hemduttdabral/Downloads/proj-api-volume-dump/6fdb444f-8e87-4743-8f2e-ceb44c46a3f0/workspace/projects/fra/ai_fra.json,"{'application': 'f766d828-47fb-4843-bea2-a5b4427ba2ac', 'firmware_update': False} is not valid under any of the given schemas"
/home/hemduttdabral/Downloads/proj-api-volume-dump/6fdb444f-8e87-4743-8f2e-ceb44c46a3f0/workspace/projects/fan/ai_fan.json,"{'application': '7b2ea47a-e8d0-401c-b42e-52c56aa77ad9', 'firmware_update': False} is not valid under any of the given schemas"
/home/hemduttdabral/Downloads/proj-api-volume-dump/6fdb444f-8e87-4743-8f2e-ceb44c46a3f0/workspace/projects/fan/ai_fan.json,"{'application': '880a8941-1673-4ae8-9a48-a589d810a0bc', 'firmware_update': False} is not valid under any of the given schemas"
/home/hemduttdabral/Downloads/proj-api-volume-dump/6fdb444f-8e87-4743-8f2e-ceb44c46a3f0/workspace/projects/after_delete/ai_after_delete.json,"{'application': 'c2b76a51-771b-452f-ac6e-f89f2403a1ae', 'firmware_update': False} is not valid under any of the given schemas"
/home/hemduttdabral/Downloads/proj-api-volume-dump/e1ebb7de-d88f-48d9-9465-861929517a32/workspace/projects/Project_name_401613/ai_Project_name_401613.json,"{'application': 'df4c6800-8f5c-4a37-8ff8-bc256739857e', 'firmware_update': False} is not valid under any of the given schemas"
/home/hemduttdabral/Downloads/proj-api-volume-dump/e1ebb7de-d88f-48d9-9465-861929517a32/workspace/projects/Project_name_200564/ai_Project_name_200564.json,"{'application': '3a8f6080-cd89-474a-b78c-d20e64192005', 'firmware_update': False} is not valid under any of the given schemas"
/home/hemduttdabral/Downloads/proj-api-volume-dump/e1ebb7de-d88f-48d9-9465-861929517a32/workspace/projects/Project_name_837342/ai_Project_name_837342.json,"{'application': 'dc23ab65-8128-4e69-821d-11bc525ad9ee', 'firmware_update': False} is not valid under any of the given schemas"
/home/hemduttdabral/Downloads/proj-api-volume-dump/e1ebb7de-d88f-48d9-9465-861929517a32/workspace/projects/Project_name_24150/ai_Project_name_24150.json,"{'application': 'de46ea64-0ea1-40c0-b6d8-1476e9beeb6d', 'firmware_update': False} is not valid under any of the given schemas"
/home/hemduttdabral/Downloads/proj-api-volume-dump/4e37bf45-27e3-47a9-afab-c778af31ded9/workspace/projects/Project_name_784432/ai_Project_name_784432.json,"{'application': '8e7919d0-9e3b-4667-bf0b-7f2bd182b0ea', 'firmware_update': False} is not valid under any of the given schemas"
/home/hemduttdabral/Downloads/proj-api-volume-dump/4e37bf45-27e3-47a9-afab-c778af31ded9/workspace/projects/Project_name_243945/ai_Project_name_243945.json,"{'application': '2d8df44e-8a04-4240-86ef-e3971e13b2bf', 'firmware_update': False} is not valid under any of the given schemas"
/home/hemduttdabral/Downloads/proj-api-volume-dump/4e37bf45-27e3-47a9-afab-c778af31ded9/workspace/projects/Project_name_772990/ai_Project_name_772990.json,"{'application': '6003dd83-1f5e-4f3c-ba10-2989d9d68dc7', 'firmware_update': False} is not valid under any of the given schemas"
/home/hemduttdabral/Downloads/proj-api-volume-dump/4e37bf45-27e3-47a9-afab-c778af31ded9/workspace/projects/Project_name_873978/ai_Project_name_873978.json,"{'application': '8aa66d87-66c1-4cbc-bff1-26c7e8143fa9', 'firmware_update': False} is not valid under any of the given schemas"
/home/hemduttdabral/Downloads/proj-api-volume-dump/d5362f3a-0b17-4659-a6eb-7fc610652189/workspace/projects/try/ai_try.json,None is not of type 'string'
/home/hemduttdabral/Downloads/proj-api-volume-dump/d5362f3a-0b17-4659-a6eb-7fc610652189/workspace/projects/try/ai_try.json,None is not of type 'string'
/home/hemduttdabral/Downloads/proj-api-volume-dump/ed1f73ec-73e0-4bb8-becc-c70862b6fd9f/workspace/projects/Project_name_466943/ai_Project_name_466943.json,"{'application': 'b2d1c648-5d1c-4eb5-9296-2f1ad5c0c37c', 'firmware_update': False} is not valid under any of the given schemas"
/home/hemduttdabral/Downloads/proj-api-volume-dump/ed1f73ec-73e0-4bb8-becc-c70862b6fd9f/workspace/projects/Project_name_42370/ai_Project_name_42370.json,"{'application': '7ff60379-fe1d-4c10-96e2-3a4428132f86', 'firmware_update': False} is not valid under any of the given schemas"
/home/hemduttdabral/Downloads/proj-api-volume-dump/ed1f73ec-73e0-4bb8-becc-c70862b6fd9f/workspace/projects/Project_name_462872/ai_Project_name_462872.json,"{'application': '62c88153-4308-491b-bacb-370eaf29018b', 'firmware_update': False} is not valid under any of the given schemas"
/home/hemduttdabral/Downloads/proj-api-volume-dump/ed1f73ec-73e0-4bb8-becc-c70862b6fd9f/workspace/projects/Project_name_684173/ai_Project_name_684173.json,"{'application': '48d757a7-0b66-486c-ae07-983c1b9762cf', 'firmware_update': False} is not valid under any of the given schemas"
/home/hemduttdabral/Downloads/proj-api-volume-dump/ed1f73ec-73e0-4bb8-becc-c70862b6fd9f/workspace/projects/Project_name_243010/ai_Project_name_243010.json,"{'application': 'e473e5a7-9028-43f3-8032-30635ab90587', 'firmware_update': False} is not valid under any of the given schemas"
/home/hemduttdabral/Downloads/proj-api-volume-dump/60996b90-39dc-4a05-b7a7-ca9501a0d397/workspace/projects/Project_name_122837/ai_Project_name_122837.json,"{'application': '7e13de1e-5693-4695-b889-a9e9f2faf157', 'firmware_update': False} is not valid under any of the given schemas"
/home/hemduttdabral/Downloads/proj-api-volume-dump/60996b90-39dc-4a05-b7a7-ca9501a0d397/workspace/projects/Project_name_170480/ai_Project_name_170480.json,"{'application': '5526c20a-3c88-4acf-9b24-28bc56f05ab4', 'firmware_update': False} is not valid under any of the given schemas"
/home/hemduttdabral/Downloads/proj-api-volume-dump/880e6383-6647-478c-a214-c8a22c44da55/workspace/projects/Project_name_113151/ai_Project_name_113151.json,"{'application': '9be4de4c-662f-4f63-b8be-a1689f4d6630', 'firmware_update': False} is not valid under any of the given schemas"
/home/hemduttdabral/Downloads/proj-api-volume-dump/880e6383-6647-478c-a214-c8a22c44da55/workspace/projects/Project_name_229170/ai_Project_name_229170.json,"{'application': '42e64115-0d3f-442c-9b25-c82ce73fa06b', 'firmware_update': False} is not valid under any of the given schemas"
/home/hemduttdabral/Downloads/proj-api-volume-dump/880e6383-6647-478c-a214-c8a22c44da55/workspace/projects/Project_name_356880/ai_Project_name_356880.json,"{'application': '14c20980-574e-4820-ac71-b0a8ad7e2298', 'firmware_update': False} is not valid under any of the given schemas"
/home/hemduttdabral/Downloads/proj-api-volume-dump/880e6383-6647-478c-a214-c8a22c44da55/workspace/projects/Project_name_165169/ai_Project_name_165169.json,"{'application': '4cec17ae-4931-444d-a132-8e3699bf978f', 'firmware_update': False} is not valid under any of the given schemas"
/home/hemduttdabral/Downloads/proj-api-volume-dump/880e6383-6647-478c-a214-c8a22c44da55/workspace/projects/Project_name_704940/ai_Project_name_704940.json,"{'application': '77ddbd13-1014-47c2-8824-821f8dd2f0fb', 'firmware_update': False} is not valid under any of the given schemas"
/home/hemduttdabral/Downloads/proj-api-volume-dump/39d38b42-2608-4d39-b9eb-04416cccf65d/workspace/projects/Project_name_878537/ai_Project_name_878537.json,"{'application': 'df812f36-7b1d-4c46-9123-85acdafee6da', 'firmware_update': False} is not valid under any of the given schemas"
/home/hemduttdabral/Downloads/proj-api-volume-dump/1hrf8jjtcggfrdaa4bh8jdfk10/workspace/projects/tew/ai_tew.json,None is not of type 'string'
/home/hemduttdabral/Downloads/proj-api-volume-dump/1hrf8jjtcggfrdaa4bh8jdfk10/workspace/projects/tew/ai_tew.json,None is not of type 'string'
/home/hemduttdabral/Downloads/proj-api-volume-dump/1hrf8jjtcggfrdaa4bh8jdfk10/workspace/projects/tew/ai_tew.json,None is not of type 'string'
/home/hemduttdabral/Downloads/proj-api-volume-dump/70ed0efb-db44-4a5e-8c77-8368a50c049c/workspace/projects/Project_name_235320/ai_Project_name_235320.json,"{'application': 'ec55efd6-438a-40f0-abc4-06ca83a60f1d', 'firmware_update': False} is not valid under any of the given schemas"
/home/hemduttdabral/Downloads/proj-api-volume-dump/70ed0efb-db44-4a5e-8c77-8368a50c049c/workspace/projects/Project_name_982216/ai_Project_name_982216.json,"{'application': '36d04227-45e7-49dd-ae21-702433d18f4c', 'firmware_update': False} is not valid under any of the given schemas"
/home/hemduttdabral/Downloads/proj-api-volume-dump/70ed0efb-db44-4a5e-8c77-8368a50c049c/workspace/projects/Project_name_475331/ai_Project_name_475331.json,"{'application': 'ceb68e0b-8c09-4454-bd0e-96063a2cf8b7', 'firmware_update': False} is not valid under any of the given schemas"
/home/hemduttdabral/Downloads/proj-api-volume-dump/70ed0efb-db44-4a5e-8c77-8368a50c049c/workspace/projects/Project_name_132308/ai_Project_name_132308.json,"{'application': '0ae1c433-f9ee-43be-9a93-de3afebdccce', 'firmware_update': False} is not valid under any of the given schemas"
/home/hemduttdabral/Downloads/proj-api-volume-dump/70ed0efb-db44-4a5e-8c77-8368a50c049c/workspace/projects/Project_name_897448/ai_Project_name_897448.json,"{'application': '720b0f1f-f8f3-40ab-8664-d0135571fcc1', 'firmware_update': False} is not valid under any of the given schemas"
/home/hemduttdabral/Downloads/proj-api-volume-dump/e7118517-cb03-4320-bcbb-fc9ec648caf4/workspace/projects/Project_name_517031/ai_Project_name_517031.json,"{'application': 'bb48f273-b66a-42cd-b673-64fe6ed17bd4', 'firmware_update': False} is not valid under any of the given schemas"
/home/hemduttdabral/Downloads/proj-api-volume-dump/e7118517-cb03-4320-bcbb-fc9ec648caf4/workspace/projects/Project_name_116264/ai_Project_name_116264.json,"{'application': '40a81b01-82c4-4518-8fa5-2a5d8b8a1836', 'firmware_update': False} is not valid under any of the given schemas"
/home/hemduttdabral/Downloads/proj-api-volume-dump/e7118517-cb03-4320-bcbb-fc9ec648caf4/workspace/projects/Project_name_813180/ai_Project_name_813180.json,"{'application': '3a8d4723-1860-460c-a11a-2af34ee6c32e', 'firmware_update': False} is not valid under any of the given schemas"
/home/hemduttdabral/Downloads/proj-api-volume-dump/e7118517-cb03-4320-bcbb-fc9ec648caf4/workspace/projects/Project_name_159953/ai_Project_name_159953.json,"{'application': 'ef7e449c-7269-4eaf-bb68-a1687ac5f691', 'firmware_update': False} is not valid under any of the given schemas"
/home/hemduttdabral/Downloads/proj-api-volume-dump/e7118517-cb03-4320-bcbb-fc9ec648caf4/workspace/projects/Project_name_16695/ai_Project_name_16695.json,"{'application': 'eff0a87a-d01c-4ea4-b8a9-8c791e3f6fa2', 'firmware_update': False} is not valid under any of the given schemas"
/home/hemduttdabral/Downloads/proj-api-volume-dump/04a3d7b0-4d2d-49d2-b9ea-efb75381641f/workspace/projects/Project_name_511641/ai_Project_name_511641.json,"{'application': '7514b76d-17b5-49d0-a813-8b6a6c5e6b36', 'firmware_update': False} is not valid under any of the given schemas"
/home/hemduttdabral/Downloads/proj-api-volume-dump/1947d031-8d5b-4f7a-9703-420cb3a711ba/workspace/projects/Project_name_791671/ai_Project_name_791671.json,"{'application': '69a00157-b308-4960-a95a-060c65f89da8', 'firmware_update': False} is not valid under any of the given schemas"
/home/hemduttdabral/Downloads/proj-api-volume-dump/1947d031-8d5b-4f7a-9703-420cb3a711ba/workspace/projects/Project_name_501128/ai_Project_name_501128.json,"{'application': '52942958-793d-4585-9db8-cbeb1db5b6c9', 'firmware_update': False} is not valid under any of the given schemas"
/home/hemduttdabral/Downloads/proj-api-volume-dump/1947d031-8d5b-4f7a-9703-420cb3a711ba/workspace/projects/Project_name_418365/ai_Project_name_418365.json,"{'application': '563201ee-9422-4ba1-a776-275642cd39df', 'firmware_update': False} is not valid under any of the given schemas"
/home/hemduttdabral/Downloads/proj-api-volume-dump/c2004281-6ab3-4fa2-874d-1da865203169/workspace/projects/Project_name_612709/ai_Project_name_612709.json,"{'application': '662d95ac-ffb2-42ad-a318-d63cb781cb0f', 'firmware_update': False} is not valid under any of the given schemas"
/home/hemduttdabral/Downloads/proj-api-volume-dump/3acec46e-3086-4b62-bf42-0a5fd3ad6398/workspace/projects/Project_name_164436/ai_Project_name_164436.json,"{'application': '9fc4fcd6-cad5-49c8-a99b-bd9c061f0750', 'firmware_update': False} is not valid under any of the given schemas"
/home/hemduttdabral/Downloads/proj-api-volume-dump/b288df2d-2a72-4e46-93db-2cc83a393f19/workspace/projects/Project_name_315362/ai_Project_name_315362.json,"{'application': '009f77f1-afe7-4801-9d12-a3a2f1209634', 'firmware_update': False} is not valid under any of the given schemas"
/home/hemduttdabral/Downloads/proj-api-volume-dump/b288df2d-2a72-4e46-93db-2cc83a393f19/workspace/projects/Project_name_501870/ai_Project_name_501870.json,"{'application': 'a8bf3ba5-3873-4fbc-971d-e16e75c71455', 'firmware_update': False} is not valid under any of the given schemas"
/home/hemduttdabral/Downloads/proj-api-volume-dump/b73e676c-ce77-4ade-84f5-31cc4b4a9ae6/workspace/projects/Test_Project/ai_Test_Project.json,"{'application': 'ac97dbfc-c919-4fe5-8b2d-44d1af6a6c19', 'firmware_update': False} is not valid under any of the given schemas"
/home/hemduttdabral/Downloads/proj-api-volume-dump/5ce81222-21ff-4ae4-b92c-7f8575618d86/workspace/projects/Project_name_513823/ai_Project_name_513823.json,"{'application': '3014c783-3f0a-45ac-ab15-7891f2e67228', 'firmware_update': False} is not valid under any of the given schemas"
/home/hemduttdabral/Downloads/proj-api-volume-dump/5ce81222-21ff-4ae4-b92c-7f8575618d86/workspace/projects/Project_name_545024/ai_Project_name_545024.json,"{'application': '16ca78cf-fb4d-44f4-8a33-be7ae635a3a5', 'firmware_update': False} is not valid under any of the given schemas"
/home/hemduttdabral/Downloads/proj-api-volume-dump/5ce81222-21ff-4ae4-b92c-7f8575618d86/workspace/projects/Project_name_862126/ai_Project_name_862126.json,"{'application': 'ce4d1fb5-d780-4347-bea7-b3e992bf65ba', 'firmware_update': False} is not valid under any of the given schemas"
/home/hemduttdabral/Downloads/proj-api-volume-dump/5ce81222-21ff-4ae4-b92c-7f8575618d86/workspace/projects/Project_name_542124/ai_Project_name_542124.json,"{'application': 'e5193b10-80d8-4632-8dac-a7a0e5380e22', 'firmware_update': False} is not valid under any of the given schemas"
/home/hemduttdabral/Downloads/proj-api-volume-dump/5ce81222-21ff-4ae4-b92c-7f8575618d86/workspace/projects/Project_name_542919/ai_Project_name_542919.json,"{'application': 'e3f648d4-aec3-4c02-aef8-e75c593ad858', 'firmware_update': False} is not valid under any of the given schemas"
/home/hemduttdabral/Downloads/proj-api-volume-dump/2fef6c13-512c-4827-b057-e12c16376149/workspace/projects/Project_name_549908/ai_Project_name_549908.json,"{'application': '44a12590-66eb-4707-8cf8-1841730141f7', 'firmware_update': False} is not valid under any of the given schemas"
/home/hemduttdabral/Downloads/proj-api-volume-dump/a9f4eabe-8e56-4f72-bc64-6d889a24cbfa/workspace/stm32ai-modelzoo/ai_stm32ai-modelzoo.json,None is not of type 'string'
/home/hemduttdabral/Downloads/proj-api-volume-dump/a9f4eabe-8e56-4f72-bc64-6d889a24cbfa/workspace/stm32ai-modelzoo/stm32ai-modelzoo/common/stm_ai_driver/resources/ai_runtime_libs.json,Invalid JSON syntax
/home/hemduttdabral/Downloads/proj-api-volume-dump/05534a6a-b0fa-462d-8d34-00aaf8dff9bf/workspace/projects/Project_name_328244/ai_Project_name_328244.json,"{'application': '3ecd53d4-8a9e-4473-95fc-8e899188e745', 'firmware_update': False} is not valid under any of the given schemas"
/home/hemduttdabral/Downloads/proj-api-volume-dump/05534a6a-b0fa-462d-8d34-00aaf8dff9bf/workspace/projects/Project_name_722277/ai_Project_name_722277.json,"{'application': '61c4a3e5-b142-4496-9168-9b9f7531f595', 'firmware_update': False} is not valid under any of the given schemas"
/home/hemduttdabral/Downloads/proj-api-volume-dump/cbfcc259-3ab9-42c6-8b8e-f339a95fea2a/workspace/projects/Project_name_152355/ai_Project_name_152355.json,"{'application': 'b50e67ed-c836-43d3-80da-8dcd2689354e', 'firmware_update': False} is not valid under any of the given schemas"
/home/hemduttdabral/Downloads/proj-api-volume-dump/cbfcc259-3ab9-42c6-8b8e-f339a95fea2a/workspace/projects/Project_name_449804/ai_Project_name_449804.json,"{'application': '81894479-a3fa-482d-9d2c-45acdf58539a', 'firmware_update': False} is not valid under any of the given schemas"
/home/hemduttdabral/Downloads/proj-api-volume-dump/cbfcc259-3ab9-42c6-8b8e-f339a95fea2a/workspace/projects/Project_name_530194/ai_Project_name_530194.json,"{'application': '59a405b9-db62-44ad-8053-773db04440a9', 'firmware_update': False} is not valid under any of the given schemas"
/home/hemduttdabral/Downloads/proj-api-volume-dump/cc178604-3f3e-4194-a3e5-65bf3c219a75/workspace/projects/Project_name_957315/ai_Project_name_957315.json,"{'application': '6325e91f-e382-4523-83d4-679ce35187f4', 'firmware_update': False} is not valid under any of the given schemas"
/home/hemduttdabral/Downloads/proj-api-volume-dump/cc178604-3f3e-4194-a3e5-65bf3c219a75/workspace/projects/Project_name_118420/ai_Project_name_118420.json,"{'application': 'e96356ec-ec11-41cc-b701-d9759751a301', 'firmware_update': False} is not valid under any of the given schemas"
/home/hemduttdabral/Downloads/proj-api-volume-dump/cc178604-3f3e-4194-a3e5-65bf3c219a75/workspace/projects/Project_name_804322/ai_Project_name_804322.json,"{'application': '3eee4d6c-d05f-4be2-a4cb-ae795a02ca59', 'firmware_update': False} is not valid under any of the given schemas"
/home/hemduttdabral/Downloads/proj-api-volume-dump/86f09629-6dea-4c3d-96a9-8045b803a691/workspace/projects/Project_name_798557/ai_Project_name_798557.json,"{'application': '6dc17271-a363-48d0-9654-028fc01e29f8', 'firmware_update': False} is not valid under any of the given schemas"
/home/hemduttdabral/Downloads/proj-api-volume-dump/86f09629-6dea-4c3d-96a9-8045b803a691/workspace/projects/Project_name_254496/ai_Project_name_254496.json,"{'application': '8af88f83-49ec-4b16-99eb-cf837f48801d', 'firmware_update': False} is not valid under any of the given schemas"
/home/hemduttdabral/Downloads/proj-api-volume-dump/b18b5458-e92b-4ac8-ba3f-2015fe53b82c/workspace/projects/Project_name_683171/ai_Project_name_683171.json,"{'application': '6893a160-155c-4876-89c9-08869bb91a6f', 'firmware_update': False} is not valid under any of the given schemas"
/home/hemduttdabral/Downloads/proj-api-volume-dump/b18b5458-e92b-4ac8-ba3f-2015fe53b82c/workspace/projects/Project_name_504401/ai_Project_name_504401.json,"{'application': 'edc9f85b-6dac-46c7-a648-e3b391c37c4a', 'firmware_update': False} is not valid under any of the given schemas"
/home/hemduttdabral/Downloads/proj-api-volume-dump/b18b5458-e92b-4ac8-ba3f-2015fe53b82c/workspace/projects/Project_name_528459/ai_Project_name_528459.json,"{'application': '2dbe0384-f59f-4f0d-afcd-e2793038208a', 'firmware_update': False} is not valid under any of the given schemas"
/home/hemduttdabral/Downloads/proj-api-volume-dump/88f91ca5-5a5d-4c7c-8f54-013f873826f3/workspace/projects/Project_name_223368/ai_Project_name_223368.json,"{'application': '11f0c477-b948-434d-8fe7-79eea76c72ea', 'firmware_update': False} is not valid under any of the given schemas"
/home/hemduttdabral/Downloads/proj-api-volume-dump/88f91ca5-5a5d-4c7c-8f54-013f873826f3/workspace/projects/Project_name_36556/ai_Project_name_36556.json,"{'application': '24e05182-41b5-4836-830d-35804f701cb1', 'firmware_update': False} is not valid under any of the given schemas"
/home/hemduttdabral/Downloads/proj-api-volume-dump/3d31f000-c0fe-46d1-8fd2-816ea653647d/workspace/projects/Project_name_411297/ai_Project_name_411297.json,"{'application': '6240a097-cf07-4439-8992-3085f21a0cc1', 'firmware_update': False} is not valid under any of the given schemas"
/home/hemduttdabral/Downloads/proj-api-volume-dump/3d31f000-c0fe-46d1-8fd2-816ea653647d/workspace/projects/Project_name_302866/ai_Project_name_302866.json,"{'application': 'b002c402-d972-415b-9a3d-80368dd897f2', 'firmware_update': False} is not valid under any of the given schemas"
/home/hemduttdabral/Downloads/proj-api-volume-dump/3d31f000-c0fe-46d1-8fd2-816ea653647d/workspace/projects/Project_name_494653/ai_Project_name_494653.json,"{'application': '2833ad32-a33a-4723-9932-4fce3897ea8f', 'firmware_update': False} is not valid under any of the given schemas"
/home/hemduttdabral/Downloads/proj-api-volume-dump/f87be57a-961f-431f-b005-2bf47c0517b5/workspace/projects/Project_name_534306/ai_Project_name_534306.json,"{'application': 'a22eb570-2529-45d2-9b03-a6862dbe78a6', 'firmware_update': False} is not valid under any of the given schemas"
/home/hemduttdabral/Downloads/proj-api-volume-dump/3f49c67c-d630-4743-a3b7-8155223adf20/workspace/projects/Project_name_630623/ai_Project_name_630623.json,"{'application': '522b5ef6-49e3-489a-8d6b-7e2b7e57ba89', 'firmware_update': False} is not valid under any of the given schemas"
/home/hemduttdabral/Downloads/proj-api-volume-dump/3f49c67c-d630-4743-a3b7-8155223adf20/workspace/projects/Project_name_379050/ai_Project_name_379050.json,"{'application': 'd9a053a7-e4f1-4dd4-af05-ece384abaa83', 'firmware_update': False} is not valid under any of the given schemas"
/home/hemduttdabral/Downloads/proj-api-volume-dump/3f49c67c-d630-4743-a3b7-8155223adf20/workspace/projects/Project_name_330959/ai_Project_name_330959.json,"{'application': '141b9e7e-d354-43f8-b483-686ed6a30fbc', 'firmware_update': False} is not valid under any of the given schemas"
/home/hemduttdabral/Downloads/proj-api-volume-dump/1bdf5802-558d-4df1-88d5-2277d96efd01/workspace/projects/demo-project/ai_demo-project.json,None is not of type 'string'
/home/hemduttdabral/Downloads/proj-api-volume-dump/1bdf5802-558d-4df1-88d5-2277d96efd01/workspace/projects/demo-project/ai_demo-project.json,None is not of type 'string'
/home/hemduttdabral/Downloads/proj-api-volume-dump/1bdf5802-558d-4df1-88d5-2277d96efd01/workspace/projects/demo-project/ai_demo-project.json,None is not of type 'string'
/home/hemduttdabral/Downloads/proj-api-volume-dump/1bdf5802-558d-4df1-88d5-2277d96efd01/workspace/projects/test/ai_test.json,None is not of type 'string'
/home/hemduttdabral/Downloads/proj-api-volume-dump/1bdf5802-558d-4df1-88d5-2277d96efd01/workspace/projects/test/ai_test.json,None is not of type 'string'
/home/hemduttdabral/Downloads/proj-api-volume-dump/1bdf5802-558d-4df1-88d5-2277d96efd01/workspace/projects/test/ai_test.json,None is not of type 'string'
/home/hemduttdabral/Downloads/proj-api-volume-dump/1bdf5802-558d-4df1-88d5-2277d96efd01/workspace/projects/test/ai_test.json,None is not of type 'string'
/home/hemduttdabral/Downloads/proj-api-volume-dump/5bbe9b38-42af-4ce9-885b-2f888679d248/workspace/projects/proj_1778210822276/ai_proj_1778210822276.json,None is not of type 'string'
/home/hemduttdabral/Downloads/proj-api-volume-dump/5bbe9b38-42af-4ce9-885b-2f888679d248/workspace/projects/proj_1778210822276/ai_proj_1778210822276.json,None is not of type 'string'
/home/hemduttdabral/Downloads/proj-api-volume-dump/5bbe9b38-42af-4ce9-885b-2f888679d248/workspace/projects/proj_1778210822276/ai_proj_1778210822276.json,None is not of type 'string'
/home/hemduttdabral/Downloads/proj-api-volume-dump/5bbe9b38-42af-4ce9-885b-2f888679d248/workspace/projects/proj_1778210822276/ai_proj_1778210822276.json,None is not of type 'string'
/home/hemduttdabral/Downloads/proj-api-volume-dump/5bbe9b38-42af-4ce9-885b-2f888679d248/workspace/projects/proj_1778210822276/ai_proj_1778210822276.json,None is not of type 'string'
/home/hemduttdabral/Downloads/proj-api-volume-dump/5bbe9b38-42af-4ce9-885b-2f888679d248/workspace/projects/proj_1778210822276/ai_proj_1778210822276.json,None is not of type 'array'
/home/hemduttdabral/Downloads/proj-api-volume-dump/5bbe9b38-42af-4ce9-885b-2f888679d248/workspace/projects/proj_1777960136188/ai_proj_1777960136188.json,None is not of type 'string'
/home/hemduttdabral/Downloads/proj-api-volume-dump/5bbe9b38-42af-4ce9-885b-2f888679d248/workspace/projects/proj_1777960136188/ai_proj_1777960136188.json,None is not of type 'string'
/home/hemduttdabral/Downloads/proj-api-volume-dump/5bbe9b38-42af-4ce9-885b-2f888679d248/workspace/projects/proj_1777960136188/ai_proj_1777960136188.json,None is not of type 'string'
/home/hemduttdabral/Downloads/proj-api-volume-dump/5bbe9b38-42af-4ce9-885b-2f888679d248/workspace/projects/proj_1777960136188/ai_proj_1777960136188.json,None is not of type 'string'
/home/hemduttdabral/Downloads/proj-api-volume-dump/5bbe9b38-42af-4ce9-885b-2f888679d248/workspace/projects/proj_1777960136188/ai_proj_1777960136188.json,None is not of type 'array'
/home/hemduttdabral/Downloads/proj-api-volume-dump/5bbe9b38-42af-4ce9-885b-2f888679d248/workspace/projects/proj_1778053531899/ai_proj_1778053531899.json,None is not of type 'string'
/home/hemduttdabral/Downloads/proj-api-volume-dump/5bbe9b38-42af-4ce9-885b-2f888679d248/workspace/projects/proj_1778053531899/ai_proj_1778053531899.json,None is not of type 'string'
/home/hemduttdabral/Downloads/proj-api-volume-dump/5bbe9b38-42af-4ce9-885b-2f888679d248/workspace/projects/proj_1778053531899/ai_proj_1778053531899.json,None is not of type 'string'
/home/hemduttdabral/Downloads/proj-api-volume-dump/5bbe9b38-42af-4ce9-885b-2f888679d248/workspace/projects/proj_1778053531899/ai_proj_1778053531899.json,None is not of type 'string'
/home/hemduttdabral/Downloads/proj-api-volume-dump/5bbe9b38-42af-4ce9-885b-2f888679d248/workspace/projects/proj_1778053531899/ai_proj_1778053531899.json,None is not of type 'string'
/home/hemduttdabral/Downloads/proj-api-volume-dump/5bbe9b38-42af-4ce9-885b-2f888679d248/workspace/projects/proj_1778053531899/ai_proj_1778053531899.json,None is not of type 'array'
/home/hemduttdabral/Downloads/proj-api-volume-dump/5bbe9b38-42af-4ce9-885b-2f888679d248/workspace/projects/proj_1777977557618/ai_proj_1777977557618.json,None is not of type 'string'
/home/hemduttdabral/Downloads/proj-api-volume-dump/5bbe9b38-42af-4ce9-885b-2f888679d248/workspace/projects/proj_1777977557618/ai_proj_1777977557618.json,None is not of type 'string'
/home/hemduttdabral/Downloads/proj-api-volume-dump/5bbe9b38-42af-4ce9-885b-2f888679d248/workspace/projects/proj_1777977557618/ai_proj_1777977557618.json,None is not of type 'string'
/home/hemduttdabral/Downloads/proj-api-volume-dump/5bbe9b38-42af-4ce9-885b-2f888679d248/workspace/projects/proj_1777977557618/ai_proj_1777977557618.json,None is not of type 'string'
/home/hemduttdabral/Downloads/proj-api-volume-dump/5bbe9b38-42af-4ce9-885b-2f888679d248/workspace/projects/proj_1777977557618/ai_proj_1777977557618.json,None is not of type 'string'
/home/hemduttdabral/Downloads/proj-api-volume-dump/5bbe9b38-42af-4ce9-885b-2f888679d248/workspace/projects/proj_1777977557618/ai_proj_1777977557618.json,None is not of type 'array'
/home/hemduttdabral/Downloads/proj-api-volume-dump/5bbe9b38-42af-4ce9-885b-2f888679d248/workspace/projects/proj_1779435713163/ai_proj_1779435713163.json,None is not of type 'string'
/home/hemduttdabral/Downloads/proj-api-volume-dump/5bbe9b38-42af-4ce9-885b-2f888679d248/workspace/projects/proj_1779435713163/ai_proj_1779435713163.json,None is not of type 'string'
/home/hemduttdabral/Downloads/proj-api-volume-dump/5bbe9b38-42af-4ce9-885b-2f888679d248/workspace/projects/proj_1779435713163/ai_proj_1779435713163.json,None is not of type 'string'
/home/hemduttdabral/Downloads/proj-api-volume-dump/5bbe9b38-42af-4ce9-885b-2f888679d248/workspace/projects/proj_1779435713163/ai_proj_1779435713163.json,None is not of type 'string'
/home/hemduttdabral/Downloads/proj-api-volume-dump/5bbe9b38-42af-4ce9-885b-2f888679d248/workspace/projects/proj_1779435713163/ai_proj_1779435713163.json,None is not of type 'string'
/home/hemduttdabral/Downloads/proj-api-volume-dump/5bbe9b38-42af-4ce9-885b-2f888679d248/workspace/projects/proj_1779435713163/ai_proj_1779435713163.json,None is not of type 'array'
/home/hemduttdabral/Downloads/proj-api-volume-dump/5bbe9b38-42af-4ce9-885b-2f888679d248/workspace/projects/proj_1777964346832/ai_proj_1777964346832.json,None is not of type 'string'
/home/hemduttdabral/Downloads/proj-api-volume-dump/5bbe9b38-42af-4ce9-885b-2f888679d248/workspace/projects/proj_1777964346832/ai_proj_1777964346832.json,None is not of type 'string'
/home/hemduttdabral/Downloads/proj-api-volume-dump/5bbe9b38-42af-4ce9-885b-2f888679d248/workspace/projects/proj_1777964346832/ai_proj_1777964346832.json,None is not of type 'string'
/home/hemduttdabral/Downloads/proj-api-volume-dump/5bbe9b38-42af-4ce9-885b-2f888679d248/workspace/projects/proj_1777964346832/ai_proj_1777964346832.json,None is not of type 'string'
/home/hemduttdabral/Downloads/proj-api-volume-dump/5bbe9b38-42af-4ce9-885b-2f888679d248/workspace/projects/proj_1777964346832/ai_proj_1777964346832.json,None is not of type 'array'
/home/hemduttdabral/Downloads/proj-api-volume-dump/3c3aa695-380d-41ae-aa8b-5b9f2603a964/workspace/projects/Project_name_339010/ai_Project_name_339010.json,"{'application': 'efbf2499-14ff-4f62-ba24-804c6291caf5', 'firmware_update': False} is not valid under any of the given schemas"
/home/hemduttdabral/Downloads/proj-api-volume-dump/3c3aa695-380d-41ae-aa8b-5b9f2603a964/workspace/projects/Project_name_970530/ai_Project_name_970530.json,"{'application': '65d31caa-f8e6-4ce4-9f86-3e02aad52f10', 'firmware_update': False} is not valid under any of the given schemas"
/home/hemduttdabral/Downloads/proj-api-volume-dump/3c3aa695-380d-41ae-aa8b-5b9f2603a964/workspace/projects/Project_name_525968/ai_Project_name_525968.json,"{'application': 'a18087d8-12d0-4e5a-a13a-d1ae3dcbd4f6', 'firmware_update': False} is not valid under any of the given schemas"
/home/hemduttdabral/Downloads/proj-api-volume-dump/vnfvhntq7fgj5s25tskn2gfk10/workspace/projects/tttt/ai_tttt.json,None is not of type 'string'
/home/hemduttdabral/Downloads/proj-api-volume-dump/vnfvhntq7fgj5s25tskn2gfk10/workspace/projects/tttt/ai_tttt.json,None is not of type 'string'
/home/hemduttdabral/Downloads/proj-api-volume-dump/vnfvhntq7fgj5s25tskn2gfk10/workspace/projects/tttt/ai_tttt.json,None is not of type 'string'
/home/hemduttdabral/Downloads/proj-api-volume-dump/d69835e1-4f8d-454d-bb07-5ab06c82085a/workspace/projects/Project_name_75346/ai_Project_name_75346.json,"{'application': '993f3d00-74f2-44c8-bf24-ce953fdb770c', 'firmware_update': False} is not valid under any of the given schemas"
/home/hemduttdabral/Downloads/proj-api-volume-dump/220b643d-c002-4ce5-be5c-1d182c44b1ae/workspace/projects/Project_name_565590/ai_Project_name_565590.json,"{'application': 'd8c18ce8-3cf7-4892-9ace-a0275f99a128', 'firmware_update': False} is not valid under any of the given schemas"
/home/hemduttdabral/Downloads/proj-api-volume-dump/220b643d-c002-4ce5-be5c-1d182c44b1ae/workspace/projects/Project_name_154385/ai_Project_name_154385.json,"{'application': '48b501b3-fb12-4f55-b582-d76087dd635d', 'firmware_update': False} is not valid under any of the given schemas"
/home/hemduttdabral/Downloads/proj-api-volume-dump/bd474fe1-99c8-4c6d-a8a7-8e978a791270/workspace/projects/project_name_921708/ai_project_name_921708.json,"{'application': '53a5ce72-a0de-4141-b7be-765bc58dfea5', 'firmware_update': False} is not valid under any of the given schemas"
/home/hemduttdabral/Downloads/proj-api-volume-dump/bd474fe1-99c8-4c6d-a8a7-8e978a791270/workspace/projects/project_name_921708/ai_project_name_921708.json,"{'application': 'e462c072-2b16-4b33-8638-48a0368283ef', 'firmware_update': False} is not valid under any of the given schemas"
/home/hemduttdabral/Downloads/proj-api-volume-dump/bd474fe1-99c8-4c6d-a8a7-8e978a791270/workspace/projects/testing_project_929752/ai_testing_project_929752.json,None is not of type 'string'
/home/hemduttdabral/Downloads/proj-api-volume-dump/bd474fe1-99c8-4c6d-a8a7-8e978a791270/workspace/projects/testing_project_929752/ai_testing_project_929752.json,None is not of type 'string'
/home/hemduttdabral/Downloads/proj-api-volume-dump/108d0ab4-e4a7-4ab3-bba3-13d0d86a86bd/workspace/projects/20240705_automode_ux_test/ai_20240705_automode_ux_test.json,None is not of type 'string'
/home/hemduttdabral/Downloads/proj-api-volume-dump/6462848c-c38c-431b-a8ed-9f0c2db58bb3/workspace/projects/Project_name_950630/ai_Project_name_950630.json,"{'application': '352a1b21-a66f-460b-b7a9-ceb2e539a3b1', 'firmware_update': False} is not valid under any of the given schemas"
/home/hemduttdabral/Downloads/proj-api-volume-dump/6462848c-c38c-431b-a8ed-9f0c2db58bb3/workspace/projects/Project_name_739473/ai_Project_name_739473.json,"{'application': 'b6128c99-0b2f-4535-93b7-331036ec6e14', 'firmware_update': False} is not valid under any of the given schemas"
/home/hemduttdabral/Downloads/proj-api-volume-dump/8ab84bfe-91f2-496c-8d36-092ace6c884e/workspace/projects/Project_name_943628/ai_Project_name_943628.json,"{'application': '2247ac14-7e0c-44e6-a780-7b2a3679962d', 'firmware_update': False} is not valid under any of the given schemas"
/home/hemduttdabral/Downloads/proj-api-volume-dump/8ab84bfe-91f2-496c-8d36-092ace6c884e/workspace/projects/Project_name_144479/ai_Project_name_144479.json,"{'application': '1ed5b0dd-5cdd-4e0f-b40d-ea84f2d59c11', 'firmware_update': False} is not valid under any of the given schemas"
/home/hemduttdabral/Downloads/proj-api-volume-dump/8ab84bfe-91f2-496c-8d36-092ace6c884e/workspace/projects/Project_name_90354/ai_Project_name_90354.json,"{'application': '922765dc-989e-4d07-88be-cbf6a15539e1', 'firmware_update': False} is not valid under any of the given schemas"
/home/hemduttdabral/Downloads/proj-api-volume-dump/8ab84bfe-91f2-496c-8d36-092ace6c884e/workspace/projects/Project_name_345045/ai_Project_name_345045.json,"{'application': '410d806c-53cc-46c8-bab8-c6e227c5ad64', 'firmware_update': False} is not valid under any of the given schemas"
/home/hemduttdabral/Downloads/proj-api-volume-dump/8ab84bfe-91f2-496c-8d36-092ace6c884e/workspace/projects/Project_name_649031/ai_Project_name_649031.json,"{'application': 'a44121a8-fdab-42d2-9b6d-043099916705', 'firmware_update': False} is not valid under any of the given schemas"
/home/hemduttdabral/Downloads/proj-api-volume-dump/c6350116-ea79-4568-a940-ca0f33559a4e/workspace/projects/Project_name_788203/ai_Project_name_788203.json,"{'application': '75a380a6-0e96-4eb6-a996-d245d2d168af', 'firmware_update': False} is not valid under any of the given schemas"
/home/hemduttdabral/Downloads/proj-api-volume-dump/a2c60eb2-9291-4939-adb2-8a126d2b39f6/workspace/projects/Project_name_834081/ai_Project_name_834081.json,"{'application': '17e207b9-7ff0-4797-8df5-54cf8acea237', 'firmware_update': False} is not valid under any of the given schemas"
/home/hemduttdabral/Downloads/proj-api-volume-dump/74d1c9a4-dbb4-45cb-a2e1-839adb40fd71/workspace/projects/20240705_automode_ux_test/ai_20240705_automode_ux_test.json,None is not of type 'string'
/home/hemduttdabral/Downloads/proj-api-volume-dump/280f4544-0c5a-41e8-9d75-9bd4fba4c445/workspace/projects/Project_name_917751/ai_Project_name_917751.json,"{'application': 'd5f19866-3175-425e-8056-64cb18eaf452', 'firmware_update': False} is not valid under any of the given schemas"
/home/hemduttdabral/Downloads/proj-api-volume-dump/280f4544-0c5a-41e8-9d75-9bd4fba4c445/workspace/projects/Project_name_188479/ai_Project_name_188479.json,"{'application': 'c95479d0-15e7-4393-81ca-d39410643c69', 'firmware_update': False} is not valid under any of the given schemas"
/home/hemduttdabral/Downloads/proj-api-volume-dump/280f4544-0c5a-41e8-9d75-9bd4fba4c445/workspace/projects/Project_name_483945/ai_Project_name_483945.json,"{'application': 'e330021f-fd0a-446b-9147-12855806d3ed', 'firmware_update': False} is not valid under any of the given schemas"
/home/hemduttdabral/Downloads/proj-api-volume-dump/280f4544-0c5a-41e8-9d75-9bd4fba4c445/workspace/projects/Project_name_272185/ai_Project_name_272185.json,"{'application': 'aa595dd5-2c49-47cd-88bd-ea904632c70f', 'firmware_update': False} is not valid under any of the given schemas"
/home/hemduttdabral/Downloads/proj-api-volume-dump/72524e5d-dea4-4978-be48-7c22a0d77693/workspace/projects/test/ai_test.json,None is not of type 'string'
/home/hemduttdabral/Downloads/proj-api-volume-dump/c6507e64-a314-44e2-ac4b-c6ccd795d912/workspace/projects/Project_name_170078/ai_Project_name_170078.json,"{'application': '883fdacb-6a61-4f24-a02c-a59b0829aaae', 'firmware_update': False} is not valid under any of the given schemas"
/home/hemduttdabral/Downloads/proj-api-volume-dump/c6507e64-a314-44e2-ac4b-c6ccd795d912/workspace/projects/Project_name_558327/ai_Project_name_558327.json,"{'application': '729f351e-c064-4598-b573-bd951b3f0c38', 'firmware_update': False} is not valid under any of the given schemas"
/home/hemduttdabral/Downloads/proj-api-volume-dump/c08a6da7-9afd-4c39-8ddf-12b85066ba8c/workspace/projects/ClonedAssetTracking/ai_get_started_asset_tracking_mlc_v10.json,Invalid JSON syntax
/home/hemduttdabral/Downloads/proj-api-volume-dump/c08a6da7-9afd-4c39-8ddf-12b85066ba8c/workspace/projects/ClonedAssetTracking/ai_get_started_asset_tracking_mlc_v10_multiple_models.json,Invalid JSON syntax
/home/hemduttdabral/Downloads/proj-api-volume-dump/802e1f44-121b-4e1e-b294-2fcfff01e018/workspace/projects/Project_name_523548/ai_Project_name_523548.json,"{'application': 'a44979ae-fdd2-4785-9848-8a9d40ad5ea2', 'firmware_update': False} is not valid under any of the given schemas"
/home/hemduttdabral/Downloads/proj-api-volume-dump/802e1f44-121b-4e1e-b294-2fcfff01e018/workspace/projects/Project_name_546797/ai_Project_name_546797.json,"{'application': '4e5cfd16-b2c6-433e-a57f-67ab2c7508c8', 'firmware_update': False} is not valid under any of the given schemas"
/home/hemduttdabral/Downloads/proj-api-volume-dump/e464f9f9-dd37-4599-ab04-a04b492549ea/workspace/projects/Project_name_480794/ai_Project_name_480794.json,"{'application': '06a72923-be4e-41e3-9cc7-460456323e12', 'firmware_update': False} is not valid under any of the given schemas"
/home/hemduttdabral/Downloads/proj-api-volume-dump/e464f9f9-dd37-4599-ab04-a04b492549ea/workspace/projects/Project_name_312252/ai_Project_name_312252.json,"{'application': '5cb81835-25be-46ba-b8f9-6faa7bc7930e', 'firmware_update': False} is not valid under any of the given schemas"
/home/hemduttdabral/Downloads/proj-api-volume-dump/0c46f6a9-d2ec-47c3-9a90-7175d095cbd9/workspace/projects/Project_name_914557/ai_Project_name_914557.json,"{'application': '6970b0ee-e639-4e42-95aa-7744e21a3e32', 'firmware_update': False} is not valid under any of the given schemas"
/home/hemduttdabral/Downloads/proj-api-volume-dump/d1798de7-d8d6-466c-97e1-dd6146e06a43/workspace/projects/Project_name_974392/ai_Project_name_974392.json,"{'application': 'b3420a22-d4aa-4cda-b2c5-2f9f2ecfd0b1', 'firmware_update': False} is not valid under any of the given schemas"
/home/hemduttdabral/Downloads/proj-api-volume-dump/d1798de7-d8d6-466c-97e1-dd6146e06a43/workspace/projects/Project_name_491288/ai_Project_name_491288.json,"{'application': '324e8c1b-77df-46a7-a5fe-d6d93ea65346', 'firmware_update': False} is not valid under any of the given schemas"
/home/hemduttdabral/Downloads/proj-api-volume-dump/d1798de7-d8d6-466c-97e1-dd6146e06a43/workspace/projects/Project_name_575480/ai_Project_name_575480.json,"{'application': '1ba0aa6f-bc1c-48af-99d1-c2d3f2646424', 'firmware_update': False} is not valid under any of the given schemas"
/home/hemduttdabral/Downloads/proj-api-volume-dump/d8612b41-5e30-4b59-9e29-4cf922b5d654/workspace/projects/Project_name_399034/ai_Project_name_399034.json,"{'application': 'c964e21c-bfe4-48f9-84d2-aa8a1f692b89', 'firmware_update': False} is not valid under any of the given schemas"
/home/hemduttdabral/Downloads/proj-api-volume-dump/065542shw19gxt44axvw15zj10/workspace/projects/clone1/ai_clone1.json,"{'application': 'e1cc6de4-101b-4fca-9523-8767e67ac2da', 'firmware_update': False} is not valid under any of the given schemas"
/home/hemduttdabral/Downloads/proj-api-volume-dump/b68069fd-2398-41dd-b473-297107fa396c/workspace/qrcode/ai_qrcode.json,None is not of type 'string'
/home/hemduttdabral/Downloads/proj-api-volume-dump/b68069fd-2398-41dd-b473-297107fa396c/workspace/coco-MLC/ai_coco-MLC.json,None is not of type 'string'
/home/hemduttdabral/Downloads/proj-api-volume-dump/b68069fd-2398-41dd-b473-297107fa396c/workspace/cubeai/ai_cubeai.json,None is not of type 'string'
/home/hemduttdabral/Downloads/proj-api-volume-dump/a78a742d-e675-46e4-bd49-814e765fd30b/workspace/projects/Project_name_183222/ai_Project_name_183222.json,"{'application': '07593b06-0c91-4a40-93fd-f147127998e0', 'firmware_update': False} is not valid under any of the given schemas"
/home/hemduttdabral/Downloads/proj-api-volume-dump/f765d967-576b-4f0a-b79d-0976cf42584c/workspace/projects/Project_name_585417/ai_Project_name_585417.json,"{'application': '6a08203c-71df-42c8-b104-012ea071245f', 'firmware_update': False} is not valid under any of the given schemas"
/home/hemduttdabral/Downloads/proj-api-volume-dump/f765d967-576b-4f0a-b79d-0976cf42584c/workspace/projects/Project_name_319866/ai_Project_name_319866.json,"{'application': 'f7201310-403b-42c0-889d-c757c679afaa', 'firmware_update': False} is not valid under any of the given schemas"
/home/hemduttdabral/Downloads/proj-api-volume-dump/f765d967-576b-4f0a-b79d-0976cf42584c/workspace/projects/Project_name_174428/ai_Project_name_174428.json,"{'application': '1e54faca-047b-4e9b-b7bc-c3cb202db3f1', 'firmware_update': False} is not valid under any of the given schemas"
/home/hemduttdabral/Downloads/proj-api-volume-dump/f765d967-576b-4f0a-b79d-0976cf42584c/workspace/projects/Project_name_440145/ai_Project_name_440145.json,"{'application': 'e7129663-91da-4381-ad14-356c69137f07', 'firmware_update': False} is not valid under any of the given schemas"
/home/hemduttdabral/Downloads/proj-api-volume-dump/f765d967-576b-4f0a-b79d-0976cf42584c/workspace/projects/Project_name_532919/ai_Project_name_532919.json,"{'application': '124f36d5-6518-4c97-bf7f-a24aca329349', 'firmware_update': False} is not valid under any of the given schemas"
/home/hemduttdabral/Downloads/proj-api-volume-dump/820e91ad-9dcd-4a47-bd64-112bda72fa3c/workspace/projects/Project_name_8318/ai_Project_name_8318.json,"{'application': 'e58b37d4-6b34-41bb-806c-e3d4bbc2d12f', 'firmware_update': False} is not valid under any of the given schemas"
/home/hemduttdabral/Downloads/proj-api-volume-dump/820e91ad-9dcd-4a47-bd64-112bda72fa3c/workspace/projects/Project_name_482452/ai_Project_name_482452.json,"{'application': 'a7715110-4935-492e-a325-1e531067178b', 'firmware_update': False} is not valid under any of the given schemas"
/home/hemduttdabral/Downloads/proj-api-volume-dump/820e91ad-9dcd-4a47-bd64-112bda72fa3c/workspace/projects/Project_name_73182/ai_Project_name_73182.json,"{'application': '11dd2b70-82c4-4546-bc3a-d605b3dcabb4', 'firmware_update': False} is not valid under any of the given schemas"
/home/hemduttdabral/Downloads/proj-api-volume-dump/820e91ad-9dcd-4a47-bd64-112bda72fa3c/workspace/projects/Project_name_753862/ai_Project_name_753862.json,"{'application': '553292ed-d9c9-46c1-bd0f-8bdbefc584d8', 'firmware_update': False} is not valid under any of the given schemas"
/home/hemduttdabral/Downloads/proj-api-volume-dump/47deaeb9-685f-4ae0-ad1d-7571f9f03eb0/workspace/projects/Project_name_297049/ai_Project_name_297049.json,"{'application': 'ef6dd2bb-abbc-48fe-b94b-3002d9e59a45', 'firmware_update': False} is not valid under any of the given schemas"
/home/hemduttdabral/Downloads/proj-api-volume-dump/1aa456eb-a4d1-4df3-a0a8-ccb3821d6581/workspace/projects/Project_name_678605/ai_Project_name_678605.json,"{'application': '4ba4b254-dfde-47e8-8441-114f04b79a7b', 'firmware_update': False} is not valid under any of the given schemas"
/home/hemduttdabral/Downloads/proj-api-volume-dump/1aa456eb-a4d1-4df3-a0a8-ccb3821d6581/workspace/projects/Project_name_139680/ai_Project_name_139680.json,"{'application': '451614c4-cee9-4485-86e9-d2192792414f', 'firmware_update': False} is not valid under any of the given schemas"
/home/hemduttdabral/Downloads/proj-api-volume-dump/1aa456eb-a4d1-4df3-a0a8-ccb3821d6581/workspace/projects/Project_name_213801/ai_Project_name_213801.json,"{'application': '31cb8355-400e-4d93-9d06-af8656273a5a', 'firmware_update': False} is not valid under any of the given schemas"
/home/hemduttdabral/Downloads/proj-api-volume-dump/f9853d02-f461-4f19-a685-a2a398b4dec4/workspace/projects/Project_name_374971/ai_Project_name_374971.json,"{'application': 'c94c07b3-5e64-479c-ac18-bb56ba1cbbb5', 'firmware_update': False} is not valid under any of the given schemas"
/home/hemduttdabral/Downloads/proj-api-volume-dump/f9853d02-f461-4f19-a685-a2a398b4dec4/workspace/projects/Project_name_624988/ai_Project_name_624988.json,"{'application': 'a340d980-7756-4ab2-bdef-e5fad1e0df24', 'firmware_update': False} is not valid under any of the given schemas"
/home/hemduttdabral/Downloads/proj-api-volume-dump/f9853d02-f461-4f19-a685-a2a398b4dec4/workspace/projects/Project_name_131532/ai_Project_name_131532.json,"{'application': 'baf688df-3ee3-4d91-84b0-0e4bfd1e3264', 'firmware_update': False} is not valid under any of the given schemas"
/home/hemduttdabral/Downloads/proj-api-volume-dump/f9853d02-f461-4f19-a685-a2a398b4dec4/workspace/projects/Project_name_255038/ai_Project_name_255038.json,"{'application': '3aa45ecc-2ff4-4d78-bcfc-c6c1724cf16a', 'firmware_update': False} is not valid under any of the given schemas"
/home/hemduttdabral/Downloads/proj-api-volume-dump/f9853d02-f461-4f19-a685-a2a398b4dec4/workspace/projects/Project_name_907644/ai_Project_name_907644.json,"{'application': '10abeb4c-a590-4766-a3fb-a95d8dba9f46', 'firmware_update': False} is not valid under any of the given schemas"
/home/hemduttdabral/Downloads/proj-api-volume-dump/bc9e6028-7cce-4c1e-9bbc-affc0a765fb5/workspace/projects/Project_name_547174/ai_Project_name_547174.json,"{'application': '80419a9e-6c87-4933-8af6-b43310e57a32', 'firmware_update': False} is not valid under any of the given schemas"
/home/hemduttdabral/Downloads/proj-api-volume-dump/bc9e6028-7cce-4c1e-9bbc-affc0a765fb5/workspace/projects/Project_name_946868/ai_Project_name_946868.json,"{'application': '1d325590-d1fe-4af4-8ddb-831549e67a7f', 'firmware_update': False} is not valid under any of the given schemas"
/home/hemduttdabral/Downloads/proj-api-volume-dump/bc9e6028-7cce-4c1e-9bbc-affc0a765fb5/workspace/projects/Project_name_208730/ai_Project_name_208730.json,"{'application': '07d31ea1-91cd-4598-81d9-0f9a845033cd', 'firmware_update': False} is not valid under any of the given schemas"
/home/hemduttdabral/Downloads/proj-api-volume-dump/bc9e6028-7cce-4c1e-9bbc-affc0a765fb5/workspace/projects/Project_name_369047/ai_Project_name_369047.json,"{'application': 'c1a8197b-046f-4c4b-bce7-0b3ebcad19c2', 'firmware_update': False} is not valid under any of the given schemas"
/home/hemduttdabral/Downloads/proj-api-volume-dump/a0425f49-4ffb-4993-8bf2-865e536c1b38/workspace/projects/Project_name_421191/ai_Project_name_421191.json,"{'application': '95e285f6-e3d0-41fd-b401-e39fb7cf7165', 'firmware_update': False} is not valid under any of the given schemas"
/home/hemduttdabral/Downloads/proj-api-volume-dump/04020797-55be-4846-a162-3e0450d780b6/workspace/projects/Project_name_564664/ai_Project_name_564664.json,"{'application': '804c75a6-1ece-4311-92cb-9473487acfd4', 'firmware_update': False} is not valid under any of the given schemas"
/home/hemduttdabral/Downloads/proj-api-volume-dump/15e564d4-3a4e-4b58-89fe-22c71ac47f6d/workspace/projects/Project_name_633037/ai_Project_name_633037.json,"{'application': '80648f03-f0db-4e31-8272-29561b008966', 'firmware_update': False} is not valid under any of the given schemas"
/home/hemduttdabral/Downloads/proj-api-volume-dump/96eabaeb-b501-4854-aa31-28e465a61bb4/workspace/projects/Project_name_45939/ai_Project_name_45939.json,"{'application': '645da75d-dc4a-4233-9932-0b63f96b7740', 'firmware_update': False} is not valid under any of the given schemas"
/home/hemduttdabral/Downloads/proj-api-volume-dump/625ad8f2-3e3d-4899-b477-340ed03ed9e5/workspace/projects/test_project_name_463594/ai_test_project_name_463594.json,None is not of type 'string'
/home/hemduttdabral/Downloads/proj-api-volume-dump/625ad8f2-3e3d-4899-b477-340ed03ed9e5/workspace/projects/test_project_name_463594/ai_test_project_name_463594.json,None is not of type 'string'
/home/hemduttdabral/Downloads/proj-api-volume-dump/625ad8f2-3e3d-4899-b477-340ed03ed9e5/workspace/projects/test_project_name_463594/ai_test_project_name_463594.json,None is not of type 'array'
/home/hemduttdabral/Downloads/proj-api-volume-dump/625ad8f2-3e3d-4899-b477-340ed03ed9e5/workspace/projects/test_project_name_131372/ai_test_project_name_131372.json,None is not of type 'string'
/home/hemduttdabral/Downloads/proj-api-volume-dump/625ad8f2-3e3d-4899-b477-340ed03ed9e5/workspace/projects/test_project_name_131372/ai_test_project_name_131372.json,None is not of type 'string'
/home/hemduttdabral/Downloads/proj-api-volume-dump/625ad8f2-3e3d-4899-b477-340ed03ed9e5/workspace/projects/test_project_name_131372/ai_test_project_name_131372.json,None is not of type 'array'
/home/hemduttdabral/Downloads/proj-api-volume-dump/625ad8f2-3e3d-4899-b477-340ed03ed9e5/workspace/projects/new_project_name_772954/ai_new_project_name_772954.json,None is not of type 'string'
/home/hemduttdabral/Downloads/proj-api-volume-dump/625ad8f2-3e3d-4899-b477-340ed03ed9e5/workspace/projects/new_project_name_772954/ai_new_project_name_772954.json,None is not of type 'string'
/home/hemduttdabral/Downloads/proj-api-volume-dump/625ad8f2-3e3d-4899-b477-340ed03ed9e5/workspace/projects/new_project_name_772954/ai_new_project_name_772954.json,None is not of type 'array'
/home/hemduttdabral/Downloads/proj-api-volume-dump/625ad8f2-3e3d-4899-b477-340ed03ed9e5/workspace/projects/test_project_name_497000/ai_test_project_name_497000.json,None is not of type 'string'
/home/hemduttdabral/Downloads/proj-api-volume-dump/625ad8f2-3e3d-4899-b477-340ed03ed9e5/workspace/projects/test_project_name_497000/ai_test_project_name_497000.json,None is not of type 'string'
/home/hemduttdabral/Downloads/proj-api-volume-dump/625ad8f2-3e3d-4899-b477-340ed03ed9e5/workspace/projects/test_project_name_497000/ai_test_project_name_497000.json,None is not of type 'array'
/home/hemduttdabral/Downloads/proj-api-volume-dump/625ad8f2-3e3d-4899-b477-340ed03ed9e5/workspace/projects/new_project_name_806214/ai_new_project_name_806214.json,None is not of type 'string'
/home/hemduttdabral/Downloads/proj-api-volume-dump/625ad8f2-3e3d-4899-b477-340ed03ed9e5/workspace/projects/new_project_name_806214/ai_new_project_name_806214.json,None is not of type 'string'
/home/hemduttdabral/Downloads/proj-api-volume-dump/625ad8f2-3e3d-4899-b477-340ed03ed9e5/workspace/projects/new_project_name_806214/ai_new_project_name_806214.json,None is not of type 'array'
/home/hemduttdabral/Downloads/proj-api-volume-dump/625ad8f2-3e3d-4899-b477-340ed03ed9e5/workspace/projects/test_project_name_797333/ai_test_project_name_797333.json,None is not of type 'string'
/home/hemduttdabral/Downloads/proj-api-volume-dump/625ad8f2-3e3d-4899-b477-340ed03ed9e5/workspace/projects/test_project_name_797333/ai_test_project_name_797333.json,None is not of type 'string'
/home/hemduttdabral/Downloads/proj-api-volume-dump/625ad8f2-3e3d-4899-b477-340ed03ed9e5/workspace/projects/test_project_name_797333/ai_test_project_name_797333.json,None is not of type 'array'
/home/hemduttdabral/Downloads/proj-api-volume-dump/625ad8f2-3e3d-4899-b477-340ed03ed9e5/workspace/projects/new_project_name_340815/ai_new_project_name_340815.json,None is not of type 'string'
/home/hemduttdabral/Downloads/proj-api-volume-dump/625ad8f2-3e3d-4899-b477-340ed03ed9e5/workspace/projects/new_project_name_340815/ai_new_project_name_340815.json,None is not of type 'string'
/home/hemduttdabral/Downloads/proj-api-volume-dump/625ad8f2-3e3d-4899-b477-340ed03ed9e5/workspace/projects/new_project_name_340815/ai_new_project_name_340815.json,None is not of type 'array'
/home/hemduttdabral/Downloads/proj-api-volume-dump/625ad8f2-3e3d-4899-b477-340ed03ed9e5/workspace/projects/new_project_name_285488/ai_new_project_name_285488.json,None is not of type 'string'
/home/hemduttdabral/Downloads/proj-api-volume-dump/625ad8f2-3e3d-4899-b477-340ed03ed9e5/workspace/projects/new_project_name_285488/ai_new_project_name_285488.json,None is not of type 'array'
/home/hemduttdabral/Downloads/proj-api-volume-dump/625ad8f2-3e3d-4899-b477-340ed03ed9e5/workspace/projects/new_project_name_411659/ai_new_project_name_411659.json,None is not of type 'string'
/home/hemduttdabral/Downloads/proj-api-volume-dump/625ad8f2-3e3d-4899-b477-340ed03ed9e5/workspace/projects/new_project_name_411659/ai_new_project_name_411659.json,None is not of type 'array'
/home/hemduttdabral/Downloads/proj-api-volume-dump/625ad8f2-3e3d-4899-b477-340ed03ed9e5/workspace/projects/new_project_name_738501/ai_new_project_name_738501.json,None is not of type 'string'
/home/hemduttdabral/Downloads/proj-api-volume-dump/625ad8f2-3e3d-4899-b477-340ed03ed9e5/workspace/projects/new_project_name_738501/ai_new_project_name_738501.json,None is not of type 'string'
/home/hemduttdabral/Downloads/proj-api-volume-dump/625ad8f2-3e3d-4899-b477-340ed03ed9e5/workspace/projects/new_project_name_738501/ai_new_project_name_738501.json,None is not of type 'array'
/home/hemduttdabral/Downloads/proj-api-volume-dump/625ad8f2-3e3d-4899-b477-340ed03ed9e5/workspace/projects/new_project_name_624684/ai_new_project_name_624684.json,None is not of type 'string'
/home/hemduttdabral/Downloads/proj-api-volume-dump/625ad8f2-3e3d-4899-b477-340ed03ed9e5/workspace/projects/new_project_name_624684/ai_new_project_name_624684.json,None is not of type 'array'
/home/hemduttdabral/Downloads/proj-api-volume-dump/625ad8f2-3e3d-4899-b477-340ed03ed9e5/workspace/projects/test_project_name_870861/ai_test_project_name_870861.json,None is not of type 'string'
/home/hemduttdabral/Downloads/proj-api-volume-dump/625ad8f2-3e3d-4899-b477-340ed03ed9e5/workspace/projects/test_project_name_870861/ai_test_project_name_870861.json,None is not of type 'string'
/home/hemduttdabral/Downloads/proj-api-volume-dump/625ad8f2-3e3d-4899-b477-340ed03ed9e5/workspace/projects/test_project_name_870861/ai_test_project_name_870861.json,None is not of type 'array'
/home/hemduttdabral/Downloads/proj-api-volume-dump/625ad8f2-3e3d-4899-b477-340ed03ed9e5/workspace/projects/new_project_name_460747/ai_new_project_name_460747.json,None is not of type 'string'
/home/hemduttdabral/Downloads/proj-api-volume-dump/625ad8f2-3e3d-4899-b477-340ed03ed9e5/workspace/projects/new_project_name_460747/ai_new_project_name_460747.json,None is not of type 'string'
/home/hemduttdabral/Downloads/proj-api-volume-dump/625ad8f2-3e3d-4899-b477-340ed03ed9e5/workspace/projects/new_project_name_460747/ai_new_project_name_460747.json,None is not of type 'array'
/home/hemduttdabral/Downloads/proj-api-volume-dump/625ad8f2-3e3d-4899-b477-340ed03ed9e5/workspace/projects/new_project_name_194495/ai_new_project_name_194495.json,None is not of type 'string'
/home/hemduttdabral/Downloads/proj-api-volume-dump/625ad8f2-3e3d-4899-b477-340ed03ed9e5/workspace/projects/new_project_name_194495/ai_new_project_name_194495.json,None is not of type 'string'
/home/hemduttdabral/Downloads/proj-api-volume-dump/625ad8f2-3e3d-4899-b477-340ed03ed9e5/workspace/projects/new_project_name_194495/ai_new_project_name_194495.json,None is not of type 'array'
/home/hemduttdabral/Downloads/proj-api-volume-dump/625ad8f2-3e3d-4899-b477-340ed03ed9e5/workspace/projects/new_project_name_200459/ai_new_project_name_200459.json,None is not of type 'string'
/home/hemduttdabral/Downloads/proj-api-volume-dump/625ad8f2-3e3d-4899-b477-340ed03ed9e5/workspace/projects/new_project_name_200459/ai_new_project_name_200459.json,None is not of type 'string'
/home/hemduttdabral/Downloads/proj-api-volume-dump/625ad8f2-3e3d-4899-b477-340ed03ed9e5/workspace/projects/new_project_name_200459/ai_new_project_name_200459.json,None is not of type 'array'
/home/hemduttdabral/Downloads/proj-api-volume-dump/625ad8f2-3e3d-4899-b477-340ed03ed9e5/workspace/projects/new_project_name_603570/ai_new_project_name_603570.json,None is not of type 'string'
/home/hemduttdabral/Downloads/proj-api-volume-dump/625ad8f2-3e3d-4899-b477-340ed03ed9e5/workspace/projects/new_project_name_603570/ai_new_project_name_603570.json,None is not of type 'array'
/home/hemduttdabral/Downloads/proj-api-volume-dump/625ad8f2-3e3d-4899-b477-340ed03ed9e5/workspace/projects/new_project_name_530078/ai_new_project_name_530078.json,None is not of type 'string'
/home/hemduttdabral/Downloads/proj-api-volume-dump/625ad8f2-3e3d-4899-b477-340ed03ed9e5/workspace/projects/new_project_name_530078/ai_new_project_name_530078.json,None is not of type 'string'
/home/hemduttdabral/Downloads/proj-api-volume-dump/625ad8f2-3e3d-4899-b477-340ed03ed9e5/workspace/projects/new_project_name_530078/ai_new_project_name_530078.json,None is not of type 'array'
/home/hemduttdabral/Downloads/proj-api-volume-dump/625ad8f2-3e3d-4899-b477-340ed03ed9e5/workspace/projects/test_project_name_236392/ai_test_project_name_236392.json,None is not of type 'string'
/home/hemduttdabral/Downloads/proj-api-volume-dump/625ad8f2-3e3d-4899-b477-340ed03ed9e5/workspace/projects/test_project_name_236392/ai_test_project_name_236392.json,None is not of type 'string'
/home/hemduttdabral/Downloads/proj-api-volume-dump/625ad8f2-3e3d-4899-b477-340ed03ed9e5/workspace/projects/test_project_name_236392/ai_test_project_name_236392.json,None is not of type 'array'
/home/hemduttdabral/Downloads/proj-api-volume-dump/625ad8f2-3e3d-4899-b477-340ed03ed9e5/workspace/projects/new_project_name_672074/ai_new_project_name_672074.json,None is not of type 'string'
/home/hemduttdabral/Downloads/proj-api-volume-dump/625ad8f2-3e3d-4899-b477-340ed03ed9e5/workspace/projects/new_project_name_672074/ai_new_project_name_672074.json,None is not of type 'string'
/home/hemduttdabral/Downloads/proj-api-volume-dump/625ad8f2-3e3d-4899-b477-340ed03ed9e5/workspace/projects/new_project_name_672074/ai_new_project_name_672074.json,None is not of type 'array'
/home/hemduttdabral/Downloads/proj-api-volume-dump/625ad8f2-3e3d-4899-b477-340ed03ed9e5/workspace/projects/new_project_name_537083/ai_new_project_name_537083.json,None is not of type 'string'
/home/hemduttdabral/Downloads/proj-api-volume-dump/625ad8f2-3e3d-4899-b477-340ed03ed9e5/workspace/projects/new_project_name_537083/ai_new_project_name_537083.json,None is not of type 'array'
/home/hemduttdabral/Downloads/proj-api-volume-dump/625ad8f2-3e3d-4899-b477-340ed03ed9e5/workspace/projects/new_project_name_531303/ai_new_project_name_531303.json,None is not of type 'string'
/home/hemduttdabral/Downloads/proj-api-volume-dump/625ad8f2-3e3d-4899-b477-340ed03ed9e5/workspace/projects/new_project_name_531303/ai_new_project_name_531303.json,None is not of type 'string'
/home/hemduttdabral/Downloads/proj-api-volume-dump/625ad8f2-3e3d-4899-b477-340ed03ed9e5/workspace/projects/new_project_name_531303/ai_new_project_name_531303.json,None is not of type 'array'
/home/hemduttdabral/Downloads/proj-api-volume-dump/625ad8f2-3e3d-4899-b477-340ed03ed9e5/workspace/projects/test_project_name_977746/ai_test_project_name_977746.json,None is not of type 'string'
/home/hemduttdabral/Downloads/proj-api-volume-dump/625ad8f2-3e3d-4899-b477-340ed03ed9e5/workspace/projects/test_project_name_977746/ai_test_project_name_977746.json,None is not of type 'string'
/home/hemduttdabral/Downloads/proj-api-volume-dump/625ad8f2-3e3d-4899-b477-340ed03ed9e5/workspace/projects/test_project_name_977746/ai_test_project_name_977746.json,None is not of type 'array'
/home/hemduttdabral/Downloads/proj-api-volume-dump/625ad8f2-3e3d-4899-b477-340ed03ed9e5/workspace/projects/test_project_name_267282/ai_test_project_name_267282.json,None is not of type 'string'
/home/hemduttdabral/Downloads/proj-api-volume-dump/625ad8f2-3e3d-4899-b477-340ed03ed9e5/workspace/projects/test_project_name_267282/ai_test_project_name_267282.json,None is not of type 'string'
/home/hemduttdabral/Downloads/proj-api-volume-dump/625ad8f2-3e3d-4899-b477-340ed03ed9e5/workspace/projects/test_project_name_267282/ai_test_project_name_267282.json,None is not of type 'array'
/home/hemduttdabral/Downloads/proj-api-volume-dump/625ad8f2-3e3d-4899-b477-340ed03ed9e5/workspace/projects/new_project_name_310830/ai_new_project_name_310830.json,None is not of type 'string'
/home/hemduttdabral/Downloads/proj-api-volume-dump/625ad8f2-3e3d-4899-b477-340ed03ed9e5/workspace/projects/new_project_name_310830/ai_new_project_name_310830.json,None is not of type 'string'
/home/hemduttdabral/Downloads/proj-api-volume-dump/625ad8f2-3e3d-4899-b477-340ed03ed9e5/workspace/projects/new_project_name_310830/ai_new_project_name_310830.json,None is not of type 'array'
/home/hemduttdabral/Downloads/proj-api-volume-dump/625ad8f2-3e3d-4899-b477-340ed03ed9e5/workspace/projects/new_project_name_402229/ai_new_project_name_402229.json,None is not of type 'string'
/home/hemduttdabral/Downloads/proj-api-volume-dump/625ad8f2-3e3d-4899-b477-340ed03ed9e5/workspace/projects/new_project_name_402229/ai_new_project_name_402229.json,None is not of type 'array'
/home/hemduttdabral/Downloads/proj-api-volume-dump/625ad8f2-3e3d-4899-b477-340ed03ed9e5/workspace/projects/test_project_name_917145/ai_test_project_name_917145.json,None is not of type 'string'
/home/hemduttdabral/Downloads/proj-api-volume-dump/625ad8f2-3e3d-4899-b477-340ed03ed9e5/workspace/projects/test_project_name_917145/ai_test_project_name_917145.json,None is not of type 'string'
/home/hemduttdabral/Downloads/proj-api-volume-dump/625ad8f2-3e3d-4899-b477-340ed03ed9e5/workspace/projects/test_project_name_917145/ai_test_project_name_917145.json,None is not of type 'array'
/home/hemduttdabral/Downloads/proj-api-volume-dump/625ad8f2-3e3d-4899-b477-340ed03ed9e5/workspace/projects/test_project_name_669035/ai_test_project_name_669035.json,None is not of type 'string'
/home/hemduttdabral/Downloads/proj-api-volume-dump/625ad8f2-3e3d-4899-b477-340ed03ed9e5/workspace/projects/test_project_name_669035/ai_test_project_name_669035.json,None is not of type 'string'
/home/hemduttdabral/Downloads/proj-api-volume-dump/625ad8f2-3e3d-4899-b477-340ed03ed9e5/workspace/projects/test_project_name_669035/ai_test_project_name_669035.json,None is not of type 'array'
/home/hemduttdabral/Downloads/proj-api-volume-dump/625ad8f2-3e3d-4899-b477-340ed03ed9e5/workspace/projects/new_project_name_750775/ai_new_project_name_750775.json,None is not of type 'string'
/home/hemduttdabral/Downloads/proj-api-volume-dump/625ad8f2-3e3d-4899-b477-340ed03ed9e5/workspace/projects/new_project_name_750775/ai_new_project_name_750775.json,None is not of type 'array'
/home/hemduttdabral/Downloads/proj-api-volume-dump/625ad8f2-3e3d-4899-b477-340ed03ed9e5/workspace/projects/test_project_name_698341/ai_test_project_name_698341.json,None is not of type 'string'
/home/hemduttdabral/Downloads/proj-api-volume-dump/625ad8f2-3e3d-4899-b477-340ed03ed9e5/workspace/projects/test_project_name_698341/ai_test_project_name_698341.json,None is not of type 'string'
/home/hemduttdabral/Downloads/proj-api-volume-dump/625ad8f2-3e3d-4899-b477-340ed03ed9e5/workspace/projects/test_project_name_698341/ai_test_project_name_698341.json,None is not of type 'array'
/home/hemduttdabral/Downloads/proj-api-volume-dump/625ad8f2-3e3d-4899-b477-340ed03ed9e5/workspace/projects/test_project_name_650009/ai_test_project_name_650009.json,None is not of type 'string'
/home/hemduttdabral/Downloads/proj-api-volume-dump/625ad8f2-3e3d-4899-b477-340ed03ed9e5/workspace/projects/test_project_name_650009/ai_test_project_name_650009.json,None is not of type 'string'
/home/hemduttdabral/Downloads/proj-api-volume-dump/625ad8f2-3e3d-4899-b477-340ed03ed9e5/workspace/projects/test_project_name_650009/ai_test_project_name_650009.json,None is not of type 'array'
/home/hemduttdabral/Downloads/proj-api-volume-dump/625ad8f2-3e3d-4899-b477-340ed03ed9e5/workspace/projects/new_project_name_462448/ai_new_project_name_462448.json,None is not of type 'string'
/home/hemduttdabral/Downloads/proj-api-volume-dump/625ad8f2-3e3d-4899-b477-340ed03ed9e5/workspace/projects/new_project_name_462448/ai_new_project_name_462448.json,None is not of type 'array'
/home/hemduttdabral/Downloads/proj-api-volume-dump/625ad8f2-3e3d-4899-b477-340ed03ed9e5/workspace/projects/test_project_name_626600/ai_test_project_name_626600.json,None is not of type 'string'
/home/hemduttdabral/Downloads/proj-api-volume-dump/625ad8f2-3e3d-4899-b477-340ed03ed9e5/workspace/projects/test_project_name_626600/ai_test_project_name_626600.json,None is not of type 'string'
/home/hemduttdabral/Downloads/proj-api-volume-dump/625ad8f2-3e3d-4899-b477-340ed03ed9e5/workspace/projects/test_project_name_626600/ai_test_project_name_626600.json,None is not of type 'array'
/home/hemduttdabral/Downloads/proj-api-volume-dump/625ad8f2-3e3d-4899-b477-340ed03ed9e5/workspace/projects/new_project_name_841762/ai_new_project_name_841762.json,None is not of type 'string'
/home/hemduttdabral/Downloads/proj-api-volume-dump/625ad8f2-3e3d-4899-b477-340ed03ed9e5/workspace/projects/new_project_name_841762/ai_new_project_name_841762.json,None is not of type 'string'
/home/hemduttdabral/Downloads/proj-api-volume-dump/625ad8f2-3e3d-4899-b477-340ed03ed9e5/workspace/projects/new_project_name_841762/ai_new_project_name_841762.json,None is not of type 'array'
/home/hemduttdabral/Downloads/proj-api-volume-dump/625ad8f2-3e3d-4899-b477-340ed03ed9e5/workspace/projects/new_project_name_718486/ai_new_project_name_718486.json,None is not of type 'string'
/home/hemduttdabral/Downloads/proj-api-volume-dump/625ad8f2-3e3d-4899-b477-340ed03ed9e5/workspace/projects/new_project_name_718486/ai_new_project_name_718486.json,None is not of type 'string'
/home/hemduttdabral/Downloads/proj-api-volume-dump/625ad8f2-3e3d-4899-b477-340ed03ed9e5/workspace/projects/new_project_name_718486/ai_new_project_name_718486.json,None is not of type 'array'
/home/hemduttdabral/Downloads/proj-api-volume-dump/625ad8f2-3e3d-4899-b477-340ed03ed9e5/workspace/projects/test_project_name_977612/ai_test_project_name_977612.json,None is not of type 'string'
/home/hemduttdabral/Downloads/proj-api-volume-dump/625ad8f2-3e3d-4899-b477-340ed03ed9e5/workspace/projects/test_project_name_977612/ai_test_project_name_977612.json,None is not of type 'string'
/home/hemduttdabral/Downloads/proj-api-volume-dump/625ad8f2-3e3d-4899-b477-340ed03ed9e5/workspace/projects/test_project_name_977612/ai_test_project_name_977612.json,None is not of type 'array'
/home/hemduttdabral/Downloads/proj-api-volume-dump/625ad8f2-3e3d-4899-b477-340ed03ed9e5/workspace/projects/new_project_name_137207/ai_new_project_name_137207.json,None is not of type 'string'
/home/hemduttdabral/Downloads/proj-api-volume-dump/625ad8f2-3e3d-4899-b477-340ed03ed9e5/workspace/projects/new_project_name_137207/ai_new_project_name_137207.json,None is not of type 'string'
/home/hemduttdabral/Downloads/proj-api-volume-dump/625ad8f2-3e3d-4899-b477-340ed03ed9e5/workspace/projects/new_project_name_137207/ai_new_project_name_137207.json,None is not of type 'array'
/home/hemduttdabral/Downloads/proj-api-volume-dump/625ad8f2-3e3d-4899-b477-340ed03ed9e5/workspace/projects/test_project_name_443135/ai_test_project_name_443135.json,None is not of type 'string'
/home/hemduttdabral/Downloads/proj-api-volume-dump/625ad8f2-3e3d-4899-b477-340ed03ed9e5/workspace/projects/test_project_name_443135/ai_test_project_name_443135.json,None is not of type 'string'
/home/hemduttdabral/Downloads/proj-api-volume-dump/625ad8f2-3e3d-4899-b477-340ed03ed9e5/workspace/projects/test_project_name_443135/ai_test_project_name_443135.json,None is not of type 'array'
/home/hemduttdabral/Downloads/proj-api-volume-dump/625ad8f2-3e3d-4899-b477-340ed03ed9e5/workspace/projects/new_project_name_574039/ai_new_project_name_574039.json,None is not of type 'string'
/home/hemduttdabral/Downloads/proj-api-volume-dump/625ad8f2-3e3d-4899-b477-340ed03ed9e5/workspace/projects/new_project_name_574039/ai_new_project_name_574039.json,None is not of type 'string'
/home/hemduttdabral/Downloads/proj-api-volume-dump/625ad8f2-3e3d-4899-b477-340ed03ed9e5/workspace/projects/new_project_name_574039/ai_new_project_name_574039.json,None is not of type 'array'
/home/hemduttdabral/Downloads/proj-api-volume-dump/625ad8f2-3e3d-4899-b477-340ed03ed9e5/workspace/projects/test_project_name_775774/ai_test_project_name_775774.json,None is not of type 'string'
/home/hemduttdabral/Downloads/proj-api-volume-dump/625ad8f2-3e3d-4899-b477-340ed03ed9e5/workspace/projects/test_project_name_775774/ai_test_project_name_775774.json,None is not of type 'string'
/home/hemduttdabral/Downloads/proj-api-volume-dump/625ad8f2-3e3d-4899-b477-340ed03ed9e5/workspace/projects/test_project_name_775774/ai_test_project_name_775774.json,None is not of type 'array'
/home/hemduttdabral/Downloads/proj-api-volume-dump/625ad8f2-3e3d-4899-b477-340ed03ed9e5/workspace/projects/new_project_name_421479/ai_new_project_name_421479.json,None is not of type 'string'
/home/hemduttdabral/Downloads/proj-api-volume-dump/625ad8f2-3e3d-4899-b477-340ed03ed9e5/workspace/projects/new_project_name_421479/ai_new_project_name_421479.json,None is not of type 'string'
/home/hemduttdabral/Downloads/proj-api-volume-dump/625ad8f2-3e3d-4899-b477-340ed03ed9e5/workspace/projects/new_project_name_421479/ai_new_project_name_421479.json,None is not of type 'array'
/home/hemduttdabral/Downloads/proj-api-volume-dump/625ad8f2-3e3d-4899-b477-340ed03ed9e5/workspace/projects/new_project_name_519342/ai_new_project_name_519342.json,None is not of type 'string'
/home/hemduttdabral/Downloads/proj-api-volume-dump/625ad8f2-3e3d-4899-b477-340ed03ed9e5/workspace/projects/new_project_name_519342/ai_new_project_name_519342.json,None is not of type 'string'
/home/hemduttdabral/Downloads/proj-api-volume-dump/625ad8f2-3e3d-4899-b477-340ed03ed9e5/workspace/projects/new_project_name_519342/ai_new_project_name_519342.json,None is not of type 'array'
/home/hemduttdabral/Downloads/proj-api-volume-dump/625ad8f2-3e3d-4899-b477-340ed03ed9e5/workspace/projects/test_project_name_954253/ai_test_project_name_954253.json,None is not of type 'string'
/home/hemduttdabral/Downloads/proj-api-volume-dump/625ad8f2-3e3d-4899-b477-340ed03ed9e5/workspace/projects/test_project_name_954253/ai_test_project_name_954253.json,None is not of type 'string'
/home/hemduttdabral/Downloads/proj-api-volume-dump/625ad8f2-3e3d-4899-b477-340ed03ed9e5/workspace/projects/test_project_name_954253/ai_test_project_name_954253.json,None is not of type 'array'
/home/hemduttdabral/Downloads/proj-api-volume-dump/625ad8f2-3e3d-4899-b477-340ed03ed9e5/workspace/projects/test_project_name_659012/ai_test_project_name_659012.json,None is not of type 'string'
/home/hemduttdabral/Downloads/proj-api-volume-dump/625ad8f2-3e3d-4899-b477-340ed03ed9e5/workspace/projects/test_project_name_659012/ai_test_project_name_659012.json,None is not of type 'string'
/home/hemduttdabral/Downloads/proj-api-volume-dump/625ad8f2-3e3d-4899-b477-340ed03ed9e5/workspace/projects/test_project_name_659012/ai_test_project_name_659012.json,None is not of type 'array'
/home/hemduttdabral/Downloads/proj-api-volume-dump/625ad8f2-3e3d-4899-b477-340ed03ed9e5/workspace/projects/test_project_name_178085/ai_test_project_name_178085.json,None is not of type 'string'
/home/hemduttdabral/Downloads/proj-api-volume-dump/625ad8f2-3e3d-4899-b477-340ed03ed9e5/workspace/projects/test_project_name_178085/ai_test_project_name_178085.json,None is not of type 'string'
/home/hemduttdabral/Downloads/proj-api-volume-dump/625ad8f2-3e3d-4899-b477-340ed03ed9e5/workspace/projects/test_project_name_178085/ai_test_project_name_178085.json,None is not of type 'array'
/home/hemduttdabral/Downloads/proj-api-volume-dump/625ad8f2-3e3d-4899-b477-340ed03ed9e5/workspace/projects/test_project_name_691012/ai_test_project_name_691012.json,None is not of type 'string'
/home/hemduttdabral/Downloads/proj-api-volume-dump/625ad8f2-3e3d-4899-b477-340ed03ed9e5/workspace/projects/test_project_name_691012/ai_test_project_name_691012.json,None is not of type 'string'
/home/hemduttdabral/Downloads/proj-api-volume-dump/625ad8f2-3e3d-4899-b477-340ed03ed9e5/workspace/projects/test_project_name_691012/ai_test_project_name_691012.json,None is not of type 'array'
/home/hemduttdabral/Downloads/proj-api-volume-dump/625ad8f2-3e3d-4899-b477-340ed03ed9e5/workspace/projects/test_project_name_250651/ai_test_project_name_250651.json,None is not of type 'string'
/home/hemduttdabral/Downloads/proj-api-volume-dump/625ad8f2-3e3d-4899-b477-340ed03ed9e5/workspace/projects/test_project_name_250651/ai_test_project_name_250651.json,None is not of type 'string'
/home/hemduttdabral/Downloads/proj-api-volume-dump/625ad8f2-3e3d-4899-b477-340ed03ed9e5/workspace/projects/test_project_name_250651/ai_test_project_name_250651.json,None is not of type 'array'
/home/hemduttdabral/Downloads/proj-api-volume-dump/625ad8f2-3e3d-4899-b477-340ed03ed9e5/workspace/projects/new_project_name_126924/ai_new_project_name_126924.json,None is not of type 'string'
/home/hemduttdabral/Downloads/proj-api-volume-dump/625ad8f2-3e3d-4899-b477-340ed03ed9e5/workspace/projects/new_project_name_126924/ai_new_project_name_126924.json,None is not of type 'string'
/home/hemduttdabral/Downloads/proj-api-volume-dump/625ad8f2-3e3d-4899-b477-340ed03ed9e5/workspace/projects/new_project_name_126924/ai_new_project_name_126924.json,None is not of type 'array'
/home/hemduttdabral/Downloads/proj-api-volume-dump/625ad8f2-3e3d-4899-b477-340ed03ed9e5/workspace/projects/new_project_name_354653/ai_new_project_name_354653.json,None is not of type 'string'
/home/hemduttdabral/Downloads/proj-api-volume-dump/625ad8f2-3e3d-4899-b477-340ed03ed9e5/workspace/projects/new_project_name_354653/ai_new_project_name_354653.json,None is not of type 'array'
/home/hemduttdabral/Downloads/proj-api-volume-dump/625ad8f2-3e3d-4899-b477-340ed03ed9e5/workspace/projects/new_project_name_460627/ai_new_project_name_460627.json,None is not of type 'string'
/home/hemduttdabral/Downloads/proj-api-volume-dump/625ad8f2-3e3d-4899-b477-340ed03ed9e5/workspace/projects/new_project_name_460627/ai_new_project_name_460627.json,None is not of type 'string'
/home/hemduttdabral/Downloads/proj-api-volume-dump/625ad8f2-3e3d-4899-b477-340ed03ed9e5/workspace/projects/new_project_name_460627/ai_new_project_name_460627.json,None is not of type 'array'
/home/hemduttdabral/Downloads/proj-api-volume-dump/625ad8f2-3e3d-4899-b477-340ed03ed9e5/workspace/projects/test_project_name_501751/ai_test_project_name_501751.json,None is not of type 'string'
/home/hemduttdabral/Downloads/proj-api-volume-dump/625ad8f2-3e3d-4899-b477-340ed03ed9e5/workspace/projects/test_project_name_501751/ai_test_project_name_501751.json,None is not of type 'string'
/home/hemduttdabral/Downloads/proj-api-volume-dump/625ad8f2-3e3d-4899-b477-340ed03ed9e5/workspace/projects/test_project_name_501751/ai_test_project_name_501751.json,None is not of type 'array'
/home/hemduttdabral/Downloads/proj-api-volume-dump/625ad8f2-3e3d-4899-b477-340ed03ed9e5/workspace/projects/test_project_name_943297/ai_test_project_name_943297.json,None is not of type 'string'
/home/hemduttdabral/Downloads/proj-api-volume-dump/625ad8f2-3e3d-4899-b477-340ed03ed9e5/workspace/projects/test_project_name_943297/ai_test_project_name_943297.json,None is not of type 'string'
/home/hemduttdabral/Downloads/proj-api-volume-dump/625ad8f2-3e3d-4899-b477-340ed03ed9e5/workspace/projects/test_project_name_943297/ai_test_project_name_943297.json,None is not of type 'array'
/home/hemduttdabral/Downloads/proj-api-volume-dump/625ad8f2-3e3d-4899-b477-340ed03ed9e5/workspace/projects/test_project_name_917125/ai_test_project_name_917125.json,None is not of type 'string'
/home/hemduttdabral/Downloads/proj-api-volume-dump/625ad8f2-3e3d-4899-b477-340ed03ed9e5/workspace/projects/test_project_name_917125/ai_test_project_name_917125.json,None is not of type 'string'
/home/hemduttdabral/Downloads/proj-api-volume-dump/625ad8f2-3e3d-4899-b477-340ed03ed9e5/workspace/projects/test_project_name_917125/ai_test_project_name_917125.json,None is not of type 'array'
/home/hemduttdabral/Downloads/proj-api-volume-dump/625ad8f2-3e3d-4899-b477-340ed03ed9e5/workspace/projects/test_project_name_923806/ai_test_project_name_923806.json,None is not of type 'string'
/home/hemduttdabral/Downloads/proj-api-volume-dump/625ad8f2-3e3d-4899-b477-340ed03ed9e5/workspace/projects/test_project_name_923806/ai_test_project_name_923806.json,None is not of type 'string'
/home/hemduttdabral/Downloads/proj-api-volume-dump/625ad8f2-3e3d-4899-b477-340ed03ed9e5/workspace/projects/test_project_name_923806/ai_test_project_name_923806.json,None is not of type 'array'
/home/hemduttdabral/Downloads/proj-api-volume-dump/625ad8f2-3e3d-4899-b477-340ed03ed9e5/workspace/projects/new_project_name_513007/ai_new_project_name_513007.json,None is not of type 'string'
/home/hemduttdabral/Downloads/proj-api-volume-dump/625ad8f2-3e3d-4899-b477-340ed03ed9e5/workspace/projects/new_project_name_513007/ai_new_project_name_513007.json,None is not of type 'string'
/home/hemduttdabral/Downloads/proj-api-volume-dump/625ad8f2-3e3d-4899-b477-340ed03ed9e5/workspace/projects/new_project_name_513007/ai_new_project_name_513007.json,None is not of type 'array'
/home/hemduttdabral/Downloads/proj-api-volume-dump/625ad8f2-3e3d-4899-b477-340ed03ed9e5/workspace/projects/test_project_name_631574/ai_test_project_name_631574.json,None is not of type 'string'
/home/hemduttdabral/Downloads/proj-api-volume-dump/625ad8f2-3e3d-4899-b477-340ed03ed9e5/workspace/projects/test_project_name_631574/ai_test_project_name_631574.json,None is not of type 'string'
/home/hemduttdabral/Downloads/proj-api-volume-dump/625ad8f2-3e3d-4899-b477-340ed03ed9e5/workspace/projects/test_project_name_631574/ai_test_project_name_631574.json,None is not of type 'array'
/home/hemduttdabral/Downloads/proj-api-volume-dump/625ad8f2-3e3d-4899-b477-340ed03ed9e5/workspace/projects/test_project_name_625364/ai_test_project_name_625364.json,None is not of type 'string'
/home/hemduttdabral/Downloads/proj-api-volume-dump/625ad8f2-3e3d-4899-b477-340ed03ed9e5/workspace/projects/test_project_name_625364/ai_test_project_name_625364.json,None is not of type 'string'
/home/hemduttdabral/Downloads/proj-api-volume-dump/625ad8f2-3e3d-4899-b477-340ed03ed9e5/workspace/projects/test_project_name_625364/ai_test_project_name_625364.json,None is not of type 'array'
/home/hemduttdabral/Downloads/proj-api-volume-dump/625ad8f2-3e3d-4899-b477-340ed03ed9e5/workspace/projects/new_project_name_363780/ai_new_project_name_363780.json,None is not of type 'string'
/home/hemduttdabral/Downloads/proj-api-volume-dump/625ad8f2-3e3d-4899-b477-340ed03ed9e5/workspace/projects/new_project_name_363780/ai_new_project_name_363780.json,None is not of type 'string'
/home/hemduttdabral/Downloads/proj-api-volume-dump/625ad8f2-3e3d-4899-b477-340ed03ed9e5/workspace/projects/new_project_name_363780/ai_new_project_name_363780.json,None is not of type 'array'
/home/hemduttdabral/Downloads/proj-api-volume-dump/625ad8f2-3e3d-4899-b477-340ed03ed9e5/workspace/projects/test_project_name_331356/ai_test_project_name_331356.json,None is not of type 'string'
/home/hemduttdabral/Downloads/proj-api-volume-dump/625ad8f2-3e3d-4899-b477-340ed03ed9e5/workspace/projects/test_project_name_331356/ai_test_project_name_331356.json,None is not of type 'string'
/home/hemduttdabral/Downloads/proj-api-volume-dump/625ad8f2-3e3d-4899-b477-340ed03ed9e5/workspace/projects/test_project_name_331356/ai_test_project_name_331356.json,None is not of type 'array'
/home/hemduttdabral/Downloads/proj-api-volume-dump/625ad8f2-3e3d-4899-b477-340ed03ed9e5/workspace/projects/new_project_name_718275/ai_new_project_name_718275.json,None is not of type 'string'
/home/hemduttdabral/Downloads/proj-api-volume-dump/625ad8f2-3e3d-4899-b477-340ed03ed9e5/workspace/projects/new_project_name_718275/ai_new_project_name_718275.json,None is not of type 'string'
/home/hemduttdabral/Downloads/proj-api-volume-dump/625ad8f2-3e3d-4899-b477-340ed03ed9e5/workspace/projects/new_project_name_718275/ai_new_project_name_718275.json,None is not of type 'array'
/home/hemduttdabral/Downloads/proj-api-volume-dump/625ad8f2-3e3d-4899-b477-340ed03ed9e5/workspace/projects/new_project_name_867730/ai_new_project_name_867730.json,None is not of type 'string'
/home/hemduttdabral/Downloads/proj-api-volume-dump/625ad8f2-3e3d-4899-b477-340ed03ed9e5/workspace/projects/new_project_name_867730/ai_new_project_name_867730.json,None is not of type 'string'
/home/hemduttdabral/Downloads/proj-api-volume-dump/625ad8f2-3e3d-4899-b477-340ed03ed9e5/workspace/projects/new_project_name_867730/ai_new_project_name_867730.json,None is not of type 'array'
/home/hemduttdabral/Downloads/proj-api-volume-dump/625ad8f2-3e3d-4899-b477-340ed03ed9e5/workspace/projects/new_project_name_408557/ai_new_project_name_408557.json,None is not of type 'string'
/home/hemduttdabral/Downloads/proj-api-volume-dump/625ad8f2-3e3d-4899-b477-340ed03ed9e5/workspace/projects/new_project_name_408557/ai_new_project_name_408557.json,None is not of type 'string'
/home/hemduttdabral/Downloads/proj-api-volume-dump/625ad8f2-3e3d-4899-b477-340ed03ed9e5/workspace/projects/new_project_name_408557/ai_new_project_name_408557.json,None is not of type 'array'
/home/hemduttdabral/Downloads/proj-api-volume-dump/625ad8f2-3e3d-4899-b477-340ed03ed9e5/workspace/projects/test_project_name_200698/ai_test_project_name_200698.json,None is not of type 'string'
/home/hemduttdabral/Downloads/proj-api-volume-dump/625ad8f2-3e3d-4899-b477-340ed03ed9e5/workspace/projects/test_project_name_200698/ai_test_project_name_200698.json,None is not of type 'string'
/home/hemduttdabral/Downloads/proj-api-volume-dump/625ad8f2-3e3d-4899-b477-340ed03ed9e5/workspace/projects/test_project_name_200698/ai_test_project_name_200698.json,None is not of type 'array'
/home/hemduttdabral/Downloads/proj-api-volume-dump/625ad8f2-3e3d-4899-b477-340ed03ed9e5/workspace/projects/new_project_name_324977/ai_new_project_name_324977.json,None is not of type 'string'
/home/hemduttdabral/Downloads/proj-api-volume-dump/625ad8f2-3e3d-4899-b477-340ed03ed9e5/workspace/projects/new_project_name_324977/ai_new_project_name_324977.json,None is not of type 'string'
/home/hemduttdabral/Downloads/proj-api-volume-dump/625ad8f2-3e3d-4899-b477-340ed03ed9e5/workspace/projects/new_project_name_324977/ai_new_project_name_324977.json,None is not of type 'array'
/home/hemduttdabral/Downloads/proj-api-volume-dump/625ad8f2-3e3d-4899-b477-340ed03ed9e5/workspace/projects/new_project_name_371273/ai_new_project_name_371273.json,None is not of type 'string'
/home/hemduttdabral/Downloads/proj-api-volume-dump/625ad8f2-3e3d-4899-b477-340ed03ed9e5/workspace/projects/new_project_name_371273/ai_new_project_name_371273.json,None is not of type 'string'
/home/hemduttdabral/Downloads/proj-api-volume-dump/625ad8f2-3e3d-4899-b477-340ed03ed9e5/workspace/projects/new_project_name_371273/ai_new_project_name_371273.json,None is not of type 'array'
/home/hemduttdabral/Downloads/proj-api-volume-dump/625ad8f2-3e3d-4899-b477-340ed03ed9e5/workspace/projects/new_project_name_349681/ai_new_project_name_349681.json,None is not of type 'string'
/home/hemduttdabral/Downloads/proj-api-volume-dump/625ad8f2-3e3d-4899-b477-340ed03ed9e5/workspace/projects/new_project_name_349681/ai_new_project_name_349681.json,None is not of type 'string'
/home/hemduttdabral/Downloads/proj-api-volume-dump/625ad8f2-3e3d-4899-b477-340ed03ed9e5/workspace/projects/new_project_name_349681/ai_new_project_name_349681.json,None is not of type 'array'
/home/hemduttdabral/Downloads/proj-api-volume-dump/625ad8f2-3e3d-4899-b477-340ed03ed9e5/workspace/projects/new_project_name_384145/ai_new_project_name_384145.json,None is not of type 'string'
/home/hemduttdabral/Downloads/proj-api-volume-dump/625ad8f2-3e3d-4899-b477-340ed03ed9e5/workspace/projects/new_project_name_384145/ai_new_project_name_384145.json,None is not of type 'string'
/home/hemduttdabral/Downloads/proj-api-volume-dump/625ad8f2-3e3d-4899-b477-340ed03ed9e5/workspace/projects/new_project_name_384145/ai_new_project_name_384145.json,None is not of type 'array'
/home/hemduttdabral/Downloads/proj-api-volume-dump/625ad8f2-3e3d-4899-b477-340ed03ed9e5/workspace/projects/test_project_name_102030/ai_test_project_name_102030.json,None is not of type 'string'
/home/hemduttdabral/Downloads/proj-api-volume-dump/625ad8f2-3e3d-4899-b477-340ed03ed9e5/workspace/projects/test_project_name_102030/ai_test_project_name_102030.json,None is not of type 'string'
/home/hemduttdabral/Downloads/proj-api-volume-dump/625ad8f2-3e3d-4899-b477-340ed03ed9e5/workspace/projects/test_project_name_102030/ai_test_project_name_102030.json,None is not of type 'array'
/home/hemduttdabral/Downloads/proj-api-volume-dump/625ad8f2-3e3d-4899-b477-340ed03ed9e5/workspace/projects/test_project_name_147787/ai_test_project_name_147787.json,None is not of type 'string'
/home/hemduttdabral/Downloads/proj-api-volume-dump/625ad8f2-3e3d-4899-b477-340ed03ed9e5/workspace/projects/test_project_name_147787/ai_test_project_name_147787.json,None is not of type 'string'
/home/hemduttdabral/Downloads/proj-api-volume-dump/625ad8f2-3e3d-4899-b477-340ed03ed9e5/workspace/projects/test_project_name_147787/ai_test_project_name_147787.json,None is not of type 'array'
/home/hemduttdabral/Downloads/proj-api-volume-dump/625ad8f2-3e3d-4899-b477-340ed03ed9e5/workspace/projects/test_project_name_939650/ai_test_project_name_939650.json,None is not of type 'string'
/home/hemduttdabral/Downloads/proj-api-volume-dump/625ad8f2-3e3d-4899-b477-340ed03ed9e5/workspace/projects/test_project_name_939650/ai_test_project_name_939650.json,None is not of type 'string'
/home/hemduttdabral/Downloads/proj-api-volume-dump/625ad8f2-3e3d-4899-b477-340ed03ed9e5/workspace/projects/test_project_name_939650/ai_test_project_name_939650.json,None is not of type 'array'
/home/hemduttdabral/Downloads/proj-api-volume-dump/625ad8f2-3e3d-4899-b477-340ed03ed9e5/workspace/projects/new_project_name_962432/ai_new_project_name_962432.json,None is not of type 'string'
/home/hemduttdabral/Downloads/proj-api-volume-dump/625ad8f2-3e3d-4899-b477-340ed03ed9e5/workspace/projects/new_project_name_962432/ai_new_project_name_962432.json,None is not of type 'string'
/home/hemduttdabral/Downloads/proj-api-volume-dump/625ad8f2-3e3d-4899-b477-340ed03ed9e5/workspace/projects/new_project_name_962432/ai_new_project_name_962432.json,None is not of type 'array'
/home/hemduttdabral/Downloads/proj-api-volume-dump/625ad8f2-3e3d-4899-b477-340ed03ed9e5/workspace/projects/test_project_name_540817/ai_test_project_name_540817.json,None is not of type 'string'
/home/hemduttdabral/Downloads/proj-api-volume-dump/625ad8f2-3e3d-4899-b477-340ed03ed9e5/workspace/projects/test_project_name_540817/ai_test_project_name_540817.json,None is not of type 'string'
/home/hemduttdabral/Downloads/proj-api-volume-dump/625ad8f2-3e3d-4899-b477-340ed03ed9e5/workspace/projects/test_project_name_540817/ai_test_project_name_540817.json,None is not of type 'array'
/home/hemduttdabral/Downloads/proj-api-volume-dump/625ad8f2-3e3d-4899-b477-340ed03ed9e5/workspace/projects/test_project_name_405837/ai_test_project_name_405837.json,None is not of type 'string'
/home/hemduttdabral/Downloads/proj-api-volume-dump/625ad8f2-3e3d-4899-b477-340ed03ed9e5/workspace/projects/test_project_name_405837/ai_test_project_name_405837.json,None is not of type 'string'
/home/hemduttdabral/Downloads/proj-api-volume-dump/625ad8f2-3e3d-4899-b477-340ed03ed9e5/workspace/projects/test_project_name_405837/ai_test_project_name_405837.json,None is not of type 'array'
/home/hemduttdabral/Downloads/proj-api-volume-dump/625ad8f2-3e3d-4899-b477-340ed03ed9e5/workspace/projects/new_project_name_523572/ai_new_project_name_523572.json,None is not of type 'string'
/home/hemduttdabral/Downloads/proj-api-volume-dump/625ad8f2-3e3d-4899-b477-340ed03ed9e5/workspace/projects/new_project_name_523572/ai_new_project_name_523572.json,None is not of type 'array'
/home/hemduttdabral/Downloads/proj-api-volume-dump/625ad8f2-3e3d-4899-b477-340ed03ed9e5/workspace/projects/new_project_name_946660/ai_new_project_name_946660.json,None is not of type 'string'
/home/hemduttdabral/Downloads/proj-api-volume-dump/625ad8f2-3e3d-4899-b477-340ed03ed9e5/workspace/projects/new_project_name_946660/ai_new_project_name_946660.json,None is not of type 'string'
/home/hemduttdabral/Downloads/proj-api-volume-dump/625ad8f2-3e3d-4899-b477-340ed03ed9e5/workspace/projects/new_project_name_946660/ai_new_project_name_946660.json,None is not of type 'array'
/home/hemduttdabral/Downloads/proj-api-volume-dump/625ad8f2-3e3d-4899-b477-340ed03ed9e5/workspace/projects/test_project_name_687056/ai_test_project_name_687056.json,None is not of type 'string'
/home/hemduttdabral/Downloads/proj-api-volume-dump/625ad8f2-3e3d-4899-b477-340ed03ed9e5/workspace/projects/test_project_name_687056/ai_test_project_name_687056.json,None is not of type 'string'
/home/hemduttdabral/Downloads/proj-api-volume-dump/625ad8f2-3e3d-4899-b477-340ed03ed9e5/workspace/projects/test_project_name_687056/ai_test_project_name_687056.json,None is not of type 'array'
/home/hemduttdabral/Downloads/proj-api-volume-dump/625ad8f2-3e3d-4899-b477-340ed03ed9e5/workspace/projects/test_project_name_761015/ai_test_project_name_761015.json,None is not of type 'string'
/home/hemduttdabral/Downloads/proj-api-volume-dump/625ad8f2-3e3d-4899-b477-340ed03ed9e5/workspace/projects/test_project_name_761015/ai_test_project_name_761015.json,None is not of type 'string'
/home/hemduttdabral/Downloads/proj-api-volume-dump/625ad8f2-3e3d-4899-b477-340ed03ed9e5/workspace/projects/test_project_name_761015/ai_test_project_name_761015.json,None is not of type 'array'
/home/hemduttdabral/Downloads/proj-api-volume-dump/625ad8f2-3e3d-4899-b477-340ed03ed9e5/workspace/projects/new_project_name_566565/ai_new_project_name_566565.json,None is not of type 'string'
/home/hemduttdabral/Downloads/proj-api-volume-dump/625ad8f2-3e3d-4899-b477-340ed03ed9e5/workspace/projects/new_project_name_566565/ai_new_project_name_566565.json,None is not of type 'array'
/home/hemduttdabral/Downloads/proj-api-volume-dump/625ad8f2-3e3d-4899-b477-340ed03ed9e5/workspace/projects/new_project_name_171535/ai_new_project_name_171535.json,None is not of type 'string'
/home/hemduttdabral/Downloads/proj-api-volume-dump/625ad8f2-3e3d-4899-b477-340ed03ed9e5/workspace/projects/new_project_name_171535/ai_new_project_name_171535.json,None is not of type 'array'
/home/hemduttdabral/Downloads/proj-api-volume-dump/625ad8f2-3e3d-4899-b477-340ed03ed9e5/workspace/projects/new_project_name_906912/ai_new_project_name_906912.json,None is not of type 'string'
/home/hemduttdabral/Downloads/proj-api-volume-dump/625ad8f2-3e3d-4899-b477-340ed03ed9e5/workspace/projects/new_project_name_906912/ai_new_project_name_906912.json,None is not of type 'array'
/home/hemduttdabral/Downloads/proj-api-volume-dump/625ad8f2-3e3d-4899-b477-340ed03ed9e5/workspace/projects/new_project_name_716152/ai_new_project_name_716152.json,None is not of type 'string'
/home/hemduttdabral/Downloads/proj-api-volume-dump/625ad8f2-3e3d-4899-b477-340ed03ed9e5/workspace/projects/new_project_name_716152/ai_new_project_name_716152.json,None is not of type 'string'
/home/hemduttdabral/Downloads/proj-api-volume-dump/625ad8f2-3e3d-4899-b477-340ed03ed9e5/workspace/projects/new_project_name_716152/ai_new_project_name_716152.json,None is not of type 'array'
/home/hemduttdabral/Downloads/proj-api-volume-dump/625ad8f2-3e3d-4899-b477-340ed03ed9e5/workspace/projects/new_project_name_780347/ai_new_project_name_780347.json,None is not of type 'string'
/home/hemduttdabral/Downloads/proj-api-volume-dump/625ad8f2-3e3d-4899-b477-340ed03ed9e5/workspace/projects/new_project_name_780347/ai_new_project_name_780347.json,None is not of type 'string'
/home/hemduttdabral/Downloads/proj-api-volume-dump/625ad8f2-3e3d-4899-b477-340ed03ed9e5/workspace/projects/new_project_name_780347/ai_new_project_name_780347.json,None is not of type 'array'
/home/hemduttdabral/Downloads/proj-api-volume-dump/625ad8f2-3e3d-4899-b477-340ed03ed9e5/workspace/projects/new_project_name_936376/ai_new_project_name_936376.json,None is not of type 'string'
/home/hemduttdabral/Downloads/proj-api-volume-dump/625ad8f2-3e3d-4899-b477-340ed03ed9e5/workspace/projects/new_project_name_936376/ai_new_project_name_936376.json,None is not of type 'string'
/home/hemduttdabral/Downloads/proj-api-volume-dump/625ad8f2-3e3d-4899-b477-340ed03ed9e5/workspace/projects/new_project_name_936376/ai_new_project_name_936376.json,None is not of type 'array'
/home/hemduttdabral/Downloads/proj-api-volume-dump/625ad8f2-3e3d-4899-b477-340ed03ed9e5/workspace/projects/test_project_name_406511/ai_test_project_name_406511.json,None is not of type 'string'
/home/hemduttdabral/Downloads/proj-api-volume-dump/625ad8f2-3e3d-4899-b477-340ed03ed9e5/workspace/projects/test_project_name_406511/ai_test_project_name_406511.json,None is not of type 'string'
/home/hemduttdabral/Downloads/proj-api-volume-dump/625ad8f2-3e3d-4899-b477-340ed03ed9e5/workspace/projects/test_project_name_406511/ai_test_project_name_406511.json,None is not of type 'array'
/home/hemduttdabral/Downloads/proj-api-volume-dump/625ad8f2-3e3d-4899-b477-340ed03ed9e5/workspace/projects/new_project_name_680956/ai_new_project_name_680956.json,None is not of type 'string'
/home/hemduttdabral/Downloads/proj-api-volume-dump/625ad8f2-3e3d-4899-b477-340ed03ed9e5/workspace/projects/new_project_name_680956/ai_new_project_name_680956.json,None is not of type 'array'
/home/hemduttdabral/Downloads/proj-api-volume-dump/625ad8f2-3e3d-4899-b477-340ed03ed9e5/workspace/projects/new_project_name_697193/ai_new_project_name_697193.json,None is not of type 'string'
/home/hemduttdabral/Downloads/proj-api-volume-dump/625ad8f2-3e3d-4899-b477-340ed03ed9e5/workspace/projects/new_project_name_697193/ai_new_project_name_697193.json,None is not of type 'string'
/home/hemduttdabral/Downloads/proj-api-volume-dump/625ad8f2-3e3d-4899-b477-340ed03ed9e5/workspace/projects/new_project_name_697193/ai_new_project_name_697193.json,None is not of type 'array'
/home/hemduttdabral/Downloads/proj-api-volume-dump/625ad8f2-3e3d-4899-b477-340ed03ed9e5/workspace/projects/new_project_name_535153/ai_new_project_name_535153.json,None is not of type 'string'
/home/hemduttdabral/Downloads/proj-api-volume-dump/625ad8f2-3e3d-4899-b477-340ed03ed9e5/workspace/projects/new_project_name_535153/ai_new_project_name_535153.json,None is not of type 'string'
/home/hemduttdabral/Downloads/proj-api-volume-dump/625ad8f2-3e3d-4899-b477-340ed03ed9e5/workspace/projects/new_project_name_535153/ai_new_project_name_535153.json,None is not of type 'array'
/home/hemduttdabral/Downloads/proj-api-volume-dump/625ad8f2-3e3d-4899-b477-340ed03ed9e5/workspace/projects/new_project_name_441398/ai_new_project_name_441398.json,None is not of type 'string'
/home/hemduttdabral/Downloads/proj-api-volume-dump/625ad8f2-3e3d-4899-b477-340ed03ed9e5/workspace/projects/new_project_name_441398/ai_new_project_name_441398.json,None is not of type 'string'
/home/hemduttdabral/Downloads/proj-api-volume-dump/625ad8f2-3e3d-4899-b477-340ed03ed9e5/workspace/projects/new_project_name_441398/ai_new_project_name_441398.json,None is not of type 'array'
/home/hemduttdabral/Downloads/proj-api-volume-dump/625ad8f2-3e3d-4899-b477-340ed03ed9e5/workspace/projects/new_project_name_931827/ai_new_project_name_931827.json,None is not of type 'string'
/home/hemduttdabral/Downloads/proj-api-volume-dump/625ad8f2-3e3d-4899-b477-340ed03ed9e5/workspace/projects/new_project_name_931827/ai_new_project_name_931827.json,None is not of type 'string'
/home/hemduttdabral/Downloads/proj-api-volume-dump/625ad8f2-3e3d-4899-b477-340ed03ed9e5/workspace/projects/new_project_name_931827/ai_new_project_name_931827.json,None is not of type 'array'
/home/hemduttdabral/Downloads/proj-api-volume-dump/625ad8f2-3e3d-4899-b477-340ed03ed9e5/workspace/projects/new_project_name_876221/ai_new_project_name_876221.json,None is not of type 'string'
/home/hemduttdabral/Downloads/proj-api-volume-dump/625ad8f2-3e3d-4899-b477-340ed03ed9e5/workspace/projects/new_project_name_876221/ai_new_project_name_876221.json,None is not of type 'array'
/home/hemduttdabral/Downloads/proj-api-volume-dump/625ad8f2-3e3d-4899-b477-340ed03ed9e5/workspace/projects/new_project_name_211004/ai_new_project_name_211004.json,None is not of type 'string'
/home/hemduttdabral/Downloads/proj-api-volume-dump/625ad8f2-3e3d-4899-b477-340ed03ed9e5/workspace/projects/new_project_name_211004/ai_new_project_name_211004.json,None is not of type 'string'
/home/hemduttdabral/Downloads/proj-api-volume-dump/625ad8f2-3e3d-4899-b477-340ed03ed9e5/workspace/projects/new_project_name_211004/ai_new_project_name_211004.json,None is not of type 'array'
/home/hemduttdabral/Downloads/proj-api-volume-dump/625ad8f2-3e3d-4899-b477-340ed03ed9e5/workspace/projects/new_project_name_672163/ai_new_project_name_672163.json,None is not of type 'string'
/home/hemduttdabral/Downloads/proj-api-volume-dump/625ad8f2-3e3d-4899-b477-340ed03ed9e5/workspace/projects/new_project_name_672163/ai_new_project_name_672163.json,None is not of type 'string'
/home/hemduttdabral/Downloads/proj-api-volume-dump/625ad8f2-3e3d-4899-b477-340ed03ed9e5/workspace/projects/new_project_name_672163/ai_new_project_name_672163.json,None is not of type 'array'
/home/hemduttdabral/Downloads/proj-api-volume-dump/625ad8f2-3e3d-4899-b477-340ed03ed9e5/workspace/projects/test_project_name_726379/ai_test_project_name_726379.json,None is not of type 'string'
/home/hemduttdabral/Downloads/proj-api-volume-dump/625ad8f2-3e3d-4899-b477-340ed03ed9e5/workspace/projects/test_project_name_726379/ai_test_project_name_726379.json,None is not of type 'string'
/home/hemduttdabral/Downloads/proj-api-volume-dump/625ad8f2-3e3d-4899-b477-340ed03ed9e5/workspace/projects/test_project_name_726379/ai_test_project_name_726379.json,None is not of type 'array'
/home/hemduttdabral/Downloads/proj-api-volume-dump/625ad8f2-3e3d-4899-b477-340ed03ed9e5/workspace/projects/test_project_name_522672/ai_test_project_name_522672.json,None is not of type 'string'
/home/hemduttdabral/Downloads/proj-api-volume-dump/625ad8f2-3e3d-4899-b477-340ed03ed9e5/workspace/projects/test_project_name_522672/ai_test_project_name_522672.json,None is not of type 'string'
/home/hemduttdabral/Downloads/proj-api-volume-dump/625ad8f2-3e3d-4899-b477-340ed03ed9e5/workspace/projects/test_project_name_522672/ai_test_project_name_522672.json,None is not of type 'array'
/home/hemduttdabral/Downloads/proj-api-volume-dump/625ad8f2-3e3d-4899-b477-340ed03ed9e5/workspace/projects/test_project_name_588006/ai_test_project_name_588006.json,None is not of type 'string'
/home/hemduttdabral/Downloads/proj-api-volume-dump/625ad8f2-3e3d-4899-b477-340ed03ed9e5/workspace/projects/test_project_name_588006/ai_test_project_name_588006.json,None is not of type 'string'
/home/hemduttdabral/Downloads/proj-api-volume-dump/625ad8f2-3e3d-4899-b477-340ed03ed9e5/workspace/projects/test_project_name_588006/ai_test_project_name_588006.json,None is not of type 'array'
/home/hemduttdabral/Downloads/proj-api-volume-dump/625ad8f2-3e3d-4899-b477-340ed03ed9e5/workspace/projects/new_project_name_237285/ai_new_project_name_237285.json,None is not of type 'string'
/home/hemduttdabral/Downloads/proj-api-volume-dump/625ad8f2-3e3d-4899-b477-340ed03ed9e5/workspace/projects/new_project_name_237285/ai_new_project_name_237285.json,None is not of type 'array'
/home/hemduttdabral/Downloads/proj-api-volume-dump/625ad8f2-3e3d-4899-b477-340ed03ed9e5/workspace/projects/test_project_name_658320/ai_test_project_name_658320.json,None is not of type 'string'
/home/hemduttdabral/Downloads/proj-api-volume-dump/625ad8f2-3e3d-4899-b477-340ed03ed9e5/workspace/projects/test_project_name_658320/ai_test_project_name_658320.json,None is not of type 'string'
/home/hemduttdabral/Downloads/proj-api-volume-dump/625ad8f2-3e3d-4899-b477-340ed03ed9e5/workspace/projects/test_project_name_658320/ai_test_project_name_658320.json,None is not of type 'array'
/home/hemduttdabral/Downloads/proj-api-volume-dump/625ad8f2-3e3d-4899-b477-340ed03ed9e5/workspace/projects/test_project_name_304872/ai_test_project_name_304872.json,None is not of type 'string'
/home/hemduttdabral/Downloads/proj-api-volume-dump/625ad8f2-3e3d-4899-b477-340ed03ed9e5/workspace/projects/test_project_name_304872/ai_test_project_name_304872.json,None is not of type 'string'
/home/hemduttdabral/Downloads/proj-api-volume-dump/625ad8f2-3e3d-4899-b477-340ed03ed9e5/workspace/projects/test_project_name_304872/ai_test_project_name_304872.json,None is not of type 'array'
/home/hemduttdabral/Downloads/proj-api-volume-dump/625ad8f2-3e3d-4899-b477-340ed03ed9e5/workspace/projects/test_project_name_103676/ai_test_project_name_103676.json,None is not of type 'string'
/home/hemduttdabral/Downloads/proj-api-volume-dump/625ad8f2-3e3d-4899-b477-340ed03ed9e5/workspace/projects/test_project_name_103676/ai_test_project_name_103676.json,None is not of type 'string'
/home/hemduttdabral/Downloads/proj-api-volume-dump/625ad8f2-3e3d-4899-b477-340ed03ed9e5/workspace/projects/test_project_name_103676/ai_test_project_name_103676.json,None is not of type 'array'
/home/hemduttdabral/Downloads/proj-api-volume-dump/625ad8f2-3e3d-4899-b477-340ed03ed9e5/workspace/projects/new_project_name_985085/ai_new_project_name_985085.json,None is not of type 'string'
/home/hemduttdabral/Downloads/proj-api-volume-dump/625ad8f2-3e3d-4899-b477-340ed03ed9e5/workspace/projects/new_project_name_985085/ai_new_project_name_985085.json,None is not of type 'array'
/home/hemduttdabral/Downloads/proj-api-volume-dump/625ad8f2-3e3d-4899-b477-340ed03ed9e5/workspace/projects/new_project_name_189868/ai_new_project_name_189868.json,None is not of type 'string'
/home/hemduttdabral/Downloads/proj-api-volume-dump/625ad8f2-3e3d-4899-b477-340ed03ed9e5/workspace/projects/new_project_name_189868/ai_new_project_name_189868.json,None is not of type 'array'
/home/hemduttdabral/Downloads/proj-api-volume-dump/625ad8f2-3e3d-4899-b477-340ed03ed9e5/workspace/projects/test_project_name_245261/ai_test_project_name_245261.json,None is not of type 'string'
/home/hemduttdabral/Downloads/proj-api-volume-dump/625ad8f2-3e3d-4899-b477-340ed03ed9e5/workspace/projects/test_project_name_245261/ai_test_project_name_245261.json,None is not of type 'string'
/home/hemduttdabral/Downloads/proj-api-volume-dump/625ad8f2-3e3d-4899-b477-340ed03ed9e5/workspace/projects/test_project_name_245261/ai_test_project_name_245261.json,None is not of type 'array'
/home/hemduttdabral/Downloads/proj-api-volume-dump/625ad8f2-3e3d-4899-b477-340ed03ed9e5/workspace/projects/test_project_name_225710/ai_test_project_name_225710.json,None is not of type 'string'
/home/hemduttdabral/Downloads/proj-api-volume-dump/625ad8f2-3e3d-4899-b477-340ed03ed9e5/workspace/projects/test_project_name_225710/ai_test_project_name_225710.json,None is not of type 'string'
/home/hemduttdabral/Downloads/proj-api-volume-dump/625ad8f2-3e3d-4899-b477-340ed03ed9e5/workspace/projects/test_project_name_225710/ai_test_project_name_225710.json,None is not of type 'array'
/home/hemduttdabral/Downloads/proj-api-volume-dump/625ad8f2-3e3d-4899-b477-340ed03ed9e5/workspace/projects/test_project_name_851371/ai_test_project_name_851371.json,None is not of type 'string'
/home/hemduttdabral/Downloads/proj-api-volume-dump/625ad8f2-3e3d-4899-b477-340ed03ed9e5/workspace/projects/test_project_name_851371/ai_test_project_name_851371.json,None is not of type 'string'
/home/hemduttdabral/Downloads/proj-api-volume-dump/625ad8f2-3e3d-4899-b477-340ed03ed9e5/workspace/projects/test_project_name_851371/ai_test_project_name_851371.json,None is not of type 'array'
/home/hemduttdabral/Downloads/proj-api-volume-dump/625ad8f2-3e3d-4899-b477-340ed03ed9e5/workspace/projects/new_project_name_282735/ai_new_project_name_282735.json,None is not of type 'string'
/home/hemduttdabral/Downloads/proj-api-volume-dump/625ad8f2-3e3d-4899-b477-340ed03ed9e5/workspace/projects/new_project_name_282735/ai_new_project_name_282735.json,None is not of type 'string'
/home/hemduttdabral/Downloads/proj-api-volume-dump/625ad8f2-3e3d-4899-b477-340ed03ed9e5/workspace/projects/new_project_name_282735/ai_new_project_name_282735.json,None is not of type 'array'
/home/hemduttdabral/Downloads/proj-api-volume-dump/625ad8f2-3e3d-4899-b477-340ed03ed9e5/workspace/projects/new_project_name_357554/ai_new_project_name_357554.json,None is not of type 'string'
/home/hemduttdabral/Downloads/proj-api-volume-dump/625ad8f2-3e3d-4899-b477-340ed03ed9e5/workspace/projects/new_project_name_357554/ai_new_project_name_357554.json,None is not of type 'string'
/home/hemduttdabral/Downloads/proj-api-volume-dump/625ad8f2-3e3d-4899-b477-340ed03ed9e5/workspace/projects/new_project_name_357554/ai_new_project_name_357554.json,None is not of type 'array'
/home/hemduttdabral/Downloads/proj-api-volume-dump/625ad8f2-3e3d-4899-b477-340ed03ed9e5/workspace/projects/test_project_name_351015/ai_test_project_name_351015.json,None is not of type 'string'
/home/hemduttdabral/Downloads/proj-api-volume-dump/625ad8f2-3e3d-4899-b477-340ed03ed9e5/workspace/projects/test_project_name_351015/ai_test_project_name_351015.json,None is not of type 'string'
/home/hemduttdabral/Downloads/proj-api-volume-dump/625ad8f2-3e3d-4899-b477-340ed03ed9e5/workspace/projects/test_project_name_351015/ai_test_project_name_351015.json,None is not of type 'array'
/home/hemduttdabral/Downloads/proj-api-volume-dump/625ad8f2-3e3d-4899-b477-340ed03ed9e5/workspace/projects/new_project_name_684647/ai_new_project_name_684647.json,None is not of type 'string'
/home/hemduttdabral/Downloads/proj-api-volume-dump/625ad8f2-3e3d-4899-b477-340ed03ed9e5/workspace/projects/new_project_name_684647/ai_new_project_name_684647.json,None is not of type 'string'
/home/hemduttdabral/Downloads/proj-api-volume-dump/625ad8f2-3e3d-4899-b477-340ed03ed9e5/workspace/projects/new_project_name_684647/ai_new_project_name_684647.json,None is not of type 'array'
/home/hemduttdabral/Downloads/proj-api-volume-dump/625ad8f2-3e3d-4899-b477-340ed03ed9e5/workspace/projects/new_project_name_220489/ai_new_project_name_220489.json,None is not of type 'string'
/home/hemduttdabral/Downloads/proj-api-volume-dump/625ad8f2-3e3d-4899-b477-340ed03ed9e5/workspace/projects/new_project_name_220489/ai_new_project_name_220489.json,None is not of type 'array'
/home/hemduttdabral/Downloads/proj-api-volume-dump/625ad8f2-3e3d-4899-b477-340ed03ed9e5/workspace/projects/test_project_name_976191/ai_test_project_name_976191.json,None is not of type 'string'
/home/hemduttdabral/Downloads/proj-api-volume-dump/625ad8f2-3e3d-4899-b477-340ed03ed9e5/workspace/projects/test_project_name_976191/ai_test_project_name_976191.json,None is not of type 'string'
/home/hemduttdabral/Downloads/proj-api-volume-dump/625ad8f2-3e3d-4899-b477-340ed03ed9e5/workspace/projects/test_project_name_976191/ai_test_project_name_976191.json,None is not of type 'array'
/home/hemduttdabral/Downloads/proj-api-volume-dump/625ad8f2-3e3d-4899-b477-340ed03ed9e5/workspace/projects/new_project_name_548288/ai_new_project_name_548288.json,None is not of type 'string'
/home/hemduttdabral/Downloads/proj-api-volume-dump/625ad8f2-3e3d-4899-b477-340ed03ed9e5/workspace/projects/new_project_name_548288/ai_new_project_name_548288.json,None is not of type 'string'
/home/hemduttdabral/Downloads/proj-api-volume-dump/625ad8f2-3e3d-4899-b477-340ed03ed9e5/workspace/projects/new_project_name_548288/ai_new_project_name_548288.json,None is not of type 'array'
/home/hemduttdabral/Downloads/proj-api-volume-dump/625ad8f2-3e3d-4899-b477-340ed03ed9e5/workspace/projects/test_project_name_314306/ai_test_project_name_314306.json,None is not of type 'string'
/home/hemduttdabral/Downloads/proj-api-volume-dump/625ad8f2-3e3d-4899-b477-340ed03ed9e5/workspace/projects/test_project_name_314306/ai_test_project_name_314306.json,None is not of type 'string'
/home/hemduttdabral/Downloads/proj-api-volume-dump/625ad8f2-3e3d-4899-b477-340ed03ed9e5/workspace/projects/test_project_name_314306/ai_test_project_name_314306.json,None is not of type 'array'
/home/hemduttdabral/Downloads/proj-api-volume-dump/625ad8f2-3e3d-4899-b477-340ed03ed9e5/workspace/projects/new_project_name_499979/ai_new_project_name_499979.json,None is not of type 'string'
/home/hemduttdabral/Downloads/proj-api-volume-dump/625ad8f2-3e3d-4899-b477-340ed03ed9e5/workspace/projects/new_project_name_499979/ai_new_project_name_499979.json,None is not of type 'string'
/home/hemduttdabral/Downloads/proj-api-volume-dump/625ad8f2-3e3d-4899-b477-340ed03ed9e5/workspace/projects/new_project_name_499979/ai_new_project_name_499979.json,None is not of type 'array'
/home/hemduttdabral/Downloads/proj-api-volume-dump/625ad8f2-3e3d-4899-b477-340ed03ed9e5/workspace/projects/test_project_name_769066/ai_test_project_name_769066.json,None is not of type 'string'
/home/hemduttdabral/Downloads/proj-api-volume-dump/625ad8f2-3e3d-4899-b477-340ed03ed9e5/workspace/projects/test_project_name_769066/ai_test_project_name_769066.json,None is not of type 'string'
/home/hemduttdabral/Downloads/proj-api-volume-dump/625ad8f2-3e3d-4899-b477-340ed03ed9e5/workspace/projects/test_project_name_769066/ai_test_project_name_769066.json,None is not of type 'array'
/home/hemduttdabral/Downloads/proj-api-volume-dump/625ad8f2-3e3d-4899-b477-340ed03ed9e5/workspace/projects/new_project_name_523580/ai_new_project_name_523580.json,None is not of type 'string'
/home/hemduttdabral/Downloads/proj-api-volume-dump/625ad8f2-3e3d-4899-b477-340ed03ed9e5/workspace/projects/new_project_name_523580/ai_new_project_name_523580.json,None is not of type 'string'
/home/hemduttdabral/Downloads/proj-api-volume-dump/625ad8f2-3e3d-4899-b477-340ed03ed9e5/workspace/projects/new_project_name_523580/ai_new_project_name_523580.json,None is not of type 'array'
/home/hemduttdabral/Downloads/proj-api-volume-dump/625ad8f2-3e3d-4899-b477-340ed03ed9e5/workspace/projects/new_project_name_311080/ai_new_project_name_311080.json,None is not of type 'string'
/home/hemduttdabral/Downloads/proj-api-volume-dump/625ad8f2-3e3d-4899-b477-340ed03ed9e5/workspace/projects/new_project_name_311080/ai_new_project_name_311080.json,None is not of type 'string'
/home/hemduttdabral/Downloads/proj-api-volume-dump/625ad8f2-3e3d-4899-b477-340ed03ed9e5/workspace/projects/new_project_name_311080/ai_new_project_name_311080.json,None is not of type 'array'
/home/hemduttdabral/Downloads/proj-api-volume-dump/625ad8f2-3e3d-4899-b477-340ed03ed9e5/workspace/projects/new_project_name_243333/ai_new_project_name_243333.json,None is not of type 'string'
/home/hemduttdabral/Downloads/proj-api-volume-dump/625ad8f2-3e3d-4899-b477-340ed03ed9e5/workspace/projects/new_project_name_243333/ai_new_project_name_243333.json,None is not of type 'string'
/home/hemduttdabral/Downloads/proj-api-volume-dump/625ad8f2-3e3d-4899-b477-340ed03ed9e5/workspace/projects/new_project_name_243333/ai_new_project_name_243333.json,None is not of type 'array'
/home/hemduttdabral/Downloads/proj-api-volume-dump/625ad8f2-3e3d-4899-b477-340ed03ed9e5/workspace/projects/new_project_name_590458/ai_new_project_name_590458.json,None is not of type 'string'
/home/hemduttdabral/Downloads/proj-api-volume-dump/625ad8f2-3e3d-4899-b477-340ed03ed9e5/workspace/projects/new_project_name_590458/ai_new_project_name_590458.json,None is not of type 'array'
/home/hemduttdabral/Downloads/proj-api-volume-dump/625ad8f2-3e3d-4899-b477-340ed03ed9e5/workspace/projects/test_project_name_889129/ai_test_project_name_889129.json,None is not of type 'string'
/home/hemduttdabral/Downloads/proj-api-volume-dump/625ad8f2-3e3d-4899-b477-340ed03ed9e5/workspace/projects/test_project_name_889129/ai_test_project_name_889129.json,None is not of type 'string'
/home/hemduttdabral/Downloads/proj-api-volume-dump/625ad8f2-3e3d-4899-b477-340ed03ed9e5/workspace/projects/test_project_name_889129/ai_test_project_name_889129.json,None is not of type 'array'
/home/hemduttdabral/Downloads/proj-api-volume-dump/625ad8f2-3e3d-4899-b477-340ed03ed9e5/workspace/projects/new_project_name_472132/ai_new_project_name_472132.json,None is not of type 'string'
/home/hemduttdabral/Downloads/proj-api-volume-dump/625ad8f2-3e3d-4899-b477-340ed03ed9e5/workspace/projects/new_project_name_472132/ai_new_project_name_472132.json,None is not of type 'array'
/home/hemduttdabral/Downloads/proj-api-volume-dump/625ad8f2-3e3d-4899-b477-340ed03ed9e5/workspace/projects/new_project_name_717870/ai_new_project_name_717870.json,None is not of type 'string'
/home/hemduttdabral/Downloads/proj-api-volume-dump/625ad8f2-3e3d-4899-b477-340ed03ed9e5/workspace/projects/new_project_name_717870/ai_new_project_name_717870.json,None is not of type 'string'
/home/hemduttdabral/Downloads/proj-api-volume-dump/625ad8f2-3e3d-4899-b477-340ed03ed9e5/workspace/projects/new_project_name_717870/ai_new_project_name_717870.json,None is not of type 'array'
/home/hemduttdabral/Downloads/proj-api-volume-dump/625ad8f2-3e3d-4899-b477-340ed03ed9e5/workspace/projects/test_project_name_298130/ai_test_project_name_298130.json,None is not of type 'string'
/home/hemduttdabral/Downloads/proj-api-volume-dump/625ad8f2-3e3d-4899-b477-340ed03ed9e5/workspace/projects/test_project_name_298130/ai_test_project_name_298130.json,None is not of type 'string'
/home/hemduttdabral/Downloads/proj-api-volume-dump/625ad8f2-3e3d-4899-b477-340ed03ed9e5/workspace/projects/test_project_name_298130/ai_test_project_name_298130.json,None is not of type 'array'
/home/hemduttdabral/Downloads/proj-api-volume-dump/625ad8f2-3e3d-4899-b477-340ed03ed9e5/workspace/projects/test_project_name_272887/ai_test_project_name_272887.json,None is not of type 'string'
/home/hemduttdabral/Downloads/proj-api-volume-dump/625ad8f2-3e3d-4899-b477-340ed03ed9e5/workspace/projects/test_project_name_272887/ai_test_project_name_272887.json,None is not of type 'string'
/home/hemduttdabral/Downloads/proj-api-volume-dump/625ad8f2-3e3d-4899-b477-340ed03ed9e5/workspace/projects/test_project_name_272887/ai_test_project_name_272887.json,None is not of type 'array'
/home/hemduttdabral/Downloads/proj-api-volume-dump/625ad8f2-3e3d-4899-b477-340ed03ed9e5/workspace/projects/test_project_name_689204/ai_test_project_name_689204.json,None is not of type 'string'
/home/hemduttdabral/Downloads/proj-api-volume-dump/625ad8f2-3e3d-4899-b477-340ed03ed9e5/workspace/projects/test_project_name_689204/ai_test_project_name_689204.json,None is not of type 'string'
/home/hemduttdabral/Downloads/proj-api-volume-dump/625ad8f2-3e3d-4899-b477-340ed03ed9e5/workspace/projects/test_project_name_689204/ai_test_project_name_689204.json,None is not of type 'array'
/home/hemduttdabral/Downloads/proj-api-volume-dump/625ad8f2-3e3d-4899-b477-340ed03ed9e5/workspace/projects/test_project_name_514743/ai_test_project_name_514743.json,None is not of type 'string'
/home/hemduttdabral/Downloads/proj-api-volume-dump/625ad8f2-3e3d-4899-b477-340ed03ed9e5/workspace/projects/test_project_name_514743/ai_test_project_name_514743.json,None is not of type 'string'
/home/hemduttdabral/Downloads/proj-api-volume-dump/625ad8f2-3e3d-4899-b477-340ed03ed9e5/workspace/projects/test_project_name_514743/ai_test_project_name_514743.json,None is not of type 'array'
/home/hemduttdabral/Downloads/proj-api-volume-dump/625ad8f2-3e3d-4899-b477-340ed03ed9e5/workspace/projects/test_project_name_387390/ai_test_project_name_387390.json,None is not of type 'string'
/home/hemduttdabral/Downloads/proj-api-volume-dump/625ad8f2-3e3d-4899-b477-340ed03ed9e5/workspace/projects/test_project_name_387390/ai_test_project_name_387390.json,None is not of type 'string'
/home/hemduttdabral/Downloads/proj-api-volume-dump/625ad8f2-3e3d-4899-b477-340ed03ed9e5/workspace/projects/test_project_name_387390/ai_test_project_name_387390.json,None is not of type 'array'
/home/hemduttdabral/Downloads/proj-api-volume-dump/625ad8f2-3e3d-4899-b477-340ed03ed9e5/workspace/projects/test_project_name_728808/ai_test_project_name_728808.json,None is not of type 'string'
/home/hemduttdabral/Downloads/proj-api-volume-dump/625ad8f2-3e3d-4899-b477-340ed03ed9e5/workspace/projects/test_project_name_728808/ai_test_project_name_728808.json,None is not of type 'string'
/home/hemduttdabral/Downloads/proj-api-volume-dump/625ad8f2-3e3d-4899-b477-340ed03ed9e5/workspace/projects/test_project_name_728808/ai_test_project_name_728808.json,None is not of type 'array'
/home/hemduttdabral/Downloads/proj-api-volume-dump/625ad8f2-3e3d-4899-b477-340ed03ed9e5/workspace/projects/test_project_name_894405/ai_test_project_name_894405.json,None is not of type 'string'
/home/hemduttdabral/Downloads/proj-api-volume-dump/625ad8f2-3e3d-4899-b477-340ed03ed9e5/workspace/projects/test_project_name_894405/ai_test_project_name_894405.json,None is not of type 'string'
/home/hemduttdabral/Downloads/proj-api-volume-dump/625ad8f2-3e3d-4899-b477-340ed03ed9e5/workspace/projects/test_project_name_894405/ai_test_project_name_894405.json,None is not of type 'array'
/home/hemduttdabral/Downloads/proj-api-volume-dump/625ad8f2-3e3d-4899-b477-340ed03ed9e5/workspace/projects/new_project_name_195360/ai_new_project_name_195360.json,None is not of type 'string'
/home/hemduttdabral/Downloads/proj-api-volume-dump/625ad8f2-3e3d-4899-b477-340ed03ed9e5/workspace/projects/new_project_name_195360/ai_new_project_name_195360.json,None is not of type 'string'
/home/hemduttdabral/Downloads/proj-api-volume-dump/625ad8f2-3e3d-4899-b477-340ed03ed9e5/workspace/projects/new_project_name_195360/ai_new_project_name_195360.json,None is not of type 'array'
/home/hemduttdabral/Downloads/proj-api-volume-dump/625ad8f2-3e3d-4899-b477-340ed03ed9e5/workspace/projects/new_project_name_637309/ai_new_project_name_637309.json,None is not of type 'string'
/home/hemduttdabral/Downloads/proj-api-volume-dump/625ad8f2-3e3d-4899-b477-340ed03ed9e5/workspace/projects/new_project_name_637309/ai_new_project_name_637309.json,None is not of type 'string'
/home/hemduttdabral/Downloads/proj-api-volume-dump/625ad8f2-3e3d-4899-b477-340ed03ed9e5/workspace/projects/new_project_name_637309/ai_new_project_name_637309.json,None is not of type 'array'
/home/hemduttdabral/Downloads/proj-api-volume-dump/625ad8f2-3e3d-4899-b477-340ed03ed9e5/workspace/projects/new_project_name_365127/ai_new_project_name_365127.json,None is not of type 'string'
/home/hemduttdabral/Downloads/proj-api-volume-dump/625ad8f2-3e3d-4899-b477-340ed03ed9e5/workspace/projects/new_project_name_365127/ai_new_project_name_365127.json,None is not of type 'string'
/home/hemduttdabral/Downloads/proj-api-volume-dump/625ad8f2-3e3d-4899-b477-340ed03ed9e5/workspace/projects/new_project_name_365127/ai_new_project_name_365127.json,None is not of type 'array'
/home/hemduttdabral/Downloads/proj-api-volume-dump/625ad8f2-3e3d-4899-b477-340ed03ed9e5/workspace/projects/new_project_name_356132/ai_new_project_name_356132.json,None is not of type 'string'
/home/hemduttdabral/Downloads/proj-api-volume-dump/625ad8f2-3e3d-4899-b477-340ed03ed9e5/workspace/projects/new_project_name_356132/ai_new_project_name_356132.json,None is not of type 'string'
/home/hemduttdabral/Downloads/proj-api-volume-dump/625ad8f2-3e3d-4899-b477-340ed03ed9e5/workspace/projects/new_project_name_356132/ai_new_project_name_356132.json,None is not of type 'array'
/home/hemduttdabral/Downloads/proj-api-volume-dump/625ad8f2-3e3d-4899-b477-340ed03ed9e5/workspace/projects/test_project_name_257429/ai_test_project_name_257429.json,None is not of type 'string'
/home/hemduttdabral/Downloads/proj-api-volume-dump/625ad8f2-3e3d-4899-b477-340ed03ed9e5/workspace/projects/test_project_name_257429/ai_test_project_name_257429.json,None is not of type 'string'
/home/hemduttdabral/Downloads/proj-api-volume-dump/625ad8f2-3e3d-4899-b477-340ed03ed9e5/workspace/projects/test_project_name_257429/ai_test_project_name_257429.json,None is not of type 'array'
/home/hemduttdabral/Downloads/proj-api-volume-dump/625ad8f2-3e3d-4899-b477-340ed03ed9e5/workspace/projects/test_project_name_398777/ai_test_project_name_398777.json,None is not of type 'string'
/home/hemduttdabral/Downloads/proj-api-volume-dump/625ad8f2-3e3d-4899-b477-340ed03ed9e5/workspace/projects/test_project_name_398777/ai_test_project_name_398777.json,None is not of type 'string'
/home/hemduttdabral/Downloads/proj-api-volume-dump/625ad8f2-3e3d-4899-b477-340ed03ed9e5/workspace/projects/test_project_name_398777/ai_test_project_name_398777.json,None is not of type 'array'
/home/hemduttdabral/Downloads/proj-api-volume-dump/625ad8f2-3e3d-4899-b477-340ed03ed9e5/workspace/projects/test_project_name_885738/ai_test_project_name_885738.json,None is not of type 'string'
/home/hemduttdabral/Downloads/proj-api-volume-dump/625ad8f2-3e3d-4899-b477-340ed03ed9e5/workspace/projects/test_project_name_885738/ai_test_project_name_885738.json,None is not of type 'string'
/home/hemduttdabral/Downloads/proj-api-volume-dump/625ad8f2-3e3d-4899-b477-340ed03ed9e5/workspace/projects/test_project_name_885738/ai_test_project_name_885738.json,None is not of type 'array'
/home/hemduttdabral/Downloads/proj-api-volume-dump/625ad8f2-3e3d-4899-b477-340ed03ed9e5/workspace/projects/new_project_name_472480/ai_new_project_name_472480.json,None is not of type 'string'
/home/hemduttdabral/Downloads/proj-api-volume-dump/625ad8f2-3e3d-4899-b477-340ed03ed9e5/workspace/projects/new_project_name_472480/ai_new_project_name_472480.json,None is not of type 'array'
/home/hemduttdabral/Downloads/proj-api-volume-dump/625ad8f2-3e3d-4899-b477-340ed03ed9e5/workspace/projects/new_project_name_551568/ai_new_project_name_551568.json,None is not of type 'string'
/home/hemduttdabral/Downloads/proj-api-volume-dump/625ad8f2-3e3d-4899-b477-340ed03ed9e5/workspace/projects/new_project_name_551568/ai_new_project_name_551568.json,None is not of type 'array'
/home/hemduttdabral/Downloads/proj-api-volume-dump/625ad8f2-3e3d-4899-b477-340ed03ed9e5/workspace/projects/test_project_name_507602/ai_test_project_name_507602.json,None is not of type 'string'
/home/hemduttdabral/Downloads/proj-api-volume-dump/625ad8f2-3e3d-4899-b477-340ed03ed9e5/workspace/projects/test_project_name_507602/ai_test_project_name_507602.json,None is not of type 'string'
/home/hemduttdabral/Downloads/proj-api-volume-dump/625ad8f2-3e3d-4899-b477-340ed03ed9e5/workspace/projects/test_project_name_507602/ai_test_project_name_507602.json,None is not of type 'array'
/home/hemduttdabral/Downloads/proj-api-volume-dump/625ad8f2-3e3d-4899-b477-340ed03ed9e5/workspace/projects/test_project_name_977497/ai_test_project_name_977497.json,None is not of type 'string'
/home/hemduttdabral/Downloads/proj-api-volume-dump/625ad8f2-3e3d-4899-b477-340ed03ed9e5/workspace/projects/test_project_name_977497/ai_test_project_name_977497.json,None is not of type 'string'
/home/hemduttdabral/Downloads/proj-api-volume-dump/625ad8f2-3e3d-4899-b477-340ed03ed9e5/workspace/projects/test_project_name_977497/ai_test_project_name_977497.json,None is not of type 'array'
/home/hemduttdabral/Downloads/proj-api-volume-dump/625ad8f2-3e3d-4899-b477-340ed03ed9e5/workspace/projects/test_project_name_963286/ai_test_project_name_963286.json,None is not of type 'string'
/home/hemduttdabral/Downloads/proj-api-volume-dump/625ad8f2-3e3d-4899-b477-340ed03ed9e5/workspace/projects/test_project_name_963286/ai_test_project_name_963286.json,None is not of type 'string'
/home/hemduttdabral/Downloads/proj-api-volume-dump/625ad8f2-3e3d-4899-b477-340ed03ed9e5/workspace/projects/test_project_name_963286/ai_test_project_name_963286.json,None is not of type 'array'
/home/hemduttdabral/Downloads/proj-api-volume-dump/625ad8f2-3e3d-4899-b477-340ed03ed9e5/workspace/projects/test_project_name_493342/ai_test_project_name_493342.json,None is not of type 'string'
/home/hemduttdabral/Downloads/proj-api-volume-dump/625ad8f2-3e3d-4899-b477-340ed03ed9e5/workspace/projects/test_project_name_493342/ai_test_project_name_493342.json,None is not of type 'string'
/home/hemduttdabral/Downloads/proj-api-volume-dump/625ad8f2-3e3d-4899-b477-340ed03ed9e5/workspace/projects/test_project_name_493342/ai_test_project_name_493342.json,None is not of type 'array'
/home/hemduttdabral/Downloads/proj-api-volume-dump/625ad8f2-3e3d-4899-b477-340ed03ed9e5/workspace/projects/test_project_name_742040/ai_test_project_name_742040.json,None is not of type 'string'
/home/hemduttdabral/Downloads/proj-api-volume-dump/625ad8f2-3e3d-4899-b477-340ed03ed9e5/workspace/projects/test_project_name_742040/ai_test_project_name_742040.json,None is not of type 'string'
/home/hemduttdabral/Downloads/proj-api-volume-dump/625ad8f2-3e3d-4899-b477-340ed03ed9e5/workspace/projects/test_project_name_742040/ai_test_project_name_742040.json,None is not of type 'array'
/home/hemduttdabral/Downloads/proj-api-volume-dump/625ad8f2-3e3d-4899-b477-340ed03ed9e5/workspace/projects/test_project_name_138645/ai_test_project_name_138645.json,None is not of type 'string'
/home/hemduttdabral/Downloads/proj-api-volume-dump/625ad8f2-3e3d-4899-b477-340ed03ed9e5/workspace/projects/test_project_name_138645/ai_test_project_name_138645.json,None is not of type 'string'
/home/hemduttdabral/Downloads/proj-api-volume-dump/625ad8f2-3e3d-4899-b477-340ed03ed9e5/workspace/projects/test_project_name_138645/ai_test_project_name_138645.json,None is not of type 'array'
/home/hemduttdabral/Downloads/proj-api-volume-dump/625ad8f2-3e3d-4899-b477-340ed03ed9e5/workspace/projects/test_project_name_504796/ai_test_project_name_504796.json,None is not of type 'string'
/home/hemduttdabral/Downloads/proj-api-volume-dump/625ad8f2-3e3d-4899-b477-340ed03ed9e5/workspace/projects/test_project_name_504796/ai_test_project_name_504796.json,None is not of type 'string'
/home/hemduttdabral/Downloads/proj-api-volume-dump/625ad8f2-3e3d-4899-b477-340ed03ed9e5/workspace/projects/test_project_name_504796/ai_test_project_name_504796.json,None is not of type 'array'
/home/hemduttdabral/Downloads/proj-api-volume-dump/625ad8f2-3e3d-4899-b477-340ed03ed9e5/workspace/projects/test_project_name_449304/ai_test_project_name_449304.json,None is not of type 'string'
/home/hemduttdabral/Downloads/proj-api-volume-dump/625ad8f2-3e3d-4899-b477-340ed03ed9e5/workspace/projects/test_project_name_449304/ai_test_project_name_449304.json,None is not of type 'string'
/home/hemduttdabral/Downloads/proj-api-volume-dump/625ad8f2-3e3d-4899-b477-340ed03ed9e5/workspace/projects/test_project_name_449304/ai_test_project_name_449304.json,None is not of type 'array'
/home/hemduttdabral/Downloads/proj-api-volume-dump/625ad8f2-3e3d-4899-b477-340ed03ed9e5/workspace/projects/new_project_name_536766/ai_new_project_name_536766.json,None is not of type 'string'
/home/hemduttdabral/Downloads/proj-api-volume-dump/625ad8f2-3e3d-4899-b477-340ed03ed9e5/workspace/projects/new_project_name_536766/ai_new_project_name_536766.json,None is not of type 'string'
/home/hemduttdabral/Downloads/proj-api-volume-dump/625ad8f2-3e3d-4899-b477-340ed03ed9e5/workspace/projects/new_project_name_536766/ai_new_project_name_536766.json,None is not of type 'array'
/home/hemduttdabral/Downloads/proj-api-volume-dump/625ad8f2-3e3d-4899-b477-340ed03ed9e5/workspace/projects/test_project_name_336149/ai_test_project_name_336149.json,None is not of type 'string'
/home/hemduttdabral/Downloads/proj-api-volume-dump/625ad8f2-3e3d-4899-b477-340ed03ed9e5/workspace/projects/test_project_name_336149/ai_test_project_name_336149.json,None is not of type 'string'
/home/hemduttdabral/Downloads/proj-api-volume-dump/625ad8f2-3e3d-4899-b477-340ed03ed9e5/workspace/projects/test_project_name_336149/ai_test_project_name_336149.json,None is not of type 'array'
/home/hemduttdabral/Downloads/proj-api-volume-dump/625ad8f2-3e3d-4899-b477-340ed03ed9e5/workspace/projects/test_project_name_574928/ai_test_project_name_574928.json,None is not of type 'string'
/home/hemduttdabral/Downloads/proj-api-volume-dump/625ad8f2-3e3d-4899-b477-340ed03ed9e5/workspace/projects/test_project_name_574928/ai_test_project_name_574928.json,None is not of type 'string'
/home/hemduttdabral/Downloads/proj-api-volume-dump/625ad8f2-3e3d-4899-b477-340ed03ed9e5/workspace/projects/test_project_name_574928/ai_test_project_name_574928.json,None is not of type 'array'
/home/hemduttdabral/Downloads/proj-api-volume-dump/625ad8f2-3e3d-4899-b477-340ed03ed9e5/workspace/projects/test_project_name_303621/ai_test_project_name_303621.json,None is not of type 'string'
/home/hemduttdabral/Downloads/proj-api-volume-dump/625ad8f2-3e3d-4899-b477-340ed03ed9e5/workspace/projects/test_project_name_303621/ai_test_project_name_303621.json,None is not of type 'string'
/home/hemduttdabral/Downloads/proj-api-volume-dump/625ad8f2-3e3d-4899-b477-340ed03ed9e5/workspace/projects/test_project_name_303621/ai_test_project_name_303621.json,None is not of type 'array'
/home/hemduttdabral/Downloads/proj-api-volume-dump/625ad8f2-3e3d-4899-b477-340ed03ed9e5/workspace/projects/test_project_name_650041/ai_test_project_name_650041.json,None is not of type 'string'
/home/hemduttdabral/Downloads/proj-api-volume-dump/625ad8f2-3e3d-4899-b477-340ed03ed9e5/workspace/projects/test_project_name_650041/ai_test_project_name_650041.json,None is not of type 'string'
/home/hemduttdabral/Downloads/proj-api-volume-dump/625ad8f2-3e3d-4899-b477-340ed03ed9e5/workspace/projects/test_project_name_650041/ai_test_project_name_650041.json,None is not of type 'array'
/home/hemduttdabral/Downloads/proj-api-volume-dump/625ad8f2-3e3d-4899-b477-340ed03ed9e5/workspace/projects/new_project_name_595923/ai_new_project_name_595923.json,None is not of type 'string'
/home/hemduttdabral/Downloads/proj-api-volume-dump/625ad8f2-3e3d-4899-b477-340ed03ed9e5/workspace/projects/new_project_name_595923/ai_new_project_name_595923.json,None is not of type 'array'
/home/hemduttdabral/Downloads/proj-api-volume-dump/625ad8f2-3e3d-4899-b477-340ed03ed9e5/workspace/projects/new_project_name_959488/ai_new_project_name_959488.json,None is not of type 'string'
/home/hemduttdabral/Downloads/proj-api-volume-dump/625ad8f2-3e3d-4899-b477-340ed03ed9e5/workspace/projects/new_project_name_959488/ai_new_project_name_959488.json,None is not of type 'string'
/home/hemduttdabral/Downloads/proj-api-volume-dump/625ad8f2-3e3d-4899-b477-340ed03ed9e5/workspace/projects/new_project_name_959488/ai_new_project_name_959488.json,None is not of type 'array'
/home/hemduttdabral/Downloads/proj-api-volume-dump/625ad8f2-3e3d-4899-b477-340ed03ed9e5/workspace/projects/new_project_name_898410/ai_new_project_name_898410.json,None is not of type 'string'
/home/hemduttdabral/Downloads/proj-api-volume-dump/625ad8f2-3e3d-4899-b477-340ed03ed9e5/workspace/projects/new_project_name_898410/ai_new_project_name_898410.json,None is not of type 'string'
/home/hemduttdabral/Downloads/proj-api-volume-dump/625ad8f2-3e3d-4899-b477-340ed03ed9e5/workspace/projects/new_project_name_898410/ai_new_project_name_898410.json,None is not of type 'array'
/home/hemduttdabral/Downloads/proj-api-volume-dump/625ad8f2-3e3d-4899-b477-340ed03ed9e5/workspace/projects/new_project_name_428270/ai_new_project_name_428270.json,None is not of type 'string'
/home/hemduttdabral/Downloads/proj-api-volume-dump/625ad8f2-3e3d-4899-b477-340ed03ed9e5/workspace/projects/new_project_name_428270/ai_new_project_name_428270.json,None is not of type 'string'
/home/hemduttdabral/Downloads/proj-api-volume-dump/625ad8f2-3e3d-4899-b477-340ed03ed9e5/workspace/projects/new_project_name_428270/ai_new_project_name_428270.json,None is not of type 'array'
/home/hemduttdabral/Downloads/proj-api-volume-dump/625ad8f2-3e3d-4899-b477-340ed03ed9e5/workspace/projects/test_project_name_616638/ai_test_project_name_616638.json,None is not of type 'string'
/home/hemduttdabral/Downloads/proj-api-volume-dump/625ad8f2-3e3d-4899-b477-340ed03ed9e5/workspace/projects/test_project_name_616638/ai_test_project_name_616638.json,None is not of type 'string'
/home/hemduttdabral/Downloads/proj-api-volume-dump/625ad8f2-3e3d-4899-b477-340ed03ed9e5/workspace/projects/test_project_name_616638/ai_test_project_name_616638.json,None is not of type 'array'
/home/hemduttdabral/Downloads/proj-api-volume-dump/625ad8f2-3e3d-4899-b477-340ed03ed9e5/workspace/projects/test_project_name_471495/ai_test_project_name_471495.json,None is not of type 'string'
/home/hemduttdabral/Downloads/proj-api-volume-dump/625ad8f2-3e3d-4899-b477-340ed03ed9e5/workspace/projects/test_project_name_471495/ai_test_project_name_471495.json,None is not of type 'string'
/home/hemduttdabral/Downloads/proj-api-volume-dump/625ad8f2-3e3d-4899-b477-340ed03ed9e5/workspace/projects/test_project_name_471495/ai_test_project_name_471495.json,None is not of type 'array'
/home/hemduttdabral/Downloads/proj-api-volume-dump/625ad8f2-3e3d-4899-b477-340ed03ed9e5/workspace/projects/new_project_name_302405/ai_new_project_name_302405.json,None is not of type 'string'
/home/hemduttdabral/Downloads/proj-api-volume-dump/625ad8f2-3e3d-4899-b477-340ed03ed9e5/workspace/projects/new_project_name_302405/ai_new_project_name_302405.json,None is not of type 'string'
/home/hemduttdabral/Downloads/proj-api-volume-dump/625ad8f2-3e3d-4899-b477-340ed03ed9e5/workspace/projects/new_project_name_302405/ai_new_project_name_302405.json,None is not of type 'array'
/home/hemduttdabral/Downloads/proj-api-volume-dump/625ad8f2-3e3d-4899-b477-340ed03ed9e5/workspace/projects/test_project_name_426995/ai_test_project_name_426995.json,None is not of type 'string'
/home/hemduttdabral/Downloads/proj-api-volume-dump/625ad8f2-3e3d-4899-b477-340ed03ed9e5/workspace/projects/test_project_name_426995/ai_test_project_name_426995.json,None is not of type 'string'
/home/hemduttdabral/Downloads/proj-api-volume-dump/625ad8f2-3e3d-4899-b477-340ed03ed9e5/workspace/projects/test_project_name_426995/ai_test_project_name_426995.json,None is not of type 'array'
/home/hemduttdabral/Downloads/proj-api-volume-dump/625ad8f2-3e3d-4899-b477-340ed03ed9e5/workspace/projects/new_project_name_455126/ai_new_project_name_455126.json,None is not of type 'string'
/home/hemduttdabral/Downloads/proj-api-volume-dump/625ad8f2-3e3d-4899-b477-340ed03ed9e5/workspace/projects/new_project_name_455126/ai_new_project_name_455126.json,None is not of type 'string'
/home/hemduttdabral/Downloads/proj-api-volume-dump/625ad8f2-3e3d-4899-b477-340ed03ed9e5/workspace/projects/new_project_name_455126/ai_new_project_name_455126.json,None is not of type 'array'
/home/hemduttdabral/Downloads/proj-api-volume-dump/625ad8f2-3e3d-4899-b477-340ed03ed9e5/workspace/projects/test_project_name_510223/ai_test_project_name_510223.json,None is not of type 'string'
/home/hemduttdabral/Downloads/proj-api-volume-dump/625ad8f2-3e3d-4899-b477-340ed03ed9e5/workspace/projects/test_project_name_510223/ai_test_project_name_510223.json,None is not of type 'string'
/home/hemduttdabral/Downloads/proj-api-volume-dump/625ad8f2-3e3d-4899-b477-340ed03ed9e5/workspace/projects/test_project_name_510223/ai_test_project_name_510223.json,None is not of type 'array'
/home/hemduttdabral/Downloads/proj-api-volume-dump/625ad8f2-3e3d-4899-b477-340ed03ed9e5/workspace/projects/new_project_name_882789/ai_new_project_name_882789.json,None is not of type 'string'
/home/hemduttdabral/Downloads/proj-api-volume-dump/625ad8f2-3e3d-4899-b477-340ed03ed9e5/workspace/projects/new_project_name_882789/ai_new_project_name_882789.json,None is not of type 'string'
/home/hemduttdabral/Downloads/proj-api-volume-dump/625ad8f2-3e3d-4899-b477-340ed03ed9e5/workspace/projects/new_project_name_882789/ai_new_project_name_882789.json,None is not of type 'array'
/home/hemduttdabral/Downloads/proj-api-volume-dump/625ad8f2-3e3d-4899-b477-340ed03ed9e5/workspace/projects/test_project_name_152545/ai_test_project_name_152545.json,None is not of type 'string'
/home/hemduttdabral/Downloads/proj-api-volume-dump/625ad8f2-3e3d-4899-b477-340ed03ed9e5/workspace/projects/test_project_name_152545/ai_test_project_name_152545.json,None is not of type 'string'
/home/hemduttdabral/Downloads/proj-api-volume-dump/625ad8f2-3e3d-4899-b477-340ed03ed9e5/workspace/projects/test_project_name_152545/ai_test_project_name_152545.json,None is not of type 'array'
/home/hemduttdabral/Downloads/proj-api-volume-dump/625ad8f2-3e3d-4899-b477-340ed03ed9e5/workspace/projects/new_project_name_400835/ai_new_project_name_400835.json,None is not of type 'string'
/home/hemduttdabral/Downloads/proj-api-volume-dump/625ad8f2-3e3d-4899-b477-340ed03ed9e5/workspace/projects/new_project_name_400835/ai_new_project_name_400835.json,None is not of type 'string'
/home/hemduttdabral/Downloads/proj-api-volume-dump/625ad8f2-3e3d-4899-b477-340ed03ed9e5/workspace/projects/new_project_name_400835/ai_new_project_name_400835.json,None is not of type 'array'
/home/hemduttdabral/Downloads/proj-api-volume-dump/625ad8f2-3e3d-4899-b477-340ed03ed9e5/workspace/projects/new_project_name_955932/ai_new_project_name_955932.json,None is not of type 'string'
/home/hemduttdabral/Downloads/proj-api-volume-dump/625ad8f2-3e3d-4899-b477-340ed03ed9e5/workspace/projects/new_project_name_955932/ai_new_project_name_955932.json,None is not of type 'string'
/home/hemduttdabral/Downloads/proj-api-volume-dump/625ad8f2-3e3d-4899-b477-340ed03ed9e5/workspace/projects/new_project_name_955932/ai_new_project_name_955932.json,None is not of type 'array'
/home/hemduttdabral/Downloads/proj-api-volume-dump/625ad8f2-3e3d-4899-b477-340ed03ed9e5/workspace/projects/new_project_name_896350/ai_new_project_name_896350.json,None is not of type 'string'
/home/hemduttdabral/Downloads/proj-api-volume-dump/625ad8f2-3e3d-4899-b477-340ed03ed9e5/workspace/projects/new_project_name_896350/ai_new_project_name_896350.json,None is not of type 'string'
/home/hemduttdabral/Downloads/proj-api-volume-dump/625ad8f2-3e3d-4899-b477-340ed03ed9e5/workspace/projects/new_project_name_896350/ai_new_project_name_896350.json,None is not of type 'array'
/home/hemduttdabral/Downloads/proj-api-volume-dump/625ad8f2-3e3d-4899-b477-340ed03ed9e5/workspace/projects/new_project_name_629945/ai_new_project_name_629945.json,None is not of type 'string'
/home/hemduttdabral/Downloads/proj-api-volume-dump/625ad8f2-3e3d-4899-b477-340ed03ed9e5/workspace/projects/new_project_name_629945/ai_new_project_name_629945.json,None is not of type 'array'
/home/hemduttdabral/Downloads/proj-api-volume-dump/625ad8f2-3e3d-4899-b477-340ed03ed9e5/workspace/projects/new_project_name_125723/ai_new_project_name_125723.json,None is not of type 'string'
/home/hemduttdabral/Downloads/proj-api-volume-dump/625ad8f2-3e3d-4899-b477-340ed03ed9e5/workspace/projects/new_project_name_125723/ai_new_project_name_125723.json,None is not of type 'string'
/home/hemduttdabral/Downloads/proj-api-volume-dump/625ad8f2-3e3d-4899-b477-340ed03ed9e5/workspace/projects/new_project_name_125723/ai_new_project_name_125723.json,None is not of type 'array'
/home/hemduttdabral/Downloads/proj-api-volume-dump/625ad8f2-3e3d-4899-b477-340ed03ed9e5/workspace/projects/test_project_name_817644/ai_test_project_name_817644.json,None is not of type 'string'
/home/hemduttdabral/Downloads/proj-api-volume-dump/625ad8f2-3e3d-4899-b477-340ed03ed9e5/workspace/projects/test_project_name_817644/ai_test_project_name_817644.json,None is not of type 'string'
/home/hemduttdabral/Downloads/proj-api-volume-dump/625ad8f2-3e3d-4899-b477-340ed03ed9e5/workspace/projects/test_project_name_817644/ai_test_project_name_817644.json,None is not of type 'array'
/home/hemduttdabral/Downloads/proj-api-volume-dump/625ad8f2-3e3d-4899-b477-340ed03ed9e5/workspace/projects/test_project_name_837077/ai_test_project_name_837077.json,None is not of type 'string'
/home/hemduttdabral/Downloads/proj-api-volume-dump/625ad8f2-3e3d-4899-b477-340ed03ed9e5/workspace/projects/test_project_name_837077/ai_test_project_name_837077.json,None is not of type 'string'
/home/hemduttdabral/Downloads/proj-api-volume-dump/625ad8f2-3e3d-4899-b477-340ed03ed9e5/workspace/projects/test_project_name_837077/ai_test_project_name_837077.json,None is not of type 'array'
/home/hemduttdabral/Downloads/proj-api-volume-dump/625ad8f2-3e3d-4899-b477-340ed03ed9e5/workspace/projects/new_project_name_302906/ai_new_project_name_302906.json,None is not of type 'string'
/home/hemduttdabral/Downloads/proj-api-volume-dump/625ad8f2-3e3d-4899-b477-340ed03ed9e5/workspace/projects/new_project_name_302906/ai_new_project_name_302906.json,None is not of type 'string'
/home/hemduttdabral/Downloads/proj-api-volume-dump/625ad8f2-3e3d-4899-b477-340ed03ed9e5/workspace/projects/new_project_name_302906/ai_new_project_name_302906.json,None is not of type 'array'
/home/hemduttdabral/Downloads/proj-api-volume-dump/625ad8f2-3e3d-4899-b477-340ed03ed9e5/workspace/projects/test_project_name_160361/ai_test_project_name_160361.json,None is not of type 'string'
/home/hemduttdabral/Downloads/proj-api-volume-dump/625ad8f2-3e3d-4899-b477-340ed03ed9e5/workspace/projects/test_project_name_160361/ai_test_project_name_160361.json,None is not of type 'string'
/home/hemduttdabral/Downloads/proj-api-volume-dump/625ad8f2-3e3d-4899-b477-340ed03ed9e5/workspace/projects/test_project_name_160361/ai_test_project_name_160361.json,None is not of type 'array'
/home/hemduttdabral/Downloads/proj-api-volume-dump/625ad8f2-3e3d-4899-b477-340ed03ed9e5/workspace/projects/test_project_name_543513/ai_test_project_name_543513.json,None is not of type 'string'
/home/hemduttdabral/Downloads/proj-api-volume-dump/625ad8f2-3e3d-4899-b477-340ed03ed9e5/workspace/projects/test_project_name_543513/ai_test_project_name_543513.json,None is not of type 'string'
/home/hemduttdabral/Downloads/proj-api-volume-dump/625ad8f2-3e3d-4899-b477-340ed03ed9e5/workspace/projects/test_project_name_543513/ai_test_project_name_543513.json,None is not of type 'array'
/home/hemduttdabral/Downloads/proj-api-volume-dump/625ad8f2-3e3d-4899-b477-340ed03ed9e5/workspace/projects/new_project_name_244798/ai_new_project_name_244798.json,None is not of type 'string'
/home/hemduttdabral/Downloads/proj-api-volume-dump/625ad8f2-3e3d-4899-b477-340ed03ed9e5/workspace/projects/new_project_name_244798/ai_new_project_name_244798.json,None is not of type 'array'
/home/hemduttdabral/Downloads/proj-api-volume-dump/625ad8f2-3e3d-4899-b477-340ed03ed9e5/workspace/projects/new_project_name_640480/ai_new_project_name_640480.json,None is not of type 'string'
/home/hemduttdabral/Downloads/proj-api-volume-dump/625ad8f2-3e3d-4899-b477-340ed03ed9e5/workspace/projects/new_project_name_640480/ai_new_project_name_640480.json,None is not of type 'string'
/home/hemduttdabral/Downloads/proj-api-volume-dump/625ad8f2-3e3d-4899-b477-340ed03ed9e5/workspace/projects/new_project_name_640480/ai_new_project_name_640480.json,None is not of type 'array'
/home/hemduttdabral/Downloads/proj-api-volume-dump/625ad8f2-3e3d-4899-b477-340ed03ed9e5/workspace/projects/new_project_name_832519/ai_new_project_name_832519.json,None is not of type 'string'
/home/hemduttdabral/Downloads/proj-api-volume-dump/625ad8f2-3e3d-4899-b477-340ed03ed9e5/workspace/projects/new_project_name_832519/ai_new_project_name_832519.json,None is not of type 'string'
/home/hemduttdabral/Downloads/proj-api-volume-dump/625ad8f2-3e3d-4899-b477-340ed03ed9e5/workspace/projects/new_project_name_832519/ai_new_project_name_832519.json,None is not of type 'array'
/home/hemduttdabral/Downloads/proj-api-volume-dump/625ad8f2-3e3d-4899-b477-340ed03ed9e5/workspace/projects/test_project_name_172950/ai_test_project_name_172950.json,None is not of type 'string'
/home/hemduttdabral/Downloads/proj-api-volume-dump/625ad8f2-3e3d-4899-b477-340ed03ed9e5/workspace/projects/test_project_name_172950/ai_test_project_name_172950.json,None is not of type 'string'
/home/hemduttdabral/Downloads/proj-api-volume-dump/625ad8f2-3e3d-4899-b477-340ed03ed9e5/workspace/projects/test_project_name_172950/ai_test_project_name_172950.json,None is not of type 'array'
/home/hemduttdabral/Downloads/proj-api-volume-dump/625ad8f2-3e3d-4899-b477-340ed03ed9e5/workspace/projects/test_project_name_574603/ai_test_project_name_574603.json,None is not of type 'string'
/home/hemduttdabral/Downloads/proj-api-volume-dump/625ad8f2-3e3d-4899-b477-340ed03ed9e5/workspace/projects/test_project_name_574603/ai_test_project_name_574603.json,None is not of type 'string'
/home/hemduttdabral/Downloads/proj-api-volume-dump/625ad8f2-3e3d-4899-b477-340ed03ed9e5/workspace/projects/test_project_name_574603/ai_test_project_name_574603.json,None is not of type 'array'
/home/hemduttdabral/Downloads/proj-api-volume-dump/625ad8f2-3e3d-4899-b477-340ed03ed9e5/workspace/projects/new_project_name_148609/ai_new_project_name_148609.json,None is not of type 'string'
/home/hemduttdabral/Downloads/proj-api-volume-dump/625ad8f2-3e3d-4899-b477-340ed03ed9e5/workspace/projects/new_project_name_148609/ai_new_project_name_148609.json,None is not of type 'array'
/home/hemduttdabral/Downloads/proj-api-volume-dump/625ad8f2-3e3d-4899-b477-340ed03ed9e5/workspace/projects/new_project_name_594690/ai_new_project_name_594690.json,None is not of type 'string'
/home/hemduttdabral/Downloads/proj-api-volume-dump/625ad8f2-3e3d-4899-b477-340ed03ed9e5/workspace/projects/new_project_name_594690/ai_new_project_name_594690.json,None is not of type 'string'
/home/hemduttdabral/Downloads/proj-api-volume-dump/625ad8f2-3e3d-4899-b477-340ed03ed9e5/workspace/projects/new_project_name_594690/ai_new_project_name_594690.json,None is not of type 'array'
/home/hemduttdabral/Downloads/proj-api-volume-dump/625ad8f2-3e3d-4899-b477-340ed03ed9e5/workspace/projects/test_project_name_106246/ai_test_project_name_106246.json,None is not of type 'string'
/home/hemduttdabral/Downloads/proj-api-volume-dump/625ad8f2-3e3d-4899-b477-340ed03ed9e5/workspace/projects/test_project_name_106246/ai_test_project_name_106246.json,None is not of type 'string'
/home/hemduttdabral/Downloads/proj-api-volume-dump/625ad8f2-3e3d-4899-b477-340ed03ed9e5/workspace/projects/test_project_name_106246/ai_test_project_name_106246.json,None is not of type 'array'
/home/hemduttdabral/Downloads/proj-api-volume-dump/625ad8f2-3e3d-4899-b477-340ed03ed9e5/workspace/projects/test_project_name_625611/ai_test_project_name_625611.json,None is not of type 'string'
/home/hemduttdabral/Downloads/proj-api-volume-dump/625ad8f2-3e3d-4899-b477-340ed03ed9e5/workspace/projects/test_project_name_625611/ai_test_project_name_625611.json,None is not of type 'string'
/home/hemduttdabral/Downloads/proj-api-volume-dump/625ad8f2-3e3d-4899-b477-340ed03ed9e5/workspace/projects/test_project_name_625611/ai_test_project_name_625611.json,None is not of type 'array'
/home/hemduttdabral/Downloads/proj-api-volume-dump/625ad8f2-3e3d-4899-b477-340ed03ed9e5/workspace/projects/test_project_name_693006/ai_test_project_name_693006.json,None is not of type 'string'
/home/hemduttdabral/Downloads/proj-api-volume-dump/625ad8f2-3e3d-4899-b477-340ed03ed9e5/workspace/projects/test_project_name_693006/ai_test_project_name_693006.json,None is not of type 'string'
/home/hemduttdabral/Downloads/proj-api-volume-dump/625ad8f2-3e3d-4899-b477-340ed03ed9e5/workspace/projects/test_project_name_693006/ai_test_project_name_693006.json,None is not of type 'array'
/home/hemduttdabral/Downloads/proj-api-volume-dump/625ad8f2-3e3d-4899-b477-340ed03ed9e5/workspace/projects/test_project_name_134493/ai_test_project_name_134493.json,None is not of type 'string'
/home/hemduttdabral/Downloads/proj-api-volume-dump/625ad8f2-3e3d-4899-b477-340ed03ed9e5/workspace/projects/test_project_name_134493/ai_test_project_name_134493.json,None is not of type 'string'
/home/hemduttdabral/Downloads/proj-api-volume-dump/625ad8f2-3e3d-4899-b477-340ed03ed9e5/workspace/projects/test_project_name_134493/ai_test_project_name_134493.json,None is not of type 'array'
/home/hemduttdabral/Downloads/proj-api-volume-dump/625ad8f2-3e3d-4899-b477-340ed03ed9e5/workspace/projects/new_project_name_978115/ai_new_project_name_978115.json,None is not of type 'string'
/home/hemduttdabral/Downloads/proj-api-volume-dump/625ad8f2-3e3d-4899-b477-340ed03ed9e5/workspace/projects/new_project_name_978115/ai_new_project_name_978115.json,None is not of type 'string'
/home/hemduttdabral/Downloads/proj-api-volume-dump/625ad8f2-3e3d-4899-b477-340ed03ed9e5/workspace/projects/new_project_name_978115/ai_new_project_name_978115.json,None is not of type 'array'
/home/hemduttdabral/Downloads/proj-api-volume-dump/625ad8f2-3e3d-4899-b477-340ed03ed9e5/workspace/projects/test_project_name_753861/ai_test_project_name_753861.json,None is not of type 'string'
/home/hemduttdabral/Downloads/proj-api-volume-dump/625ad8f2-3e3d-4899-b477-340ed03ed9e5/workspace/projects/test_project_name_753861/ai_test_project_name_753861.json,None is not of type 'string'
/home/hemduttdabral/Downloads/proj-api-volume-dump/625ad8f2-3e3d-4899-b477-340ed03ed9e5/workspace/projects/test_project_name_753861/ai_test_project_name_753861.json,None is not of type 'array'
/home/hemduttdabral/Downloads/proj-api-volume-dump/625ad8f2-3e3d-4899-b477-340ed03ed9e5/workspace/projects/test_project_name_910270/ai_test_project_name_910270.json,None is not of type 'string'
/home/hemduttdabral/Downloads/proj-api-volume-dump/625ad8f2-3e3d-4899-b477-340ed03ed9e5/workspace/projects/test_project_name_910270/ai_test_project_name_910270.json,None is not of type 'string'
/home/hemduttdabral/Downloads/proj-api-volume-dump/625ad8f2-3e3d-4899-b477-340ed03ed9e5/workspace/projects/test_project_name_910270/ai_test_project_name_910270.json,None is not of type 'array'
/home/hemduttdabral/Downloads/proj-api-volume-dump/625ad8f2-3e3d-4899-b477-340ed03ed9e5/workspace/projects/test_project_name_919676/ai_test_project_name_919676.json,None is not of type 'string'
/home/hemduttdabral/Downloads/proj-api-volume-dump/625ad8f2-3e3d-4899-b477-340ed03ed9e5/workspace/projects/test_project_name_919676/ai_test_project_name_919676.json,None is not of type 'string'
/home/hemduttdabral/Downloads/proj-api-volume-dump/625ad8f2-3e3d-4899-b477-340ed03ed9e5/workspace/projects/test_project_name_919676/ai_test_project_name_919676.json,None is not of type 'array'
/home/hemduttdabral/Downloads/proj-api-volume-dump/625ad8f2-3e3d-4899-b477-340ed03ed9e5/workspace/projects/new_project_name_177291/ai_new_project_name_177291.json,None is not of type 'string'
/home/hemduttdabral/Downloads/proj-api-volume-dump/625ad8f2-3e3d-4899-b477-340ed03ed9e5/workspace/projects/new_project_name_177291/ai_new_project_name_177291.json,None is not of type 'string'
/home/hemduttdabral/Downloads/proj-api-volume-dump/625ad8f2-3e3d-4899-b477-340ed03ed9e5/workspace/projects/new_project_name_177291/ai_new_project_name_177291.json,None is not of type 'array'
/home/hemduttdabral/Downloads/proj-api-volume-dump/625ad8f2-3e3d-4899-b477-340ed03ed9e5/workspace/projects/test_project_name_823530/ai_test_project_name_823530.json,None is not of type 'string'
/home/hemduttdabral/Downloads/proj-api-volume-dump/625ad8f2-3e3d-4899-b477-340ed03ed9e5/workspace/projects/test_project_name_823530/ai_test_project_name_823530.json,None is not of type 'string'
/home/hemduttdabral/Downloads/proj-api-volume-dump/625ad8f2-3e3d-4899-b477-340ed03ed9e5/workspace/projects/test_project_name_823530/ai_test_project_name_823530.json,None is not of type 'array'
/home/hemduttdabral/Downloads/proj-api-volume-dump/625ad8f2-3e3d-4899-b477-340ed03ed9e5/workspace/projects/new_project_name_713568/ai_new_project_name_713568.json,None is not of type 'string'
/home/hemduttdabral/Downloads/proj-api-volume-dump/625ad8f2-3e3d-4899-b477-340ed03ed9e5/workspace/projects/new_project_name_713568/ai_new_project_name_713568.json,None is not of type 'string'
/home/hemduttdabral/Downloads/proj-api-volume-dump/625ad8f2-3e3d-4899-b477-340ed03ed9e5/workspace/projects/new_project_name_713568/ai_new_project_name_713568.json,None is not of type 'array'
/home/hemduttdabral/Downloads/proj-api-volume-dump/625ad8f2-3e3d-4899-b477-340ed03ed9e5/workspace/projects/new_project_name_558905/ai_new_project_name_558905.json,None is not of type 'string'
/home/hemduttdabral/Downloads/proj-api-volume-dump/625ad8f2-3e3d-4899-b477-340ed03ed9e5/workspace/projects/new_project_name_558905/ai_new_project_name_558905.json,None is not of type 'array'
/home/hemduttdabral/Downloads/proj-api-volume-dump/625ad8f2-3e3d-4899-b477-340ed03ed9e5/workspace/projects/new_project_name_447647/ai_new_project_name_447647.json,None is not of type 'string'
/home/hemduttdabral/Downloads/proj-api-volume-dump/625ad8f2-3e3d-4899-b477-340ed03ed9e5/workspace/projects/new_project_name_447647/ai_new_project_name_447647.json,None is not of type 'string'
/home/hemduttdabral/Downloads/proj-api-volume-dump/625ad8f2-3e3d-4899-b477-340ed03ed9e5/workspace/projects/new_project_name_447647/ai_new_project_name_447647.json,None is not of type 'array'
/home/hemduttdabral/Downloads/proj-api-volume-dump/625ad8f2-3e3d-4899-b477-340ed03ed9e5/workspace/projects/test_project_name_560980/ai_test_project_name_560980.json,None is not of type 'string'
/home/hemduttdabral/Downloads/proj-api-volume-dump/625ad8f2-3e3d-4899-b477-340ed03ed9e5/workspace/projects/test_project_name_560980/ai_test_project_name_560980.json,None is not of type 'string'
/home/hemduttdabral/Downloads/proj-api-volume-dump/625ad8f2-3e3d-4899-b477-340ed03ed9e5/workspace/projects/test_project_name_560980/ai_test_project_name_560980.json,None is not of type 'array'
/home/hemduttdabral/Downloads/proj-api-volume-dump/625ad8f2-3e3d-4899-b477-340ed03ed9e5/workspace/projects/new_project_name_434396/ai_new_project_name_434396.json,None is not of type 'string'
/home/hemduttdabral/Downloads/proj-api-volume-dump/625ad8f2-3e3d-4899-b477-340ed03ed9e5/workspace/projects/new_project_name_434396/ai_new_project_name_434396.json,None is not of type 'array'
/home/hemduttdabral/Downloads/proj-api-volume-dump/625ad8f2-3e3d-4899-b477-340ed03ed9e5/workspace/projects/test_project_name_545623/ai_test_project_name_545623.json,None is not of type 'string'
/home/hemduttdabral/Downloads/proj-api-volume-dump/625ad8f2-3e3d-4899-b477-340ed03ed9e5/workspace/projects/test_project_name_545623/ai_test_project_name_545623.json,None is not of type 'string'
/home/hemduttdabral/Downloads/proj-api-volume-dump/625ad8f2-3e3d-4899-b477-340ed03ed9e5/workspace/projects/test_project_name_545623/ai_test_project_name_545623.json,None is not of type 'array'
/home/hemduttdabral/Downloads/proj-api-volume-dump/625ad8f2-3e3d-4899-b477-340ed03ed9e5/workspace/projects/test_project_name_245402/ai_test_project_name_245402.json,None is not of type 'string'
/home/hemduttdabral/Downloads/proj-api-volume-dump/625ad8f2-3e3d-4899-b477-340ed03ed9e5/workspace/projects/test_project_name_245402/ai_test_project_name_245402.json,None is not of type 'string'
/home/hemduttdabral/Downloads/proj-api-volume-dump/625ad8f2-3e3d-4899-b477-340ed03ed9e5/workspace/projects/test_project_name_245402/ai_test_project_name_245402.json,None is not of type 'array'
/home/hemduttdabral/Downloads/proj-api-volume-dump/625ad8f2-3e3d-4899-b477-340ed03ed9e5/workspace/projects/new_project_name_886636/ai_new_project_name_886636.json,None is not of type 'string'
/home/hemduttdabral/Downloads/proj-api-volume-dump/625ad8f2-3e3d-4899-b477-340ed03ed9e5/workspace/projects/new_project_name_886636/ai_new_project_name_886636.json,None is not of type 'string'
/home/hemduttdabral/Downloads/proj-api-volume-dump/625ad8f2-3e3d-4899-b477-340ed03ed9e5/workspace/projects/new_project_name_886636/ai_new_project_name_886636.json,None is not of type 'array'
/home/hemduttdabral/Downloads/proj-api-volume-dump/625ad8f2-3e3d-4899-b477-340ed03ed9e5/workspace/projects/new_project_name_924892/ai_new_project_name_924892.json,None is not of type 'string'
/home/hemduttdabral/Downloads/proj-api-volume-dump/625ad8f2-3e3d-4899-b477-340ed03ed9e5/workspace/projects/new_project_name_924892/ai_new_project_name_924892.json,None is not of type 'array'
/home/hemduttdabral/Downloads/proj-api-volume-dump/625ad8f2-3e3d-4899-b477-340ed03ed9e5/workspace/projects/test_project_name_390652/ai_test_project_name_390652.json,None is not of type 'string'
/home/hemduttdabral/Downloads/proj-api-volume-dump/625ad8f2-3e3d-4899-b477-340ed03ed9e5/workspace/projects/test_project_name_390652/ai_test_project_name_390652.json,None is not of type 'string'
/home/hemduttdabral/Downloads/proj-api-volume-dump/625ad8f2-3e3d-4899-b477-340ed03ed9e5/workspace/projects/test_project_name_390652/ai_test_project_name_390652.json,None is not of type 'array'
/home/hemduttdabral/Downloads/proj-api-volume-dump/625ad8f2-3e3d-4899-b477-340ed03ed9e5/workspace/projects/test_project_name_414376/ai_test_project_name_414376.json,None is not of type 'string'
/home/hemduttdabral/Downloads/proj-api-volume-dump/625ad8f2-3e3d-4899-b477-340ed03ed9e5/workspace/projects/test_project_name_414376/ai_test_project_name_414376.json,None is not of type 'string'
/home/hemduttdabral/Downloads/proj-api-volume-dump/625ad8f2-3e3d-4899-b477-340ed03ed9e5/workspace/projects/test_project_name_414376/ai_test_project_name_414376.json,None is not of type 'array'
/home/hemduttdabral/Downloads/proj-api-volume-dump/625ad8f2-3e3d-4899-b477-340ed03ed9e5/workspace/projects/new_project_name_127474/ai_new_project_name_127474.json,None is not of type 'string'
/home/hemduttdabral/Downloads/proj-api-volume-dump/625ad8f2-3e3d-4899-b477-340ed03ed9e5/workspace/projects/new_project_name_127474/ai_new_project_name_127474.json,None is not of type 'string'
/home/hemduttdabral/Downloads/proj-api-volume-dump/625ad8f2-3e3d-4899-b477-340ed03ed9e5/workspace/projects/new_project_name_127474/ai_new_project_name_127474.json,None is not of type 'array'
/home/hemduttdabral/Downloads/proj-api-volume-dump/625ad8f2-3e3d-4899-b477-340ed03ed9e5/workspace/projects/new_project_name_703265/ai_new_project_name_703265.json,None is not of type 'string'
/home/hemduttdabral/Downloads/proj-api-volume-dump/625ad8f2-3e3d-4899-b477-340ed03ed9e5/workspace/projects/new_project_name_703265/ai_new_project_name_703265.json,None is not of type 'string'
/home/hemduttdabral/Downloads/proj-api-volume-dump/625ad8f2-3e3d-4899-b477-340ed03ed9e5/workspace/projects/new_project_name_703265/ai_new_project_name_703265.json,None is not of type 'array'
/home/hemduttdabral/Downloads/proj-api-volume-dump/625ad8f2-3e3d-4899-b477-340ed03ed9e5/workspace/projects/test_project_name_561627/ai_test_project_name_561627.json,None is not of type 'string'
/home/hemduttdabral/Downloads/proj-api-volume-dump/625ad8f2-3e3d-4899-b477-340ed03ed9e5/workspace/projects/test_project_name_561627/ai_test_project_name_561627.json,None is not of type 'string'
/home/hemduttdabral/Downloads/proj-api-volume-dump/625ad8f2-3e3d-4899-b477-340ed03ed9e5/workspace/projects/test_project_name_561627/ai_test_project_name_561627.json,None is not of type 'array'
/home/hemduttdabral/Downloads/proj-api-volume-dump/625ad8f2-3e3d-4899-b477-340ed03ed9e5/workspace/projects/new_project_name_945500/ai_new_project_name_945500.json,None is not of type 'string'
/home/hemduttdabral/Downloads/proj-api-volume-dump/625ad8f2-3e3d-4899-b477-340ed03ed9e5/workspace/projects/new_project_name_945500/ai_new_project_name_945500.json,None is not of type 'string'
/home/hemduttdabral/Downloads/proj-api-volume-dump/625ad8f2-3e3d-4899-b477-340ed03ed9e5/workspace/projects/new_project_name_945500/ai_new_project_name_945500.json,None is not of type 'array'
/home/hemduttdabral/Downloads/proj-api-volume-dump/625ad8f2-3e3d-4899-b477-340ed03ed9e5/workspace/projects/test_project_name_285281/ai_test_project_name_285281.json,None is not of type 'string'
/home/hemduttdabral/Downloads/proj-api-volume-dump/625ad8f2-3e3d-4899-b477-340ed03ed9e5/workspace/projects/test_project_name_285281/ai_test_project_name_285281.json,None is not of type 'string'
/home/hemduttdabral/Downloads/proj-api-volume-dump/625ad8f2-3e3d-4899-b477-340ed03ed9e5/workspace/projects/test_project_name_285281/ai_test_project_name_285281.json,None is not of type 'array'
/home/hemduttdabral/Downloads/proj-api-volume-dump/625ad8f2-3e3d-4899-b477-340ed03ed9e5/workspace/projects/test_project_name_967558/ai_test_project_name_967558.json,None is not of type 'string'
/home/hemduttdabral/Downloads/proj-api-volume-dump/625ad8f2-3e3d-4899-b477-340ed03ed9e5/workspace/projects/test_project_name_967558/ai_test_project_name_967558.json,None is not of type 'string'
/home/hemduttdabral/Downloads/proj-api-volume-dump/625ad8f2-3e3d-4899-b477-340ed03ed9e5/workspace/projects/test_project_name_967558/ai_test_project_name_967558.json,None is not of type 'array'
/home/hemduttdabral/Downloads/proj-api-volume-dump/625ad8f2-3e3d-4899-b477-340ed03ed9e5/workspace/projects/test_project_name_275036/ai_test_project_name_275036.json,None is not of type 'string'
/home/hemduttdabral/Downloads/proj-api-volume-dump/625ad8f2-3e3d-4899-b477-340ed03ed9e5/workspace/projects/test_project_name_275036/ai_test_project_name_275036.json,None is not of type 'string'
/home/hemduttdabral/Downloads/proj-api-volume-dump/625ad8f2-3e3d-4899-b477-340ed03ed9e5/workspace/projects/test_project_name_275036/ai_test_project_name_275036.json,None is not of type 'array'
/home/hemduttdabral/Downloads/proj-api-volume-dump/625ad8f2-3e3d-4899-b477-340ed03ed9e5/workspace/projects/test_project_name_666825/ai_test_project_name_666825.json,None is not of type 'string'
/home/hemduttdabral/Downloads/proj-api-volume-dump/625ad8f2-3e3d-4899-b477-340ed03ed9e5/workspace/projects/test_project_name_666825/ai_test_project_name_666825.json,None is not of type 'string'
/home/hemduttdabral/Downloads/proj-api-volume-dump/625ad8f2-3e3d-4899-b477-340ed03ed9e5/workspace/projects/test_project_name_666825/ai_test_project_name_666825.json,None is not of type 'array'
/home/hemduttdabral/Downloads/proj-api-volume-dump/625ad8f2-3e3d-4899-b477-340ed03ed9e5/workspace/projects/new_project_name_912647/ai_new_project_name_912647.json,None is not of type 'string'
/home/hemduttdabral/Downloads/proj-api-volume-dump/625ad8f2-3e3d-4899-b477-340ed03ed9e5/workspace/projects/new_project_name_912647/ai_new_project_name_912647.json,None is not of type 'string'
/home/hemduttdabral/Downloads/proj-api-volume-dump/625ad8f2-3e3d-4899-b477-340ed03ed9e5/workspace/projects/new_project_name_912647/ai_new_project_name_912647.json,None is not of type 'array'
/home/hemduttdabral/Downloads/proj-api-volume-dump/625ad8f2-3e3d-4899-b477-340ed03ed9e5/workspace/projects/test_project_name_486708/ai_test_project_name_486708.json,None is not of type 'string'
/home/hemduttdabral/Downloads/proj-api-volume-dump/625ad8f2-3e3d-4899-b477-340ed03ed9e5/workspace/projects/test_project_name_486708/ai_test_project_name_486708.json,None is not of type 'string'
/home/hemduttdabral/Downloads/proj-api-volume-dump/625ad8f2-3e3d-4899-b477-340ed03ed9e5/workspace/projects/test_project_name_486708/ai_test_project_name_486708.json,None is not of type 'array'
/home/hemduttdabral/Downloads/proj-api-volume-dump/625ad8f2-3e3d-4899-b477-340ed03ed9e5/workspace/projects/new_project_name_275035/ai_new_project_name_275035.json,None is not of type 'string'
/home/hemduttdabral/Downloads/proj-api-volume-dump/625ad8f2-3e3d-4899-b477-340ed03ed9e5/workspace/projects/new_project_name_275035/ai_new_project_name_275035.json,None is not of type 'string'
/home/hemduttdabral/Downloads/proj-api-volume-dump/625ad8f2-3e3d-4899-b477-340ed03ed9e5/workspace/projects/new_project_name_275035/ai_new_project_name_275035.json,None is not of type 'array'
/home/hemduttdabral/Downloads/proj-api-volume-dump/625ad8f2-3e3d-4899-b477-340ed03ed9e5/workspace/projects/new_project_name_784925/ai_new_project_name_784925.json,None is not of type 'string'
/home/hemduttdabral/Downloads/proj-api-volume-dump/625ad8f2-3e3d-4899-b477-340ed03ed9e5/workspace/projects/new_project_name_784925/ai_new_project_name_784925.json,None is not of type 'array'
/home/hemduttdabral/Downloads/proj-api-volume-dump/625ad8f2-3e3d-4899-b477-340ed03ed9e5/workspace/projects/test_project_name_717205/ai_test_project_name_717205.json,None is not of type 'string'
/home/hemduttdabral/Downloads/proj-api-volume-dump/625ad8f2-3e3d-4899-b477-340ed03ed9e5/workspace/projects/test_project_name_717205/ai_test_project_name_717205.json,None is not of type 'string'
/home/hemduttdabral/Downloads/proj-api-volume-dump/625ad8f2-3e3d-4899-b477-340ed03ed9e5/workspace/projects/test_project_name_717205/ai_test_project_name_717205.json,None is not of type 'array'
/home/hemduttdabral/Downloads/proj-api-volume-dump/625ad8f2-3e3d-4899-b477-340ed03ed9e5/workspace/projects/new_project_name_346915/ai_new_project_name_346915.json,None is not of type 'string'
/home/hemduttdabral/Downloads/proj-api-volume-dump/625ad8f2-3e3d-4899-b477-340ed03ed9e5/workspace/projects/new_project_name_346915/ai_new_project_name_346915.json,None is not of type 'array'
/home/hemduttdabral/Downloads/proj-api-volume-dump/625ad8f2-3e3d-4899-b477-340ed03ed9e5/workspace/projects/new_project_name_603315/ai_new_project_name_603315.json,None is not of type 'string'
/home/hemduttdabral/Downloads/proj-api-volume-dump/625ad8f2-3e3d-4899-b477-340ed03ed9e5/workspace/projects/new_project_name_603315/ai_new_project_name_603315.json,None is not of type 'string'
/home/hemduttdabral/Downloads/proj-api-volume-dump/625ad8f2-3e3d-4899-b477-340ed03ed9e5/workspace/projects/new_project_name_603315/ai_new_project_name_603315.json,None is not of type 'array'
/home/hemduttdabral/Downloads/proj-api-volume-dump/625ad8f2-3e3d-4899-b477-340ed03ed9e5/workspace/projects/new_project_name_774807/ai_new_project_name_774807.json,None is not of type 'string'
/home/hemduttdabral/Downloads/proj-api-volume-dump/625ad8f2-3e3d-4899-b477-340ed03ed9e5/workspace/projects/new_project_name_774807/ai_new_project_name_774807.json,None is not of type 'array'
/home/hemduttdabral/Downloads/proj-api-volume-dump/625ad8f2-3e3d-4899-b477-340ed03ed9e5/workspace/projects/new_project_name_430558/ai_new_project_name_430558.json,None is not of type 'string'
/home/hemduttdabral/Downloads/proj-api-volume-dump/625ad8f2-3e3d-4899-b477-340ed03ed9e5/workspace/projects/new_project_name_430558/ai_new_project_name_430558.json,None is not of type 'string'
/home/hemduttdabral/Downloads/proj-api-volume-dump/625ad8f2-3e3d-4899-b477-340ed03ed9e5/workspace/projects/new_project_name_430558/ai_new_project_name_430558.json,None is not of type 'array'
/home/hemduttdabral/Downloads/proj-api-volume-dump/625ad8f2-3e3d-4899-b477-340ed03ed9e5/workspace/projects/test_project_name_243005/ai_test_project_name_243005.json,None is not of type 'string'
/home/hemduttdabral/Downloads/proj-api-volume-dump/625ad8f2-3e3d-4899-b477-340ed03ed9e5/workspace/projects/test_project_name_243005/ai_test_project_name_243005.json,None is not of type 'string'
/home/hemduttdabral/Downloads/proj-api-volume-dump/625ad8f2-3e3d-4899-b477-340ed03ed9e5/workspace/projects/test_project_name_243005/ai_test_project_name_243005.json,None is not of type 'array'
/home/hemduttdabral/Downloads/proj-api-volume-dump/625ad8f2-3e3d-4899-b477-340ed03ed9e5/workspace/projects/new_project_name_163615/ai_new_project_name_163615.json,None is not of type 'string'
/home/hemduttdabral/Downloads/proj-api-volume-dump/625ad8f2-3e3d-4899-b477-340ed03ed9e5/workspace/projects/new_project_name_163615/ai_new_project_name_163615.json,None is not of type 'array'
/home/hemduttdabral/Downloads/proj-api-volume-dump/625ad8f2-3e3d-4899-b477-340ed03ed9e5/workspace/projects/new_project_name_866791/ai_new_project_name_866791.json,None is not of type 'string'
/home/hemduttdabral/Downloads/proj-api-volume-dump/625ad8f2-3e3d-4899-b477-340ed03ed9e5/workspace/projects/new_project_name_866791/ai_new_project_name_866791.json,None is not of type 'array'
/home/hemduttdabral/Downloads/proj-api-volume-dump/625ad8f2-3e3d-4899-b477-340ed03ed9e5/workspace/projects/test_project_name_348640/ai_test_project_name_348640.json,None is not of type 'string'
/home/hemduttdabral/Downloads/proj-api-volume-dump/625ad8f2-3e3d-4899-b477-340ed03ed9e5/workspace/projects/test_project_name_348640/ai_test_project_name_348640.json,None is not of type 'string'
/home/hemduttdabral/Downloads/proj-api-volume-dump/625ad8f2-3e3d-4899-b477-340ed03ed9e5/workspace/projects/test_project_name_348640/ai_test_project_name_348640.json,None is not of type 'array'
/home/hemduttdabral/Downloads/proj-api-volume-dump/625ad8f2-3e3d-4899-b477-340ed03ed9e5/workspace/projects/test_project_name_800815/ai_test_project_name_800815.json,None is not of type 'string'
/home/hemduttdabral/Downloads/proj-api-volume-dump/625ad8f2-3e3d-4899-b477-340ed03ed9e5/workspace/projects/test_project_name_800815/ai_test_project_name_800815.json,None is not of type 'string'
/home/hemduttdabral/Downloads/proj-api-volume-dump/625ad8f2-3e3d-4899-b477-340ed03ed9e5/workspace/projects/test_project_name_800815/ai_test_project_name_800815.json,None is not of type 'array'
/home/hemduttdabral/Downloads/proj-api-volume-dump/625ad8f2-3e3d-4899-b477-340ed03ed9e5/workspace/projects/new_project_name_876805/ai_new_project_name_876805.json,None is not of type 'string'
/home/hemduttdabral/Downloads/proj-api-volume-dump/625ad8f2-3e3d-4899-b477-340ed03ed9e5/workspace/projects/new_project_name_876805/ai_new_project_name_876805.json,None is not of type 'string'
/home/hemduttdabral/Downloads/proj-api-volume-dump/625ad8f2-3e3d-4899-b477-340ed03ed9e5/workspace/projects/new_project_name_876805/ai_new_project_name_876805.json,None is not of type 'array'
/home/hemduttdabral/Downloads/proj-api-volume-dump/625ad8f2-3e3d-4899-b477-340ed03ed9e5/workspace/projects/test_project_name_759612/ai_test_project_name_759612.json,None is not of type 'string'
/home/hemduttdabral/Downloads/proj-api-volume-dump/625ad8f2-3e3d-4899-b477-340ed03ed9e5/workspace/projects/test_project_name_759612/ai_test_project_name_759612.json,None is not of type 'string'
/home/hemduttdabral/Downloads/proj-api-volume-dump/625ad8f2-3e3d-4899-b477-340ed03ed9e5/workspace/projects/test_project_name_759612/ai_test_project_name_759612.json,None is not of type 'array'
/home/hemduttdabral/Downloads/proj-api-volume-dump/625ad8f2-3e3d-4899-b477-340ed03ed9e5/workspace/projects/new_project_name_380139/ai_new_project_name_380139.json,None is not of type 'string'
/home/hemduttdabral/Downloads/proj-api-volume-dump/625ad8f2-3e3d-4899-b477-340ed03ed9e5/workspace/projects/new_project_name_380139/ai_new_project_name_380139.json,None is not of type 'string'
/home/hemduttdabral/Downloads/proj-api-volume-dump/625ad8f2-3e3d-4899-b477-340ed03ed9e5/workspace/projects/new_project_name_380139/ai_new_project_name_380139.json,None is not of type 'array'
/home/hemduttdabral/Downloads/proj-api-volume-dump/625ad8f2-3e3d-4899-b477-340ed03ed9e5/workspace/projects/new_project_name_875669/ai_new_project_name_875669.json,None is not of type 'string'
/home/hemduttdabral/Downloads/proj-api-volume-dump/625ad8f2-3e3d-4899-b477-340ed03ed9e5/workspace/projects/new_project_name_875669/ai_new_project_name_875669.json,None is not of type 'array'
/home/hemduttdabral/Downloads/proj-api-volume-dump/625ad8f2-3e3d-4899-b477-340ed03ed9e5/workspace/projects/test_project_name_645112/ai_test_project_name_645112.json,None is not of type 'string'
/home/hemduttdabral/Downloads/proj-api-volume-dump/625ad8f2-3e3d-4899-b477-340ed03ed9e5/workspace/projects/test_project_name_645112/ai_test_project_name_645112.json,None is not of type 'string'
/home/hemduttdabral/Downloads/proj-api-volume-dump/625ad8f2-3e3d-4899-b477-340ed03ed9e5/workspace/projects/test_project_name_645112/ai_test_project_name_645112.json,None is not of type 'array'
/home/hemduttdabral/Downloads/proj-api-volume-dump/625ad8f2-3e3d-4899-b477-340ed03ed9e5/workspace/projects/new_project_name_708900/ai_new_project_name_708900.json,None is not of type 'string'
/home/hemduttdabral/Downloads/proj-api-volume-dump/625ad8f2-3e3d-4899-b477-340ed03ed9e5/workspace/projects/new_project_name_708900/ai_new_project_name_708900.json,None is not of type 'array'
/home/hemduttdabral/Downloads/proj-api-volume-dump/625ad8f2-3e3d-4899-b477-340ed03ed9e5/workspace/projects/new_project_name_773073/ai_new_project_name_773073.json,None is not of type 'string'
/home/hemduttdabral/Downloads/proj-api-volume-dump/625ad8f2-3e3d-4899-b477-340ed03ed9e5/workspace/projects/new_project_name_773073/ai_new_project_name_773073.json,None is not of type 'array'
/home/hemduttdabral/Downloads/proj-api-volume-dump/625ad8f2-3e3d-4899-b477-340ed03ed9e5/workspace/projects/new_project_name_575134/ai_new_project_name_575134.json,None is not of type 'string'
/home/hemduttdabral/Downloads/proj-api-volume-dump/625ad8f2-3e3d-4899-b477-340ed03ed9e5/workspace/projects/new_project_name_575134/ai_new_project_name_575134.json,None is not of type 'string'
/home/hemduttdabral/Downloads/proj-api-volume-dump/625ad8f2-3e3d-4899-b477-340ed03ed9e5/workspace/projects/new_project_name_575134/ai_new_project_name_575134.json,None is not of type 'array'
/home/hemduttdabral/Downloads/proj-api-volume-dump/625ad8f2-3e3d-4899-b477-340ed03ed9e5/workspace/projects/test_project_name_928249/ai_test_project_name_928249.json,None is not of type 'string'
/home/hemduttdabral/Downloads/proj-api-volume-dump/625ad8f2-3e3d-4899-b477-340ed03ed9e5/workspace/projects/test_project_name_928249/ai_test_project_name_928249.json,None is not of type 'string'
/home/hemduttdabral/Downloads/proj-api-volume-dump/625ad8f2-3e3d-4899-b477-340ed03ed9e5/workspace/projects/test_project_name_928249/ai_test_project_name_928249.json,None is not of type 'array'
/home/hemduttdabral/Downloads/proj-api-volume-dump/625ad8f2-3e3d-4899-b477-340ed03ed9e5/workspace/projects/new_project_name_715473/ai_new_project_name_715473.json,None is not of type 'string'
/home/hemduttdabral/Downloads/proj-api-volume-dump/625ad8f2-3e3d-4899-b477-340ed03ed9e5/workspace/projects/new_project_name_715473/ai_new_project_name_715473.json,None is not of type 'string'
/home/hemduttdabral/Downloads/proj-api-volume-dump/625ad8f2-3e3d-4899-b477-340ed03ed9e5/workspace/projects/new_project_name_715473/ai_new_project_name_715473.json,None is not of type 'array'
/home/hemduttdabral/Downloads/proj-api-volume-dump/625ad8f2-3e3d-4899-b477-340ed03ed9e5/workspace/projects/test_project_name_877182/ai_test_project_name_877182.json,None is not of type 'string'
/home/hemduttdabral/Downloads/proj-api-volume-dump/625ad8f2-3e3d-4899-b477-340ed03ed9e5/workspace/projects/test_project_name_877182/ai_test_project_name_877182.json,None is not of type 'string'
/home/hemduttdabral/Downloads/proj-api-volume-dump/625ad8f2-3e3d-4899-b477-340ed03ed9e5/workspace/projects/test_project_name_877182/ai_test_project_name_877182.json,None is not of type 'array'
/home/hemduttdabral/Downloads/proj-api-volume-dump/625ad8f2-3e3d-4899-b477-340ed03ed9e5/workspace/projects/new_project_name_648688/ai_new_project_name_648688.json,None is not of type 'string'
/home/hemduttdabral/Downloads/proj-api-volume-dump/625ad8f2-3e3d-4899-b477-340ed03ed9e5/workspace/projects/new_project_name_648688/ai_new_project_name_648688.json,None is not of type 'string'
/home/hemduttdabral/Downloads/proj-api-volume-dump/625ad8f2-3e3d-4899-b477-340ed03ed9e5/workspace/projects/new_project_name_648688/ai_new_project_name_648688.json,None is not of type 'array'
/home/hemduttdabral/Downloads/proj-api-volume-dump/625ad8f2-3e3d-4899-b477-340ed03ed9e5/workspace/projects/new_project_name_117368/ai_new_project_name_117368.json,None is not of type 'string'
/home/hemduttdabral/Downloads/proj-api-volume-dump/625ad8f2-3e3d-4899-b477-340ed03ed9e5/workspace/projects/new_project_name_117368/ai_new_project_name_117368.json,None is not of type 'array'
/home/hemduttdabral/Downloads/proj-api-volume-dump/625ad8f2-3e3d-4899-b477-340ed03ed9e5/workspace/projects/test_project_name_770697/ai_test_project_name_770697.json,None is not of type 'string'
/home/hemduttdabral/Downloads/proj-api-volume-dump/625ad8f2-3e3d-4899-b477-340ed03ed9e5/workspace/projects/test_project_name_770697/ai_test_project_name_770697.json,None is not of type 'string'
/home/hemduttdabral/Downloads/proj-api-volume-dump/625ad8f2-3e3d-4899-b477-340ed03ed9e5/workspace/projects/test_project_name_770697/ai_test_project_name_770697.json,None is not of type 'array'
/home/hemduttdabral/Downloads/proj-api-volume-dump/625ad8f2-3e3d-4899-b477-340ed03ed9e5/workspace/projects/new_project_name_136441/ai_new_project_name_136441.json,None is not of type 'string'
/home/hemduttdabral/Downloads/proj-api-volume-dump/625ad8f2-3e3d-4899-b477-340ed03ed9e5/workspace/projects/new_project_name_136441/ai_new_project_name_136441.json,None is not of type 'string'
/home/hemduttdabral/Downloads/proj-api-volume-dump/625ad8f2-3e3d-4899-b477-340ed03ed9e5/workspace/projects/new_project_name_136441/ai_new_project_name_136441.json,None is not of type 'array'
/home/hemduttdabral/Downloads/proj-api-volume-dump/625ad8f2-3e3d-4899-b477-340ed03ed9e5/workspace/projects/new_project_name_650228/ai_new_project_name_650228.json,None is not of type 'string'
/home/hemduttdabral/Downloads/proj-api-volume-dump/625ad8f2-3e3d-4899-b477-340ed03ed9e5/workspace/projects/new_project_name_650228/ai_new_project_name_650228.json,None is not of type 'string'
/home/hemduttdabral/Downloads/proj-api-volume-dump/625ad8f2-3e3d-4899-b477-340ed03ed9e5/workspace/projects/new_project_name_650228/ai_new_project_name_650228.json,None is not of type 'array'
/home/hemduttdabral/Downloads/proj-api-volume-dump/625ad8f2-3e3d-4899-b477-340ed03ed9e5/workspace/projects/test_project_name_844982/ai_test_project_name_844982.json,None is not of type 'string'
/home/hemduttdabral/Downloads/proj-api-volume-dump/625ad8f2-3e3d-4899-b477-340ed03ed9e5/workspace/projects/test_project_name_844982/ai_test_project_name_844982.json,None is not of type 'string'
/home/hemduttdabral/Downloads/proj-api-volume-dump/625ad8f2-3e3d-4899-b477-340ed03ed9e5/workspace/projects/test_project_name_844982/ai_test_project_name_844982.json,None is not of type 'array'
/home/hemduttdabral/Downloads/proj-api-volume-dump/625ad8f2-3e3d-4899-b477-340ed03ed9e5/workspace/projects/new_project_name_664224/ai_new_project_name_664224.json,None is not of type 'string'
/home/hemduttdabral/Downloads/proj-api-volume-dump/625ad8f2-3e3d-4899-b477-340ed03ed9e5/workspace/projects/new_project_name_664224/ai_new_project_name_664224.json,None is not of type 'string'
/home/hemduttdabral/Downloads/proj-api-volume-dump/625ad8f2-3e3d-4899-b477-340ed03ed9e5/workspace/projects/new_project_name_664224/ai_new_project_name_664224.json,None is not of type 'array'
/home/hemduttdabral/Downloads/proj-api-volume-dump/625ad8f2-3e3d-4899-b477-340ed03ed9e5/workspace/projects/test_project_name_741777/ai_test_project_name_741777.json,None is not of type 'string'
/home/hemduttdabral/Downloads/proj-api-volume-dump/625ad8f2-3e3d-4899-b477-340ed03ed9e5/workspace/projects/test_project_name_741777/ai_test_project_name_741777.json,None is not of type 'string'
/home/hemduttdabral/Downloads/proj-api-volume-dump/625ad8f2-3e3d-4899-b477-340ed03ed9e5/workspace/projects/test_project_name_741777/ai_test_project_name_741777.json,None is not of type 'array'
/home/hemduttdabral/Downloads/proj-api-volume-dump/625ad8f2-3e3d-4899-b477-340ed03ed9e5/workspace/projects/test_project_name_932415/ai_test_project_name_932415.json,None is not of type 'string'
/home/hemduttdabral/Downloads/proj-api-volume-dump/625ad8f2-3e3d-4899-b477-340ed03ed9e5/workspace/projects/test_project_name_932415/ai_test_project_name_932415.json,None is not of type 'string'
/home/hemduttdabral/Downloads/proj-api-volume-dump/625ad8f2-3e3d-4899-b477-340ed03ed9e5/workspace/projects/test_project_name_932415/ai_test_project_name_932415.json,None is not of type 'array'
/home/hemduttdabral/Downloads/proj-api-volume-dump/625ad8f2-3e3d-4899-b477-340ed03ed9e5/workspace/projects/new_project_name_895909/ai_new_project_name_895909.json,None is not of type 'string'
/home/hemduttdabral/Downloads/proj-api-volume-dump/625ad8f2-3e3d-4899-b477-340ed03ed9e5/workspace/projects/new_project_name_895909/ai_new_project_name_895909.json,None is not of type 'string'
/home/hemduttdabral/Downloads/proj-api-volume-dump/625ad8f2-3e3d-4899-b477-340ed03ed9e5/workspace/projects/new_project_name_895909/ai_new_project_name_895909.json,None is not of type 'array'
/home/hemduttdabral/Downloads/proj-api-volume-dump/625ad8f2-3e3d-4899-b477-340ed03ed9e5/workspace/projects/test_project_name_572775/ai_test_project_name_572775.json,None is not of type 'string'
/home/hemduttdabral/Downloads/proj-api-volume-dump/625ad8f2-3e3d-4899-b477-340ed03ed9e5/workspace/projects/test_project_name_572775/ai_test_project_name_572775.json,None is not of type 'string'
/home/hemduttdabral/Downloads/proj-api-volume-dump/625ad8f2-3e3d-4899-b477-340ed03ed9e5/workspace/projects/test_project_name_572775/ai_test_project_name_572775.json,None is not of type 'array'
/home/hemduttdabral/Downloads/proj-api-volume-dump/625ad8f2-3e3d-4899-b477-340ed03ed9e5/workspace/projects/test_project_name_275936/ai_test_project_name_275936.json,None is not of type 'string'
/home/hemduttdabral/Downloads/proj-api-volume-dump/625ad8f2-3e3d-4899-b477-340ed03ed9e5/workspace/projects/test_project_name_275936/ai_test_project_name_275936.json,None is not of type 'string'
/home/hemduttdabral/Downloads/proj-api-volume-dump/625ad8f2-3e3d-4899-b477-340ed03ed9e5/workspace/projects/test_project_name_275936/ai_test_project_name_275936.json,None is not of type 'array'
/home/hemduttdabral/Downloads/proj-api-volume-dump/625ad8f2-3e3d-4899-b477-340ed03ed9e5/workspace/projects/test_project_name_383609/ai_test_project_name_383609.json,None is not of type 'string'
/home/hemduttdabral/Downloads/proj-api-volume-dump/625ad8f2-3e3d-4899-b477-340ed03ed9e5/workspace/projects/test_project_name_383609/ai_test_project_name_383609.json,None is not of type 'string'
/home/hemduttdabral/Downloads/proj-api-volume-dump/625ad8f2-3e3d-4899-b477-340ed03ed9e5/workspace/projects/test_project_name_383609/ai_test_project_name_383609.json,None is not of type 'array'
/home/hemduttdabral/Downloads/proj-api-volume-dump/625ad8f2-3e3d-4899-b477-340ed03ed9e5/workspace/projects/new_project_name_144127/ai_new_project_name_144127.json,None is not of type 'string'
/home/hemduttdabral/Downloads/proj-api-volume-dump/625ad8f2-3e3d-4899-b477-340ed03ed9e5/workspace/projects/new_project_name_144127/ai_new_project_name_144127.json,None is not of type 'string'
/home/hemduttdabral/Downloads/proj-api-volume-dump/625ad8f2-3e3d-4899-b477-340ed03ed9e5/workspace/projects/new_project_name_144127/ai_new_project_name_144127.json,None is not of type 'array'
/home/hemduttdabral/Downloads/proj-api-volume-dump/625ad8f2-3e3d-4899-b477-340ed03ed9e5/workspace/projects/new_project_name_558154/ai_new_project_name_558154.json,None is not of type 'string'
/home/hemduttdabral/Downloads/proj-api-volume-dump/625ad8f2-3e3d-4899-b477-340ed03ed9e5/workspace/projects/new_project_name_558154/ai_new_project_name_558154.json,None is not of type 'string'
/home/hemduttdabral/Downloads/proj-api-volume-dump/625ad8f2-3e3d-4899-b477-340ed03ed9e5/workspace/projects/new_project_name_558154/ai_new_project_name_558154.json,None is not of type 'array'
/home/hemduttdabral/Downloads/proj-api-volume-dump/625ad8f2-3e3d-4899-b477-340ed03ed9e5/workspace/projects/test_project_name_848316/ai_test_project_name_848316.json,None is not of type 'string'
/home/hemduttdabral/Downloads/proj-api-volume-dump/625ad8f2-3e3d-4899-b477-340ed03ed9e5/workspace/projects/test_project_name_848316/ai_test_project_name_848316.json,None is not of type 'string'
/home/hemduttdabral/Downloads/proj-api-volume-dump/625ad8f2-3e3d-4899-b477-340ed03ed9e5/workspace/projects/test_project_name_848316/ai_test_project_name_848316.json,None is not of type 'array'
/home/hemduttdabral/Downloads/proj-api-volume-dump/625ad8f2-3e3d-4899-b477-340ed03ed9e5/workspace/projects/test_project_name_289868/ai_test_project_name_289868.json,None is not of type 'string'
/home/hemduttdabral/Downloads/proj-api-volume-dump/625ad8f2-3e3d-4899-b477-340ed03ed9e5/workspace/projects/test_project_name_289868/ai_test_project_name_289868.json,None is not of type 'string'
/home/hemduttdabral/Downloads/proj-api-volume-dump/625ad8f2-3e3d-4899-b477-340ed03ed9e5/workspace/projects/test_project_name_289868/ai_test_project_name_289868.json,None is not of type 'array'
/home/hemduttdabral/Downloads/proj-api-volume-dump/625ad8f2-3e3d-4899-b477-340ed03ed9e5/workspace/projects/test_project_name_332444/ai_test_project_name_332444.json,None is not of type 'string'
/home/hemduttdabral/Downloads/proj-api-volume-dump/625ad8f2-3e3d-4899-b477-340ed03ed9e5/workspace/projects/test_project_name_332444/ai_test_project_name_332444.json,None is not of type 'string'
/home/hemduttdabral/Downloads/proj-api-volume-dump/625ad8f2-3e3d-4899-b477-340ed03ed9e5/workspace/projects/test_project_name_332444/ai_test_project_name_332444.json,None is not of type 'array'
/home/hemduttdabral/Downloads/proj-api-volume-dump/625ad8f2-3e3d-4899-b477-340ed03ed9e5/workspace/projects/new_project_name_476279/ai_new_project_name_476279.json,None is not of type 'string'
/home/hemduttdabral/Downloads/proj-api-volume-dump/625ad8f2-3e3d-4899-b477-340ed03ed9e5/workspace/projects/new_project_name_476279/ai_new_project_name_476279.json,None is not of type 'array'
/home/hemduttdabral/Downloads/proj-api-volume-dump/625ad8f2-3e3d-4899-b477-340ed03ed9e5/workspace/projects/new_project_name_606084/ai_new_project_name_606084.json,None is not of type 'string'
/home/hemduttdabral/Downloads/proj-api-volume-dump/625ad8f2-3e3d-4899-b477-340ed03ed9e5/workspace/projects/new_project_name_606084/ai_new_project_name_606084.json,None is not of type 'string'
/home/hemduttdabral/Downloads/proj-api-volume-dump/625ad8f2-3e3d-4899-b477-340ed03ed9e5/workspace/projects/new_project_name_606084/ai_new_project_name_606084.json,None is not of type 'array'
/home/hemduttdabral/Downloads/proj-api-volume-dump/625ad8f2-3e3d-4899-b477-340ed03ed9e5/workspace/projects/test_project_name_270339/ai_test_project_name_270339.json,None is not of type 'string'
/home/hemduttdabral/Downloads/proj-api-volume-dump/625ad8f2-3e3d-4899-b477-340ed03ed9e5/workspace/projects/test_project_name_270339/ai_test_project_name_270339.json,None is not of type 'string'
/home/hemduttdabral/Downloads/proj-api-volume-dump/625ad8f2-3e3d-4899-b477-340ed03ed9e5/workspace/projects/test_project_name_270339/ai_test_project_name_270339.json,None is not of type 'array'
/home/hemduttdabral/Downloads/proj-api-volume-dump/625ad8f2-3e3d-4899-b477-340ed03ed9e5/workspace/projects/new_project_name_661811/ai_new_project_name_661811.json,None is not of type 'string'
/home/hemduttdabral/Downloads/proj-api-volume-dump/625ad8f2-3e3d-4899-b477-340ed03ed9e5/workspace/projects/new_project_name_661811/ai_new_project_name_661811.json,None is not of type 'string'
/home/hemduttdabral/Downloads/proj-api-volume-dump/625ad8f2-3e3d-4899-b477-340ed03ed9e5/workspace/projects/new_project_name_661811/ai_new_project_name_661811.json,None is not of type 'array'
/home/hemduttdabral/Downloads/proj-api-volume-dump/625ad8f2-3e3d-4899-b477-340ed03ed9e5/workspace/projects/test_project_name_106324/ai_test_project_name_106324.json,None is not of type 'string'
/home/hemduttdabral/Downloads/proj-api-volume-dump/625ad8f2-3e3d-4899-b477-340ed03ed9e5/workspace/projects/test_project_name_106324/ai_test_project_name_106324.json,None is not of type 'string'
/home/hemduttdabral/Downloads/proj-api-volume-dump/625ad8f2-3e3d-4899-b477-340ed03ed9e5/workspace/projects/test_project_name_106324/ai_test_project_name_106324.json,None is not of type 'array'
/home/hemduttdabral/Downloads/proj-api-volume-dump/625ad8f2-3e3d-4899-b477-340ed03ed9e5/workspace/projects/new_project_name_121622/ai_new_project_name_121622.json,None is not of type 'string'
/home/hemduttdabral/Downloads/proj-api-volume-dump/625ad8f2-3e3d-4899-b477-340ed03ed9e5/workspace/projects/new_project_name_121622/ai_new_project_name_121622.json,None is not of type 'string'
/home/hemduttdabral/Downloads/proj-api-volume-dump/625ad8f2-3e3d-4899-b477-340ed03ed9e5/workspace/projects/new_project_name_121622/ai_new_project_name_121622.json,None is not of type 'array'
/home/hemduttdabral/Downloads/proj-api-volume-dump/625ad8f2-3e3d-4899-b477-340ed03ed9e5/workspace/projects/test_project_name_708557/ai_test_project_name_708557.json,None is not of type 'string'
/home/hemduttdabral/Downloads/proj-api-volume-dump/625ad8f2-3e3d-4899-b477-340ed03ed9e5/workspace/projects/test_project_name_708557/ai_test_project_name_708557.json,None is not of type 'string'
/home/hemduttdabral/Downloads/proj-api-volume-dump/625ad8f2-3e3d-4899-b477-340ed03ed9e5/workspace/projects/test_project_name_708557/ai_test_project_name_708557.json,None is not of type 'array'
/home/hemduttdabral/Downloads/proj-api-volume-dump/625ad8f2-3e3d-4899-b477-340ed03ed9e5/workspace/projects/new_project_name_934475/ai_new_project_name_934475.json,None is not of type 'string'
/home/hemduttdabral/Downloads/proj-api-volume-dump/625ad8f2-3e3d-4899-b477-340ed03ed9e5/workspace/projects/new_project_name_934475/ai_new_project_name_934475.json,None is not of type 'array'
/home/hemduttdabral/Downloads/proj-api-volume-dump/625ad8f2-3e3d-4899-b477-340ed03ed9e5/workspace/projects/new_project_name_619357/ai_new_project_name_619357.json,None is not of type 'string'
/home/hemduttdabral/Downloads/proj-api-volume-dump/625ad8f2-3e3d-4899-b477-340ed03ed9e5/workspace/projects/new_project_name_619357/ai_new_project_name_619357.json,None is not of type 'array'
/home/hemduttdabral/Downloads/proj-api-volume-dump/625ad8f2-3e3d-4899-b477-340ed03ed9e5/workspace/projects/test_project_name_808305/ai_test_project_name_808305.json,None is not of type 'string'
/home/hemduttdabral/Downloads/proj-api-volume-dump/625ad8f2-3e3d-4899-b477-340ed03ed9e5/workspace/projects/test_project_name_808305/ai_test_project_name_808305.json,None is not of type 'string'
/home/hemduttdabral/Downloads/proj-api-volume-dump/625ad8f2-3e3d-4899-b477-340ed03ed9e5/workspace/projects/test_project_name_808305/ai_test_project_name_808305.json,None is not of type 'array'
/home/hemduttdabral/Downloads/proj-api-volume-dump/625ad8f2-3e3d-4899-b477-340ed03ed9e5/workspace/projects/test_project_name_532425/ai_test_project_name_532425.json,None is not of type 'string'
/home/hemduttdabral/Downloads/proj-api-volume-dump/625ad8f2-3e3d-4899-b477-340ed03ed9e5/workspace/projects/test_project_name_532425/ai_test_project_name_532425.json,None is not of type 'string'
/home/hemduttdabral/Downloads/proj-api-volume-dump/625ad8f2-3e3d-4899-b477-340ed03ed9e5/workspace/projects/test_project_name_532425/ai_test_project_name_532425.json,None is not of type 'array'
/home/hemduttdabral/Downloads/proj-api-volume-dump/625ad8f2-3e3d-4899-b477-340ed03ed9e5/workspace/projects/test_project_name_657845/ai_test_project_name_657845.json,None is not of type 'string'
/home/hemduttdabral/Downloads/proj-api-volume-dump/625ad8f2-3e3d-4899-b477-340ed03ed9e5/workspace/projects/test_project_name_657845/ai_test_project_name_657845.json,None is not of type 'string'
/home/hemduttdabral/Downloads/proj-api-volume-dump/625ad8f2-3e3d-4899-b477-340ed03ed9e5/workspace/projects/test_project_name_657845/ai_test_project_name_657845.json,None is not of type 'array'
/home/hemduttdabral/Downloads/proj-api-volume-dump/625ad8f2-3e3d-4899-b477-340ed03ed9e5/workspace/projects/test_project_name_748036/ai_test_project_name_748036.json,None is not of type 'string'
/home/hemduttdabral/Downloads/proj-api-volume-dump/625ad8f2-3e3d-4899-b477-340ed03ed9e5/workspace/projects/test_project_name_748036/ai_test_project_name_748036.json,None is not of type 'string'
/home/hemduttdabral/Downloads/proj-api-volume-dump/625ad8f2-3e3d-4899-b477-340ed03ed9e5/workspace/projects/test_project_name_748036/ai_test_project_name_748036.json,None is not of type 'array'
/home/hemduttdabral/Downloads/proj-api-volume-dump/625ad8f2-3e3d-4899-b477-340ed03ed9e5/workspace/projects/test_project_name_688356/ai_test_project_name_688356.json,None is not of type 'string'
/home/hemduttdabral/Downloads/proj-api-volume-dump/625ad8f2-3e3d-4899-b477-340ed03ed9e5/workspace/projects/test_project_name_688356/ai_test_project_name_688356.json,None is not of type 'string'
/home/hemduttdabral/Downloads/proj-api-volume-dump/625ad8f2-3e3d-4899-b477-340ed03ed9e5/workspace/projects/test_project_name_688356/ai_test_project_name_688356.json,None is not of type 'array'
/home/hemduttdabral/Downloads/proj-api-volume-dump/625ad8f2-3e3d-4899-b477-340ed03ed9e5/workspace/projects/new_project_name_301615/ai_new_project_name_301615.json,None is not of type 'string'
/home/hemduttdabral/Downloads/proj-api-volume-dump/625ad8f2-3e3d-4899-b477-340ed03ed9e5/workspace/projects/new_project_name_301615/ai_new_project_name_301615.json,None is not of type 'string'
/home/hemduttdabral/Downloads/proj-api-volume-dump/625ad8f2-3e3d-4899-b477-340ed03ed9e5/workspace/projects/new_project_name_301615/ai_new_project_name_301615.json,None is not of type 'array'
/home/hemduttdabral/Downloads/proj-api-volume-dump/625ad8f2-3e3d-4899-b477-340ed03ed9e5/workspace/projects/new_project_name_680325/ai_new_project_name_680325.json,None is not of type 'string'
/home/hemduttdabral/Downloads/proj-api-volume-dump/625ad8f2-3e3d-4899-b477-340ed03ed9e5/workspace/projects/new_project_name_680325/ai_new_project_name_680325.json,None is not of type 'string'
/home/hemduttdabral/Downloads/proj-api-volume-dump/625ad8f2-3e3d-4899-b477-340ed03ed9e5/workspace/projects/new_project_name_680325/ai_new_project_name_680325.json,None is not of type 'array'
/home/hemduttdabral/Downloads/proj-api-volume-dump/625ad8f2-3e3d-4899-b477-340ed03ed9e5/workspace/projects/new_project_name_132598/ai_new_project_name_132598.json,None is not of type 'string'
/home/hemduttdabral/Downloads/proj-api-volume-dump/625ad8f2-3e3d-4899-b477-340ed03ed9e5/workspace/projects/new_project_name_132598/ai_new_project_name_132598.json,None is not of type 'string'
/home/hemduttdabral/Downloads/proj-api-volume-dump/625ad8f2-3e3d-4899-b477-340ed03ed9e5/workspace/projects/new_project_name_132598/ai_new_project_name_132598.json,None is not of type 'array'
/home/hemduttdabral/Downloads/proj-api-volume-dump/625ad8f2-3e3d-4899-b477-340ed03ed9e5/workspace/projects/test_project_name_577373/ai_test_project_name_577373.json,None is not of type 'string'
/home/hemduttdabral/Downloads/proj-api-volume-dump/625ad8f2-3e3d-4899-b477-340ed03ed9e5/workspace/projects/test_project_name_577373/ai_test_project_name_577373.json,None is not of type 'string'
/home/hemduttdabral/Downloads/proj-api-volume-dump/625ad8f2-3e3d-4899-b477-340ed03ed9e5/workspace/projects/test_project_name_577373/ai_test_project_name_577373.json,None is not of type 'array'
/home/hemduttdabral/Downloads/proj-api-volume-dump/625ad8f2-3e3d-4899-b477-340ed03ed9e5/workspace/projects/new_project_name_846686/ai_new_project_name_846686.json,None is not of type 'string'
/home/hemduttdabral/Downloads/proj-api-volume-dump/625ad8f2-3e3d-4899-b477-340ed03ed9e5/workspace/projects/new_project_name_846686/ai_new_project_name_846686.json,None is not of type 'string'
/home/hemduttdabral/Downloads/proj-api-volume-dump/625ad8f2-3e3d-4899-b477-340ed03ed9e5/workspace/projects/new_project_name_846686/ai_new_project_name_846686.json,None is not of type 'array'
/home/hemduttdabral/Downloads/proj-api-volume-dump/625ad8f2-3e3d-4899-b477-340ed03ed9e5/workspace/projects/new_project_name_167563/ai_new_project_name_167563.json,None is not of type 'string'
/home/hemduttdabral/Downloads/proj-api-volume-dump/625ad8f2-3e3d-4899-b477-340ed03ed9e5/workspace/projects/new_project_name_167563/ai_new_project_name_167563.json,None is not of type 'string'
/home/hemduttdabral/Downloads/proj-api-volume-dump/625ad8f2-3e3d-4899-b477-340ed03ed9e5/workspace/projects/new_project_name_167563/ai_new_project_name_167563.json,None is not of type 'array'
/home/hemduttdabral/Downloads/proj-api-volume-dump/625ad8f2-3e3d-4899-b477-340ed03ed9e5/workspace/projects/new_project_name_868309/ai_new_project_name_868309.json,None is not of type 'string'
/home/hemduttdabral/Downloads/proj-api-volume-dump/625ad8f2-3e3d-4899-b477-340ed03ed9e5/workspace/projects/new_project_name_868309/ai_new_project_name_868309.json,None is not of type 'string'
/home/hemduttdabral/Downloads/proj-api-volume-dump/625ad8f2-3e3d-4899-b477-340ed03ed9e5/workspace/projects/new_project_name_868309/ai_new_project_name_868309.json,None is not of type 'array'
/home/hemduttdabral/Downloads/proj-api-volume-dump/625ad8f2-3e3d-4899-b477-340ed03ed9e5/workspace/projects/test_project_name_239139/ai_test_project_name_239139.json,None is not of type 'string'
/home/hemduttdabral/Downloads/proj-api-volume-dump/625ad8f2-3e3d-4899-b477-340ed03ed9e5/workspace/projects/test_project_name_239139/ai_test_project_name_239139.json,None is not of type 'string'
/home/hemduttdabral/Downloads/proj-api-volume-dump/625ad8f2-3e3d-4899-b477-340ed03ed9e5/workspace/projects/test_project_name_239139/ai_test_project_name_239139.json,None is not of type 'array'
/home/hemduttdabral/Downloads/proj-api-volume-dump/625ad8f2-3e3d-4899-b477-340ed03ed9e5/workspace/projects/test_project_name_914764/ai_test_project_name_914764.json,None is not of type 'string'
/home/hemduttdabral/Downloads/proj-api-volume-dump/625ad8f2-3e3d-4899-b477-340ed03ed9e5/workspace/projects/test_project_name_914764/ai_test_project_name_914764.json,None is not of type 'string'
/home/hemduttdabral/Downloads/proj-api-volume-dump/625ad8f2-3e3d-4899-b477-340ed03ed9e5/workspace/projects/test_project_name_914764/ai_test_project_name_914764.json,None is not of type 'array'
/home/hemduttdabral/Downloads/proj-api-volume-dump/625ad8f2-3e3d-4899-b477-340ed03ed9e5/workspace/projects/new_project_name_192771/ai_new_project_name_192771.json,None is not of type 'string'
/home/hemduttdabral/Downloads/proj-api-volume-dump/625ad8f2-3e3d-4899-b477-340ed03ed9e5/workspace/projects/new_project_name_192771/ai_new_project_name_192771.json,None is not of type 'string'
/home/hemduttdabral/Downloads/proj-api-volume-dump/625ad8f2-3e3d-4899-b477-340ed03ed9e5/workspace/projects/new_project_name_192771/ai_new_project_name_192771.json,None is not of type 'array'
/home/hemduttdabral/Downloads/proj-api-volume-dump/625ad8f2-3e3d-4899-b477-340ed03ed9e5/workspace/projects/new_project_name_214273/ai_new_project_name_214273.json,None is not of type 'string'
/home/hemduttdabral/Downloads/proj-api-volume-dump/625ad8f2-3e3d-4899-b477-340ed03ed9e5/workspace/projects/new_project_name_214273/ai_new_project_name_214273.json,None is not of type 'array'
/home/hemduttdabral/Downloads/proj-api-volume-dump/625ad8f2-3e3d-4899-b477-340ed03ed9e5/workspace/projects/new_project_name_929629/ai_new_project_name_929629.json,None is not of type 'string'
/home/hemduttdabral/Downloads/proj-api-volume-dump/625ad8f2-3e3d-4899-b477-340ed03ed9e5/workspace/projects/new_project_name_929629/ai_new_project_name_929629.json,None is not of type 'string'
/home/hemduttdabral/Downloads/proj-api-volume-dump/625ad8f2-3e3d-4899-b477-340ed03ed9e5/workspace/projects/new_project_name_929629/ai_new_project_name_929629.json,None is not of type 'array'
/home/hemduttdabral/Downloads/proj-api-volume-dump/64ddc5b0-aabf-4aa3-9d21-0c89e9775641/workspace/projects/Project_name_869252/ai_Project_name_869252.json,"{'application': '0fa42be9-241d-4897-9cbe-74fc46945317', 'firmware_update': False} is not valid under any of the given schemas"
/home/hemduttdabral/Downloads/proj-api-volume-dump/64ddc5b0-aabf-4aa3-9d21-0c89e9775641/workspace/projects/Project_name_447626/ai_Project_name_447626.json,"{'application': 'c2e0980b-ea70-4df2-b22e-66aeb3d62270', 'firmware_update': False} is not valid under any of the given schemas"
/home/hemduttdabral/Downloads/proj-api-volume-dump/64ddc5b0-aabf-4aa3-9d21-0c89e9775641/workspace/projects/Project_name_528329/ai_Project_name_528329.json,"{'application': '70e147d1-828d-4a0a-b305-d69e9b068c9d', 'firmware_update': False} is not valid under any of the given schemas"
/home/hemduttdabral/Downloads/proj-api-volume-dump/fd333ee3-8195-4386-9bca-2ac54703c5f9/workspace/projects/SegmentationTest/ai_SegmentationTest.json,None is not of type 'string'
/home/hemduttdabral/Downloads/proj-api-volume-dump/fd333ee3-8195-4386-9bca-2ac54703c5f9/workspace/projects/SegmentationTest/ai_SegmentationTest.json,None is not of type 'string'
/home/hemduttdabral/Downloads/proj-api-volume-dump/d3c6ee9e-942f-467e-82f4-717e039cb1fd/workspace/projects/Project_name_758759/ai_Project_name_758759.json,"{'application': '22f4deaa-f811-4b51-bb3f-056954b972bb', 'firmware_update': False} is not valid under any of the given schemas"
/home/hemduttdabral/Downloads/proj-api-volume-dump/d2a55444-90f1-7018-9a49-b90c3a197d0b/workspace/projects/ExampleTestRun/ai_ExampleTestRun.json,None is not of type 'string'
/home/hemduttdabral/Downloads/proj-api-volume-dump/d2a55444-90f1-7018-9a49-b90c3a197d0b/workspace/projects/ExampleTestRun/ai_ExampleTestRun.json,None is not of type 'string'
/home/hemduttdabral/Downloads/proj-api-volume-dump/d2a55444-90f1-7018-9a49-b90c3a197d0b/workspace/projects/ExampleTestRun/ai_ExampleTestRun.json,None is not of type 'string'
/home/hemduttdabral/Downloads/proj-api-volume-dump/d2a55444-90f1-7018-9a49-b90c3a197d0b/workspace/projects/TestProject/ai_TestProject.json,None is not of type 'string'
/home/hemduttdabral/Downloads/proj-api-volume-dump/d2a55444-90f1-7018-9a49-b90c3a197d0b/workspace/projects/TestProject/ai_TestProject.json,None is not of type 'string'
/home/hemduttdabral/Downloads/proj-api-volume-dump/d2a55444-90f1-7018-9a49-b90c3a197d0b/workspace/projects/TestProject/ai_TestProject.json,None is not of type 'string'
/home/hemduttdabral/Downloads/proj-api-volume-dump/c3b1b792-9070-4e11-9e3a-e8c0c84b49ba/workspace/projects/Project_name_328141/ai_Project_name_328141.json,"{'application': '05436600-7a16-436c-acc9-26e33556b3ba', 'firmware_update': False} is not valid under any of the given schemas"
/home/hemduttdabral/Downloads/proj-api-volume-dump/7e0d470d-2bbf-45ab-be1a-be51eee0cb0c/workspace/projects/Project_name_637385/ai_Project_name_637385.json,"{'application': 'e9d6c7b1-cd1b-4021-b287-e812ce7d92b6', 'firmware_update': False} is not valid under any of the given schemas"
/home/hemduttdabral/Downloads/proj-api-volume-dump/7e0d470d-2bbf-45ab-be1a-be51eee0cb0c/workspace/projects/Project_name_805826/ai_Project_name_805826.json,"{'application': 'd0c5827e-65d7-452f-8cd0-4e3589d5ac07', 'firmware_update': False} is not valid under any of the given schemas"
/home/hemduttdabral/Downloads/proj-api-volume-dump/56a6b3ac-699e-4f82-9558-e8455fc57f38/workspace/projects/Project_name_496258/ai_Project_name_496258.json,"{'application': 'cd76abf1-4087-408d-b723-0a76180ea680', 'firmware_update': False} is not valid under any of the given schemas"
/home/hemduttdabral/Downloads/proj-api-volume-dump/56a6b3ac-699e-4f82-9558-e8455fc57f38/workspace/projects/Project_name_102500/ai_Project_name_102500.json,"{'application': '50506cf8-8fce-48a9-bdf8-6d07ec3f5667', 'firmware_update': False} is not valid under any of the given schemas"
/home/hemduttdabral/Downloads/proj-api-volume-dump/56a6b3ac-699e-4f82-9558-e8455fc57f38/workspace/projects/Project_name_612638/ai_Project_name_612638.json,"{'application': '3cac4369-a738-49a4-b1a8-73556959dca7', 'firmware_update': False} is not valid under any of the given schemas"
/home/hemduttdabral/Downloads/proj-api-volume-dump/5gmf0gb26eyj6zjbm5wf87qj10/workspace/projects/simpleTest/ai_simpleTest.json,None is not of type 'string'
/home/hemduttdabral/Downloads/proj-api-volume-dump/5gmf0gb26eyj6zjbm5wf87qj10/workspace/projects/simpleTest/ai_simpleTest.json,None is not of type 'string'
/home/hemduttdabral/Downloads/proj-api-volume-dump/5gmf0gb26eyj6zjbm5wf87qj10/workspace/projects/testCloneShared1/ai_testCloneShared1.json,"{'application': 'c7cf38fd-8865-42ae-ba39-6292d84e1da8', 'firmware_update': False} is not valid under any of the given schemas"
/home/hemduttdabral/Downloads/proj-api-volume-dump/5gmf0gb26eyj6zjbm5wf87qj10/workspace/projects/TestPrjShared/ai_TestPrjShared.json,None is not of type 'string'
/home/hemduttdabral/Downloads/proj-api-volume-dump/5gmf0gb26eyj6zjbm5wf87qj10/workspace/projects/TestPrjShared/ai_TestPrjShared.json,None is not of type 'string'
/home/hemduttdabral/Downloads/proj-api-volume-dump/5gmf0gb26eyj6zjbm5wf87qj10/workspace/projects/testCloneShared/ai_testCloneShared.json,"{'application': 'c7cf38fd-8865-42ae-ba39-6292d84e1da8', 'firmware_update': False} is not valid under any of the given schemas"
/home/hemduttdabral/Downloads/proj-api-volume-dump/d5e41d04-caba-4b87-a6f1-96fa9c2634af/workspace/projects/Project_name_916709/ai_Project_name_916709.json,"{'application': 'fe552581-75df-4b66-a9fd-0e0a9bc17fe9', 'firmware_update': False} is not valid under any of the given schemas"
/home/hemduttdabral/Downloads/proj-api-volume-dump/d5e41d04-caba-4b87-a6f1-96fa9c2634af/workspace/projects/Project_name_573848/ai_Project_name_573848.json,"{'application': '70186757-ff95-4c42-a6df-f7d6f80aab28', 'firmware_update': False} is not valid under any of the given schemas"
/home/hemduttdabral/Downloads/proj-api-volume-dump/d5e41d04-caba-4b87-a6f1-96fa9c2634af/workspace/projects/Project_name_83948/ai_Project_name_83948.json,"{'application': '64955269-095d-4630-b3ed-51a8542f0fa5', 'firmware_update': False} is not valid under any of the given schemas"
/home/hemduttdabral/Downloads/proj-api-volume-dump/d5e41d04-caba-4b87-a6f1-96fa9c2634af/workspace/projects/Project_name_690824/ai_Project_name_690824.json,"{'application': '78028392-8491-4102-87d1-3216841e16ce', 'firmware_update': False} is not valid under any of the given schemas"
/home/hemduttdabral/Downloads/proj-api-volume-dump/d5e41d04-caba-4b87-a6f1-96fa9c2634af/workspace/projects/Project_name_827074/ai_Project_name_827074.json,"{'application': '842aee10-d790-4a07-8893-28cdf7042cb0', 'firmware_update': False} is not valid under any of the given schemas"
/home/hemduttdabral/Downloads/proj-api-volume-dump/d4674f19-47dd-4349-8a7e-be3c1356ba79/workspace/projects/Project_name_617210/ai_Project_name_617210.json,"{'application': '6e60662d-f4a0-4901-8772-e02aeb00bb0a', 'firmware_update': False} is not valid under any of the given schemas"
/home/hemduttdabral/Downloads/proj-api-volume-dump/d4674f19-47dd-4349-8a7e-be3c1356ba79/workspace/projects/Project_name_208090/ai_Project_name_208090.json,"{'application': '410c63ad-ccfa-43e4-9891-28f100c5ab8e', 'firmware_update': False} is not valid under any of the given schemas"
/home/hemduttdabral/Downloads/proj-api-volume-dump/d4674f19-47dd-4349-8a7e-be3c1356ba79/workspace/projects/Project_name_915334/ai_Project_name_915334.json,"{'application': 'f293fe71-3ae3-41f0-bf90-e86672b958dd', 'firmware_update': False} is not valid under any of the given schemas"
/home/hemduttdabral/Downloads/proj-api-volume-dump/d4674f19-47dd-4349-8a7e-be3c1356ba79/workspace/projects/Project_name_952840/ai_Project_name_952840.json,"{'application': '7a342b7e-3fbb-4d9f-983f-4bf80ed26196', 'firmware_update': False} is not valid under any of the given schemas"
/home/hemduttdabral/Downloads/proj-api-volume-dump/5385674d-be4a-476b-bc92-234ec2a1e41a/workspace/projects/Project_name_726627/ai_Project_name_726627.json,"{'application': 'eca13c72-ea6d-4835-b56c-03bfbfe4a22c', 'firmware_update': False} is not valid under any of the given schemas"
/home/hemduttdabral/Downloads/proj-api-volume-dump/e13cc6dc-6267-46a3-a4cf-7c1adf8af243/workspace/projects/Project_name_904030/ai_Project_name_904030.json,"{'application': '28058bab-458b-4595-a13f-62ea3be0c558', 'firmware_update': False} is not valid under any of the given schemas"
/home/hemduttdabral/Downloads/proj-api-volume-dump/e13cc6dc-6267-46a3-a4cf-7c1adf8af243/workspace/projects/Project_name_496152/ai_Project_name_496152.json,"{'application': '8dbb4f53-10ff-4619-8418-6463a78c01c4', 'firmware_update': False} is not valid under any of the given schemas"
/home/hemduttdabral/Downloads/proj-api-volume-dump/e13cc6dc-6267-46a3-a4cf-7c1adf8af243/workspace/projects/Project_name_742448/ai_Project_name_742448.json,"{'application': 'ad504cb6-97d4-453e-9a27-798434e2a103', 'firmware_update': False} is not valid under any of the given schemas"
/home/hemduttdabral/Downloads/proj-api-volume-dump/e13cc6dc-6267-46a3-a4cf-7c1adf8af243/workspace/projects/Project_name_936082/ai_Project_name_936082.json,"{'application': '12d70ccc-25ad-410b-9412-3294c441eb81', 'firmware_update': False} is not valid under any of the given schemas"
/home/hemduttdabral/Downloads/proj-api-volume-dump/4523cc92-a1ac-4f4c-b991-a6b87d04e9c9/workspace/Wifi_sensing_scartch/ai_Wifi_sensing_scartch.json,None is not of type 'string'
/home/hemduttdabral/Downloads/proj-api-volume-dump/a6890934-7ac0-4230-9a52-6eeb5ecdb275/workspace/projects/Project_name_962006/ai_Project_name_962006.json,"{'application': 'da95657b-5231-4947-b702-38c66ee3f3dc', 'firmware_update': False} is not valid under any of the given schemas"
/home/hemduttdabral/Downloads/proj-api-volume-dump/a6890934-7ac0-4230-9a52-6eeb5ecdb275/workspace/projects/Project_name_300559/ai_Project_name_300559.json,"{'application': '65824fe4-1cce-49b5-9e40-ae2a8b82bf49', 'firmware_update': False} is not valid under any of the given schemas"
/home/hemduttdabral/Downloads/proj-api-volume-dump/a6890934-7ac0-4230-9a52-6eeb5ecdb275/workspace/projects/Project_name_836304/ai_Project_name_836304.json,"{'application': 'eef69cfb-0c34-4b33-b647-79d31d7d2ec1', 'firmware_update': False} is not valid under any of the given schemas"
/home/hemduttdabral/Downloads/proj-api-volume-dump/25b3f1ba-b8f7-4935-85eb-eb3af515d6dd/workspace/projects/Project_name_373667/ai_Project_name_373667.json,"{'application': 'dbcd8b48-3926-4dfc-88b2-c58f2db202e3', 'firmware_update': False} is not valid under any of the given schemas"
/home/hemduttdabral/Downloads/proj-api-volume-dump/25b3f1ba-b8f7-4935-85eb-eb3af515d6dd/workspace/projects/Project_name_267765/ai_Project_name_267765.json,"{'application': 'e7151af4-4a28-4de6-802f-a2a7f51f49ca', 'firmware_update': False} is not valid under any of the given schemas"
/home/hemduttdabral/Downloads/proj-api-volume-dump/25b3f1ba-b8f7-4935-85eb-eb3af515d6dd/workspace/projects/Project_name_578430/ai_Project_name_578430.json,"{'application': '61fba93c-9ce8-4647-ab91-fcb901002114', 'firmware_update': False} is not valid under any of the given schemas"
/home/hemduttdabral/Downloads/proj-api-volume-dump/25b3f1ba-b8f7-4935-85eb-eb3af515d6dd/workspace/projects/Project_name_437796/ai_Project_name_437796.json,"{'application': 'fbb197a1-8526-4cd4-8b0b-c21a1ce60500', 'firmware_update': False} is not valid under any of the given schemas"
/home/hemduttdabral/Downloads/proj-api-volume-dump/25b3f1ba-b8f7-4935-85eb-eb3af515d6dd/workspace/projects/Project_name_694229/ai_Project_name_694229.json,"{'application': '2d901b0f-912c-482e-8269-d9f02807f8b7', 'firmware_update': False} is not valid under any of the given schemas"
/home/hemduttdabral/Downloads/proj-api-volume-dump/03ca20d4-934c-43bf-8d3d-c36b51625861/workspace/projects/Project_name_151104/ai_Project_name_151104.json,"{'application': 'f9806b1f-a416-474b-b629-1c573602e8f3', 'firmware_update': False} is not valid under any of the given schemas"
/home/hemduttdabral/Downloads/proj-api-volume-dump/b4d9ede9-e428-4da7-ad3d-b306bda3b685/workspace/projects/Project_name_756236/ai_Project_name_756236.json,"{'application': '382f6f8a-43a1-4258-b09e-ac444601edbd', 'firmware_update': False} is not valid under any of the given schemas"
/home/hemduttdabral/Downloads/proj-api-volume-dump/713c76c4-9a1a-4882-9f99-3b079e1fd522/workspace/projects/Project_name_486157/ai_Project_name_486157.json,"{'application': '555a0bb9-cf1f-4733-ab96-a630be6a462d', 'firmware_update': False} is not valid under any of the given schemas"
/home/hemduttdabral/Downloads/proj-api-volume-dump/62cdf8fe-434c-4ba1-b31d-dc3d4a1ff823/workspace/projects/Project_name_282574/ai_Project_name_282574.json,"{'application': '63335118-cf58-4bc3-b740-d5fd34fd99fa', 'firmware_update': False} is not valid under any of the given schemas"
/home/hemduttdabral/Downloads/proj-api-volume-dump/62cdf8fe-434c-4ba1-b31d-dc3d4a1ff823/workspace/projects/Project_name_255986/ai_Project_name_255986.json,"{'application': '68776224-e1ec-4e5f-a1cc-87a6aaedac97', 'firmware_update': False} is not valid under any of the given schemas"
/home/hemduttdabral/Downloads/proj-api-volume-dump/jkb8n3ejsjtdmfps29qx2gfk10/workspace/projects/sdadasdasd/ai_sdadasdasd.json,None is not of type 'string'
/home/hemduttdabral/Downloads/proj-api-volume-dump/jkb8n3ejsjtdmfps29qx2gfk10/workspace/projects/sdadasdasd/ai_sdadasdasd.json,None is not of type 'string'
/home/hemduttdabral/Downloads/proj-api-volume-dump/jkb8n3ejsjtdmfps29qx2gfk10/workspace/projects/sdadasdasd/ai_sdadasdasd.json,None is not of type 'string'
/home/hemduttdabral/Downloads/proj-api-volume-dump/16eaf407-dd00-4bd7-8a32-73cca29b3ced/workspace/projects/Project_name_788202/ai_Project_name_788202.json,"{'application': 'e656c890-eb47-4fbd-949d-2418899a4059', 'firmware_update': False} is not valid under any of the given schemas"
/home/hemduttdabral/Downloads/proj-api-volume-dump/e00afa85-9293-43e8-b3cc-1c9498fe9fe3/workspace/projects/test-project/ai_test-project.json,None is not of type 'string'
/home/hemduttdabral/Downloads/proj-api-volume-dump/e00afa85-9293-43e8-b3cc-1c9498fe9fe3/workspace/projects/test-project/ai_test-project.json,None is not of type 'string'
/home/hemduttdabral/Downloads/proj-api-volume-dump/e00afa85-9293-43e8-b3cc-1c9498fe9fe3/workspace/projects/test-project/ai_test-project.json,None is not of type 'string'
/home/hemduttdabral/Downloads/proj-api-volume-dump/dg36wbzmykzkr33fj66bnt5k10/workspace/projects/Test_Project_803/ai_Test_Project_803.json,None is not of type 'string'
/home/hemduttdabral/Downloads/proj-api-volume-dump/dg36wbzmykzkr33fj66bnt5k10/workspace/projects/Test_Project_803/ai_Test_Project_803.json,None is not of type 'string'
/home/hemduttdabral/Downloads/proj-api-volume-dump/dg36wbzmykzkr33fj66bnt5k10/workspace/projects/test-project-803/ai_test-project-803.json,None is not of type 'string'
/home/hemduttdabral/Downloads/proj-api-volume-dump/dg36wbzmykzkr33fj66bnt5k10/workspace/projects/test-project-803/ai_test-project-803.json,None is not of type 'string'
/home/hemduttdabral/Downloads/proj-api-volume-dump/dg36wbzmykzkr33fj66bnt5k10/workspace/projects/test-project-8003/ai_test-project-8003.json,None is not of type 'string'
/home/hemduttdabral/Downloads/proj-api-volume-dump/dg36wbzmykzkr33fj66bnt5k10/workspace/projects/test-project-8003/ai_test-project-8003.json,None is not of type 'string'
/home/hemduttdabral/Downloads/proj-api-volume-dump/3f903fdb-ee50-4e21-ab70-6634491a3617/workspace/projects/Project_name_190516/ai_Project_name_190516.json,"{'application': '18614894-c3dc-40e6-bde9-4c5af0499d9e', 'firmware_update': False} is not valid under any of the given schemas"
/home/hemduttdabral/Downloads/proj-api-volume-dump/3f903fdb-ee50-4e21-ab70-6634491a3617/workspace/projects/Project_name_58384/ai_Project_name_58384.json,"{'application': 'e1865c2e-d7c4-43eb-b03c-a346d1bd98d6', 'firmware_update': False} is not valid under any of the given schemas"
/home/hemduttdabral/Downloads/proj-api-volume-dump/3f903fdb-ee50-4e21-ab70-6634491a3617/workspace/projects/Project_name_740646/ai_Project_name_740646.json,"{'application': 'ff7e3bfb-5685-46f0-a1f9-d8659fd872b3', 'firmware_update': False} is not valid under any of the given schemas"
/home/hemduttdabral/Downloads/proj-api-volume-dump/11bb2c77-b578-41a8-9355-1ddb334213f0/workspace/projects/Project_name_214114/ai_Project_name_214114.json,"{'application': '8c4206b1-0ccd-42b6-b50f-3773303f3f03', 'firmware_update': False} is not valid under any of the given schemas"
/home/hemduttdabral/Downloads/proj-api-volume-dump/11bb2c77-b578-41a8-9355-1ddb334213f0/workspace/projects/Project_name_409061/ai_Project_name_409061.json,"{'application': '14021045-9f86-4295-901e-cb62230cf08a', 'firmware_update': False} is not valid under any of the given schemas"
/home/hemduttdabral/Downloads/proj-api-volume-dump/11bb2c77-b578-41a8-9355-1ddb334213f0/workspace/projects/Project_name_227003/ai_Project_name_227003.json,"{'application': '40f46727-2407-424e-b247-664debff086c', 'firmware_update': False} is not valid under any of the given schemas"
/home/hemduttdabral/Downloads/proj-api-volume-dump/11bb2c77-b578-41a8-9355-1ddb334213f0/workspace/projects/Project_name_513408/ai_Project_name_513408.json,"{'application': 'e537dc9e-9b2d-4d02-a9c3-89084ff3a2af', 'firmware_update': False} is not valid under any of the given schemas"
/home/hemduttdabral/Downloads/proj-api-volume-dump/11bb2c77-b578-41a8-9355-1ddb334213f0/workspace/projects/Project_name_439720/ai_Project_name_439720.json,"{'application': '1a1a354f-0c61-40f6-850b-8e642717b0a5', 'firmware_update': False} is not valid under any of the given schemas"
/home/hemduttdabral/Downloads/proj-api-volume-dump/44547a4a-00ac-4c42-8702-0b960e78166e/workspace/projects/Project_name_630065/ai_Project_name_630065.json,"{'application': 'c49c28cf-a3d9-4d15-b19e-c8cc534c71fb', 'firmware_update': False} is not valid under any of the given schemas"
/home/hemduttdabral/Downloads/proj-api-volume-dump/44547a4a-00ac-4c42-8702-0b960e78166e/workspace/projects/Project_name_207895/ai_Project_name_207895.json,"{'application': 'eb423247-649f-48cb-885f-5e26f7abf5a6', 'firmware_update': False} is not valid under any of the given schemas"
/home/hemduttdabral/Downloads/proj-api-volume-dump/aaf6e357-1841-4fc6-8096-c1e7d0adae20/workspace/projects/TESTNOW/ai_TESTNOW.json,None is not of type 'string'
/home/hemduttdabral/Downloads/proj-api-volume-dump/aaf6e357-1841-4fc6-8096-c1e7d0adae20/workspace/projects/TESTNOW/ai_TESTNOW.json,None is not of type 'string'
/home/hemduttdabral/Downloads/proj-api-volume-dump/aaf6e357-1841-4fc6-8096-c1e7d0adae20/workspace/projects/TESTNOW/ai_TESTNOW.json,None is not of type 'string'
/home/hemduttdabral/Downloads/proj-api-volume-dump/aaf6e357-1841-4fc6-8096-c1e7d0adae20/workspace/projects/TESTNOW/ai_TESTNOW.json,None is not of type 'string'
/home/hemduttdabral/Downloads/proj-api-volume-dump/be1ec2b6-bb71-42ab-b82f-dfd24c259755/workspace/projects/Project_name_905270/ai_Project_name_905270.json,"{'application': 'f975afd6-622a-465a-8cd2-d6a086f83854', 'firmware_update': False} is not valid under any of the given schemas"
/home/hemduttdabral/Downloads/proj-api-volume-dump/be1ec2b6-bb71-42ab-b82f-dfd24c259755/workspace/projects/Project_name_122905/ai_Project_name_122905.json,"{'application': '792d08c0-742c-4ad7-aea7-1d83275d4e40', 'firmware_update': False} is not valid under any of the given schemas"
/home/hemduttdabral/Downloads/proj-api-volume-dump/be1ec2b6-bb71-42ab-b82f-dfd24c259755/workspace/projects/Project_name_276987/ai_Project_name_276987.json,"{'application': '2014e1d7-e0af-408d-a445-75d835947375', 'firmware_update': False} is not valid under any of the given schemas"
/home/hemduttdabral/Downloads/proj-api-volume-dump/be1ec2b6-bb71-42ab-b82f-dfd24c259755/workspace/projects/Project_name_975881/ai_Project_name_975881.json,"{'application': '8142bc8b-661c-4ea1-a9f2-a0ae73252d5a', 'firmware_update': False} is not valid under any of the given schemas"
/home/hemduttdabral/Downloads/proj-api-volume-dump/a9c72896-b562-40ad-a508-5d5bbbf1b0f5/workspace/projects/Project_name_277373/ai_Project_name_277373.json,"{'application': 'b6376bf4-66b7-44f9-87fb-0d7f9a9659dc', 'firmware_update': False} is not valid under any of the given schemas"
/home/hemduttdabral/Downloads/proj-api-volume-dump/f326297b-c598-45c6-af23-4b1e618b20eb/workspace/projects/Project_name_405999/ai_Project_name_405999.json,"{'application': 'd612a0af-8620-4584-9102-fb541f9d3030', 'firmware_update': False} is not valid under any of the given schemas"
/home/hemduttdabral/Downloads/proj-api-volume-dump/f326297b-c598-45c6-af23-4b1e618b20eb/workspace/projects/Project_name_102247/ai_Project_name_102247.json,"{'application': '7039a6b8-4b78-480c-84c0-d19a5e98cb91', 'firmware_update': False} is not valid under any of the given schemas"
/home/hemduttdabral/Downloads/proj-api-volume-dump/f326297b-c598-45c6-af23-4b1e618b20eb/workspace/projects/Project_name_765132/ai_Project_name_765132.json,"{'application': 'dbf8a39b-8642-4670-b6c1-f08f7b65140d', 'firmware_update': False} is not valid under any of the given schemas"
/home/hemduttdabral/Downloads/proj-api-volume-dump/f326297b-c598-45c6-af23-4b1e618b20eb/workspace/projects/Project_name_817697/ai_Project_name_817697.json,"{'application': '6a5f042e-a18b-4451-89e8-a85b89c4ec35', 'firmware_update': False} is not valid under any of the given schemas"
/home/hemduttdabral/Downloads/proj-api-volume-dump/f326297b-c598-45c6-af23-4b1e618b20eb/workspace/projects/Project_name_631952/ai_Project_name_631952.json,"{'application': 'd1642a54-c8ca-4596-bb04-401f6bdd765b', 'firmware_update': False} is not valid under any of the given schemas"
/home/hemduttdabral/Downloads/proj-api-volume-dump/3e104144-ee9d-4451-b92a-4dd509e4f65a/workspace/WiFi_Sensing/ai_WiFi_Sensing.json,None is not of type 'string'
/home/hemduttdabral/Downloads/proj-api-volume-dump/bacfb6bc-c5dc-4b5e-bbb3-c1f7210e37bb/workspace/projects/Project_name_906829/ai_Project_name_906829.json,"{'application': 'd7f6734c-dc6a-4712-856f-4aaf74662eef', 'firmware_update': False} is not valid under any of the given schemas"
/home/hemduttdabral/Downloads/proj-api-volume-dump/699ff2dc-4bba-4478-ad17-33d3aad031ff/workspace/projects/20240705_automode_ux_test/ai_20240705_automode_ux_test.json,None is not of type 'string'
/home/hemduttdabral/Downloads/proj-api-volume-dump/d77d8705-c7ff-49f8-817e-a80c0c73f50a/workspace/projects/Project_name_605083/ai_Project_name_605083.json,"{'application': '42abb8f5-478a-4682-9321-12727a5efe23', 'firmware_update': False} is not valid under any of the given schemas"
/home/hemduttdabral/Downloads/proj-api-volume-dump/0f06acfe-5650-4827-af24-94589e4dc201/workspace/projects/Project_name_909748/ai_Project_name_909748.json,"{'application': '8cac2665-6111-4222-b4ac-589649b1e6ae', 'firmware_update': False} is not valid under any of the given schemas"
/home/hemduttdabral/Downloads/proj-api-volume-dump/pskxwhmydkw1m0t8nxk2nqtj10/workspace/projects/my-sat-project/ai_my-sat-project.json,"{'application': 'aec6fc51-f2b6-4d01-b843-53e7a491088c', 'firmware_update': False} is not valid under any of the given schemas"
/home/hemduttdabral/Downloads/proj-api-volume-dump/pskxwhmydkw1m0t8nxk2nqtj10/workspace/projects/20250904-test-1/ai_20250904-test-1.json,"{'application': 'aec6fc51-f2b6-4d01-b843-53e7a491088c', 'firmware_update': False} is not valid under any of the given schemas"
/home/hemduttdabral/Downloads/proj-api-volume-dump/pskxwhmydkw1m0t8nxk2nqtj10/workspace/projects/auto-expert-test/ai_auto-expert-test.json,None is not of type 'string'
/home/hemduttdabral/Downloads/proj-api-volume-dump/pskxwhmydkw1m0t8nxk2nqtj10/workspace/projects/auto-expert-test/ai_auto-expert-test.json,None is not of type 'string'
/home/hemduttdabral/Downloads/proj-api-volume-dump/6q54431p8afrtk0ek21xvffk10/workspace/projects/Dataset_Project_164613/ai_Dataset_Project_164613.json,None is not of type 'string'
/home/hemduttdabral/Downloads/proj-api-volume-dump/6q54431p8afrtk0ek21xvffk10/workspace/projects/Dataset_Project_164613/ai_Dataset_Project_164613.json,None is not of type 'string'
/home/hemduttdabral/Downloads/proj-api-volume-dump/6q54431p8afrtk0ek21xvffk10/workspace/projects/Dataset_Project_164613/ai_Dataset_Project_164613.json,None is not of type 'string'
/home/hemduttdabral/Downloads/proj-api-volume-dump/x2yacgtda5d4cwsgnvrz1gfk10/workspace/projects/Dataset_Project_73647/ai_Dataset_Project_73647.json,None is not of type 'string'
/home/hemduttdabral/Downloads/proj-api-volume-dump/x2yacgtda5d4cwsgnvrz1gfk10/workspace/projects/Dataset_Project_73647/ai_Dataset_Project_73647.json,None is not of type 'string'
/home/hemduttdabral/Downloads/proj-api-volume-dump/x2yacgtda5d4cwsgnvrz1gfk10/workspace/projects/Dataset_Project_73647/ai_Dataset_Project_73647.json,None is not of type 'string'
/home/hemduttdabral/Downloads/proj-api-volume-dump/f5c5a7a8-44fb-4b16-bcef-df8dc08fae8f/workspace/test project/ai_test project.json,None is not of type 'string'
/home/hemduttdabral/Downloads/proj-api-volume-dump/f5c5a7a8-44fb-4b16-bcef-df8dc08fae8f/workspace/projects/my_asset_tracking/ai_my_asset_tracking.json,"{'application': '1a0e3203-5351-4161-8fc3-20f07b1bcd1c', 'firmware_update': False} is not valid under any of the given schemas"
/home/hemduttdabral/Downloads/proj-api-volume-dump/f5c5a7a8-44fb-4b16-bcef-df8dc08fae8f/workspace/projects/my_asset_tracking/ai_my_asset_tracking.json,"{'application': '1a0e3203-5351-4161-8fc3-20f07b1bcd1c', 'firmware_update': False} is not valid under any of the given schemas"
/home/hemduttdabral/Downloads/proj-api-volume-dump/f5c5a7a8-44fb-4b16-bcef-df8dc08fae8f/workspace/projects/my_asset_tracking/ai_my_asset_tracking.json,"{'application': '1a0e3203-5351-4161-8fc3-20f07b1bcd1c', 'firmware_update': False} is not valid under any of the given schemas"
/home/hemduttdabral/Downloads/proj-api-volume-dump/e47bme9zyvm413x07dqhzdfk10/workspace/projects/Dataset_Project_49090/ai_Dataset_Project_49090.json,None is not of type 'string'
/home/hemduttdabral/Downloads/proj-api-volume-dump/e47bme9zyvm413x07dqhzdfk10/workspace/projects/Dataset_Project_49090/ai_Dataset_Project_49090.json,None is not of type 'string'
/home/hemduttdabral/Downloads/proj-api-volume-dump/e47bme9zyvm413x07dqhzdfk10/workspace/projects/Dataset_Project_49090/ai_Dataset_Project_49090.json,None is not of type 'string'
/home/hemduttdabral/Downloads/proj-api-volume-dump/fb007629-0ddf-4351-b521-174058e6cdde/workspace/projects/Project_name_369375/ai_Project_name_369375.json,"{'application': '9a252313-6682-4440-a49e-8454184fa3d6', 'firmware_update': False} is not valid under any of the given schemas"
/home/hemduttdabral/Downloads/proj-api-volume-dump/fb007629-0ddf-4351-b521-174058e6cdde/workspace/projects/Project_name_622101/ai_Project_name_622101.json,"{'application': 'e0f24410-ef57-4a47-a510-0db3420553cd', 'firmware_update': False} is not valid under any of the given schemas"
/home/hemduttdabral/Downloads/proj-api-volume-dump/fb007629-0ddf-4351-b521-174058e6cdde/workspace/projects/Project_name_972421/ai_Project_name_972421.json,"{'application': '8cb1df75-6ee4-4423-98d0-c19840e6c0d2', 'firmware_update': False} is not valid under any of the given schemas"
/home/hemduttdabral/Downloads/proj-api-volume-dump/fb007629-0ddf-4351-b521-174058e6cdde/workspace/projects/Project_name_437449/ai_Project_name_437449.json,"{'application': 'b44d197a-80d3-491d-86d0-9ccbadc6072c', 'firmware_update': False} is not valid under any of the given schemas"
/home/hemduttdabral/Downloads/proj-api-volume-dump/fb007629-0ddf-4351-b521-174058e6cdde/workspace/projects/Project_name_959294/ai_Project_name_959294.json,"{'application': '9145d643-9261-49f2-b4d2-9a21ddaa6cc4', 'firmware_update': False} is not valid under any of the given schemas"
/home/hemduttdabral/Downloads/proj-api-volume-dump/3e087d59-e7d3-45c6-9863-7314b265e6bd/workspace/projects/Project_name_355087/ai_Project_name_355087.json,"{'application': 'a21c1dbe-b115-47a6-8556-6ae17c987621', 'firmware_update': False} is not valid under any of the given schemas"
/home/hemduttdabral/Downloads/proj-api-volume-dump/3e087d59-e7d3-45c6-9863-7314b265e6bd/workspace/projects/Project_name_303694/ai_Project_name_303694.json,"{'application': '2493bf5e-7332-4431-9dd2-3a54d5f26219', 'firmware_update': False} is not valid under any of the given schemas"
/home/hemduttdabral/Downloads/proj-api-volume-dump/3e087d59-e7d3-45c6-9863-7314b265e6bd/workspace/projects/Project_name_8081/ai_Project_name_8081.json,"{'application': '3ef75ed0-0ac7-4894-8419-153f7b840d64', 'firmware_update': False} is not valid under any of the given schemas"
/home/hemduttdabral/Downloads/proj-api-volume-dump/a86a0d04-6b7d-4717-9685-cd329b1afc86/workspace/projects/Project_name_860075/ai_Project_name_860075.json,"{'application': 'df0430e0-9b24-4f90-a808-43c268b2898d', 'firmware_update': False} is not valid under any of the given schemas"
/home/hemduttdabral/Downloads/proj-api-volume-dump/a86a0d04-6b7d-4717-9685-cd329b1afc86/workspace/projects/Project_name_381714/ai_Project_name_381714.json,"{'application': 'ff67f092-e6d0-4f65-95bd-ce369e38e76a', 'firmware_update': False} is not valid under any of the given schemas"
/home/hemduttdabral/Downloads/proj-api-volume-dump/a86a0d04-6b7d-4717-9685-cd329b1afc86/workspace/projects/Project_name_197067/ai_Project_name_197067.json,"{'application': '2ebce028-c17e-41df-8d42-d6f10a55e6c0', 'firmware_update': False} is not valid under any of the given schemas"
/home/hemduttdabral/Downloads/proj-api-volume-dump/f2ef69cc-2447-41d2-b957-53fcc22ce08d/workspace/projects/Project_name_244741/ai_Project_name_244741.json,"{'application': '955fa731-da3f-462e-90ef-0076905b65fa', 'firmware_update': False} is not valid under any of the given schemas"
/home/hemduttdabral/Downloads/proj-api-volume-dump/8f737aaa-7611-4900-9f6b-10e67137101c/workspace/projects/Project_name_911384/ai_Project_name_911384.json,"{'application': 'f5767b24-7fc8-405d-afb2-f7778ec023fe', 'firmware_update': False} is not valid under any of the given schemas"
/home/hemduttdabral/Downloads/proj-api-volume-dump/8f737aaa-7611-4900-9f6b-10e67137101c/workspace/projects/Project_name_637308/ai_Project_name_637308.json,"{'application': 'addd9d7c-76e1-4f1a-b8a2-48d85373ce06', 'firmware_update': False} is not valid under any of the given schemas"
/home/hemduttdabral/Downloads/proj-api-volume-dump/8f737aaa-7611-4900-9f6b-10e67137101c/workspace/projects/Project_name_311401/ai_Project_name_311401.json,"{'application': 'e5783e41-72e9-4629-bfe3-699087bb2f87', 'firmware_update': False} is not valid under any of the given schemas"
/home/hemduttdabral/Downloads/proj-api-volume-dump/c85dd6f0-9aa6-4b0e-9bfc-1067ab42115b/workspace/projects/Project_name_508276/ai_Project_name_508276.json,"{'application': '0e255f35-93c1-4986-956a-5859aa511e5e', 'firmware_update': False} is not valid under any of the given schemas"
/home/hemduttdabral/Downloads/proj-api-volume-dump/c85dd6f0-9aa6-4b0e-9bfc-1067ab42115b/workspace/projects/Project_name_306667/ai_Project_name_306667.json,"{'application': '6949cda3-9553-442d-ac00-fb223be27b7c', 'firmware_update': False} is not valid under any of the given schemas"
/home/hemduttdabral/Downloads/proj-api-volume-dump/c85dd6f0-9aa6-4b0e-9bfc-1067ab42115b/workspace/projects/Project_name_484/ai_Project_name_484.json,"{'application': '2ab56528-2865-43a4-a389-18ad18d414f4', 'firmware_update': False} is not valid under any of the given schemas"
/home/hemduttdabral/Downloads/proj-api-volume-dump/e03e409d-1699-438c-b922-c4cf0cb433ce/workspace/projects/Project_name_828277/ai_Project_name_828277.json,"{'application': '01775b84-dbcb-4af0-9c98-a37875a55286', 'firmware_update': False} is not valid under any of the given schemas"
/home/hemduttdabral/Downloads/proj-api-volume-dump/e03e409d-1699-438c-b922-c4cf0cb433ce/workspace/projects/Project_name_987466/ai_Project_name_987466.json,"{'application': '2ef41777-d764-42ec-a65e-c6e7471b9eab', 'firmware_update': False} is not valid under any of the given schemas"
/home/hemduttdabral/Downloads/proj-api-volume-dump/e03e409d-1699-438c-b922-c4cf0cb433ce/workspace/projects/Project_name_864273/ai_Project_name_864273.json,"{'application': 'a210e19d-d330-4fd7-bdfa-e52b3fb60da8', 'firmware_update': False} is not valid under any of the given schemas"
/home/hemduttdabral/Downloads/proj-api-volume-dump/e03e409d-1699-438c-b922-c4cf0cb433ce/workspace/projects/Project_name_341599/ai_Project_name_341599.json,"{'application': 'bb3f0cca-ffef-4b98-bcd5-750c45b1727a', 'firmware_update': False} is not valid under any of the given schemas"
/home/hemduttdabral/Downloads/proj-api-volume-dump/2fa021fe-8b1f-484d-a0ff-8cb56f0bac9e/workspace/projects/Project_name_938206/ai_Project_name_938206.json,"{'application': 'e2b88d27-8f29-473e-8301-6c97fbdbd4b6', 'firmware_update': False} is not valid under any of the given schemas"
/home/hemduttdabral/Downloads/proj-api-volume-dump/b3b809e9-aff1-4dfe-b82d-99e2a64a08b2/workspace/projects/Project_name_313287/ai_Project_name_313287.json,"{'application': '5e3b8911-9d37-4d04-bb67-66f9c92a2dff', 'firmware_update': False} is not valid under any of the given schemas"
/home/hemduttdabral/Downloads/proj-api-volume-dump/b3b809e9-aff1-4dfe-b82d-99e2a64a08b2/workspace/projects/Project_name_319702/ai_Project_name_319702.json,"{'application': '8d5b3ffd-fdd0-4fc0-a09a-12973f5b703b', 'firmware_update': False} is not valid under any of the given schemas"
/home/hemduttdabral/Downloads/proj-api-volume-dump/b3b809e9-aff1-4dfe-b82d-99e2a64a08b2/workspace/projects/Project_name_177800/ai_Project_name_177800.json,"{'application': '470f3917-652c-4643-a331-0c3f0fc1e212', 'firmware_update': False} is not valid under any of the given schemas"
/home/hemduttdabral/Downloads/proj-api-volume-dump/ad915703-832f-4b70-b76f-5a7dd9ea4d90/workspace/projects/Project_name_785334/ai_Project_name_785334.json,"{'application': '3858d5d9-aa2c-48e0-827b-a70f385f35cd', 'firmware_update': False} is not valid under any of the given schemas"
/home/hemduttdabral/Downloads/proj-api-volume-dump/7c79689a-f6ab-400f-814e-e76ac3469acf/workspace/projects/Project_name_7199/ai_Project_name_7199.json,"{'application': '2bc0bd72-7659-4b82-a6b2-cb3d624a8677', 'firmware_update': False} is not valid under any of the given schemas"
/home/hemduttdabral/Downloads/proj-api-volume-dump/7c79689a-f6ab-400f-814e-e76ac3469acf/workspace/projects/Project_name_437271/ai_Project_name_437271.json,"{'application': 'e1e7e121-d342-4116-9735-3bb118d7e1db', 'firmware_update': False} is not valid under any of the given schemas"
/home/hemduttdabral/Downloads/proj-api-volume-dump/6c354881-0abb-46bc-b8b8-eccababaf3d4/workspace/projects/Project_name_364819/ai_Project_name_364819.json,"{'application': 'b23869ef-ea50-4e2c-8962-36c02140427f', 'firmware_update': False} is not valid under any of the given schemas"
/home/hemduttdabral/Downloads/proj-api-volume-dump/6c354881-0abb-46bc-b8b8-eccababaf3d4/workspace/projects/Project_name_337596/ai_Project_name_337596.json,"{'application': '42309ea1-23a6-4279-b378-cd89333ca849', 'firmware_update': False} is not valid under any of the given schemas"
/home/hemduttdabral/Downloads/proj-api-volume-dump/6c354881-0abb-46bc-b8b8-eccababaf3d4/workspace/projects/Project_name_768292/ai_Project_name_768292.json,"{'application': 'a307b36e-1d20-45ac-b7ff-434dfb878c4a', 'firmware_update': False} is not valid under any of the given schemas"
/home/hemduttdabral/Downloads/proj-api-volume-dump/6c354881-0abb-46bc-b8b8-eccababaf3d4/workspace/projects/Project_name_179516/ai_Project_name_179516.json,"{'application': '913ce591-6d2b-4cd6-94a3-7c862946d70d', 'firmware_update': False} is not valid under any of the given schemas"
/home/hemduttdabral/Downloads/proj-api-volume-dump/6c354881-0abb-46bc-b8b8-eccababaf3d4/workspace/projects/Project_name_154770/ai_Project_name_154770.json,"{'application': '388b54c9-d600-459a-a6dc-91c107497fef', 'firmware_update': False} is not valid under any of the given schemas"
/home/hemduttdabral/Downloads/proj-api-volume-dump/185f143d-7ec4-45a8-9c17-9feba4498c86/workspace/projects/Project_name_893065/ai_Project_name_893065.json,"{'application': 'a668807f-c28e-4449-862d-c114b09f62f5', 'firmware_update': False} is not valid under any of the given schemas"
/home/hemduttdabral/Downloads/proj-api-volume-dump/185f143d-7ec4-45a8-9c17-9feba4498c86/workspace/projects/Project_name_849164/ai_Project_name_849164.json,"{'application': 'd3a19e8b-f4d6-4baa-aa2a-e1a3cd2f0b26', 'firmware_update': False} is not valid under any of the given schemas"
/home/hemduttdabral/Downloads/proj-api-volume-dump/185f143d-7ec4-45a8-9c17-9feba4498c86/workspace/projects/Project_name_420832/ai_Project_name_420832.json,"{'application': 'afe48469-104b-4b16-80d2-5d366caacfc2', 'firmware_update': False} is not valid under any of the given schemas"
/home/hemduttdabral/Downloads/proj-api-volume-dump/185f143d-7ec4-45a8-9c17-9feba4498c86/workspace/projects/Project_name_89841/ai_Project_name_89841.json,"{'application': '093f10ee-5d04-48e8-8d01-0a8bdec42651', 'firmware_update': False} is not valid under any of the given schemas"
/home/hemduttdabral/Downloads/proj-api-volume-dump/185f143d-7ec4-45a8-9c17-9feba4498c86/workspace/projects/Project_name_615950/ai_Project_name_615950.json,"{'application': '8a4a7657-f890-45b9-a8f9-008ed52db598', 'firmware_update': False} is not valid under any of the given schemas"
/home/hemduttdabral/Downloads/proj-api-volume-dump/adc89c42-e36c-4a3d-9267-88776116171d/workspace/projects/Project_name_514140/ai_Project_name_514140.json,"{'application': 'ff32ebc9-f845-4ec7-a414-a953f18e8a80', 'firmware_update': False} is not valid under any of the given schemas"
/home/hemduttdabral/Downloads/proj-api-volume-dump/72e55424-2031-70b8-e336-074935f590c2/workspace/projects/QuickTest/ai_QuickTest.json,None is not of type 'string'
/home/hemduttdabral/Downloads/proj-api-volume-dump/72e55424-2031-70b8-e336-074935f590c2/workspace/projects/QuickTest/ai_QuickTest.json,None is not of type 'string'
/home/hemduttdabral/Downloads/proj-api-volume-dump/72e55424-2031-70b8-e336-074935f590c2/workspace/projects/QuickTest/ai_QuickTest.json,None is not of type 'string'
/home/hemduttdabral/Downloads/proj-api-volume-dump/72e55424-2031-70b8-e336-074935f590c2/workspace/projects/DatasetBug/ai_DatasetBug.json,None is not of type 'string'
/home/hemduttdabral/Downloads/proj-api-volume-dump/72e55424-2031-70b8-e336-074935f590c2/workspace/projects/DatasetBug/ai_DatasetBug.json,None is not of type 'string'
/home/hemduttdabral/Downloads/proj-api-volume-dump/72e55424-2031-70b8-e336-074935f590c2/workspace/projects/DatasetBug/ai_DatasetBug.json,None is not of type 'string'
/home/hemduttdabral/Downloads/proj-api-volume-dump/72e55424-2031-70b8-e336-074935f590c2/workspace/projects/ProjectTeamTest_BR_US/ai_ProjectTeamTest_BR_US.json,None is not of type 'string'
/home/hemduttdabral/Downloads/proj-api-volume-dump/72e55424-2031-70b8-e336-074935f590c2/workspace/projects/ProjectTeamTest_BR_US/ai_ProjectTeamTest_BR_US.json,None is not of type 'string'
/home/hemduttdabral/Downloads/proj-api-volume-dump/72e55424-2031-70b8-e336-074935f590c2/workspace/projects/ProjectTeamTest_BR_US/ai_ProjectTeamTest_BR_US.json,None is not of type 'string'
/home/hemduttdabral/Downloads/proj-api-volume-dump/72e55424-2031-70b8-e336-074935f590c2/workspace/projects/test1/ai_test1.json,None is not of type 'string'
/home/hemduttdabral/Downloads/proj-api-volume-dump/72e55424-2031-70b8-e336-074935f590c2/workspace/projects/test1/ai_test1.json,None is not of type 'string'
/home/hemduttdabral/Downloads/proj-api-volume-dump/72e55424-2031-70b8-e336-074935f590c2/workspace/projects/test1/ai_test1.json,None is not of type 'string'
/home/hemduttdabral/Downloads/proj-api-volume-dump/5f26c4e0-ce3b-412c-b16c-b65db13703b6/workspace/projects/Project_name_711190/ai_Project_name_711190.json,"{'application': '07d3ee88-9b4a-4738-b422-7ce1d733503c', 'firmware_update': False} is not valid under any of the given schemas"
/home/hemduttdabral/Downloads/proj-api-volume-dump/5f26c4e0-ce3b-412c-b16c-b65db13703b6/workspace/projects/Project_name_197644/ai_Project_name_197644.json,"{'application': '40a4886e-c33d-4beb-aa89-413c903b15b4', 'firmware_update': False} is not valid under any of the given schemas"
/home/hemduttdabral/Downloads/proj-api-volume-dump/5f26c4e0-ce3b-412c-b16c-b65db13703b6/workspace/projects/Project_name_720682/ai_Project_name_720682.json,"{'application': '2e83bd62-e863-4edd-98df-5f54a58c7998', 'firmware_update': False} is not valid under any of the given schemas"
/home/hemduttdabral/Downloads/proj-api-volume-dump/5f26c4e0-ce3b-412c-b16c-b65db13703b6/workspace/projects/Project_name_971486/ai_Project_name_971486.json,"{'application': '9322e05e-0406-4108-9096-a41e0b782f09', 'firmware_update': False} is not valid under any of the given schemas"
/home/hemduttdabral/Downloads/proj-api-volume-dump/5f26c4e0-ce3b-412c-b16c-b65db13703b6/workspace/projects/Project_name_536388/ai_Project_name_536388.json,"{'application': 'b9cbfd8a-3bcd-43e6-a91a-222acb2bec7d', 'firmware_update': False} is not valid under any of the given schemas"
/home/hemduttdabral/Downloads/proj-api-volume-dump/63b93b6e-0d08-4e53-8d4f-cd64e456d705/workspace/projects/20240705_automode_ux_test/ai_20240705_automode_ux_test.json,None is not of type 'string'
/home/hemduttdabral/Downloads/proj-api-volume-dump/f718fb0b-666a-4841-afd3-33dc9ea504ed/workspace/projects/sat/ai_sat.json,"{'application': '7753e192-d72d-4c4e-8517-9f8069d521e6', 'firmware_update': False} is not valid under any of the given schemas"
/home/hemduttdabral/Downloads/proj-api-volume-dump/f718fb0b-666a-4841-afd3-33dc9ea504ed/workspace/projects/p/ai_p.json,None is not of type 'string'
/home/hemduttdabral/Downloads/proj-api-volume-dump/f718fb0b-666a-4841-afd3-33dc9ea504ed/workspace/projects/p/ai_p.json,None is not of type 'string'
/home/hemduttdabral/Downloads/proj-api-volume-dump/53ea12cc-21b7-4f73-841a-ce5124a6e86f/workspace/projects/Test/ai_Test.json,None is not of type 'string'
/home/hemduttdabral/Downloads/proj-api-volume-dump/53ea12cc-21b7-4f73-841a-ce5124a6e86f/workspace/projects/Test/ai_Test.json,None is not of type 'string'
/home/hemduttdabral/Downloads/proj-api-volume-dump/66f916f1-2386-4a92-80f0-13fb55329c79/workspace/projects/testing-bluestk-error/ai_testing-bluestk-error.json,"{'application': '0c7d0cb6-d45a-4e14-a4be-a44a66c6f3d1', 'firmware_update': False} is not valid under any of the given schemas"
/home/hemduttdabral/Downloads/proj-api-volume-dump/66f916f1-2386-4a92-80f0-13fb55329c79/workspace/projects/test_project_name_295293/ai_test_project_name_295293.json,None is not of type 'string'
/home/hemduttdabral/Downloads/proj-api-volume-dump/66f916f1-2386-4a92-80f0-13fb55329c79/workspace/projects/test_project_name_295293/ai_test_project_name_295293.json,None is not of type 'string'
/home/hemduttdabral/Downloads/proj-api-volume-dump/66f916f1-2386-4a92-80f0-13fb55329c79/workspace/projects/test_project_name_295293/ai_test_project_name_295293.json,None is not of type 'array'
/home/hemduttdabral/Downloads/proj-api-volume-dump/66f916f1-2386-4a92-80f0-13fb55329c79/workspace/projects/test-project-816/ai_test-project-816.json,None is not of type 'string'
/home/hemduttdabral/Downloads/proj-api-volume-dump/66f916f1-2386-4a92-80f0-13fb55329c79/workspace/projects/test-project-816/ai_test-project-816.json,None is not of type 'string'
/home/hemduttdabral/Downloads/proj-api-volume-dump/66f916f1-2386-4a92-80f0-13fb55329c79/workspace/projects/test_project_33/ai_test_project_33.json,None is not of type 'string'
/home/hemduttdabral/Downloads/proj-api-volume-dump/66f916f1-2386-4a92-80f0-13fb55329c79/workspace/projects/test_project_33/ai_test_project_33.json,None is not of type 'string'
/home/hemduttdabral/Downloads/proj-api-volume-dump/66f916f1-2386-4a92-80f0-13fb55329c79/workspace/projects/tennis-clone-2/ai_tennis-clone-2.json,"{'application': 'd58e5b6d-a11a-4f63-ba38-109d4b3eeb5f', 'firmware_update': False} is not valid under any of the given schemas"
/home/hemduttdabral/Downloads/proj-api-volume-dump/66f916f1-2386-4a92-80f0-13fb55329c79/workspace/projects/test_project_name_735164/ai_test_project_name_735164.json,None is not of type 'string'
/home/hemduttdabral/Downloads/proj-api-volume-dump/66f916f1-2386-4a92-80f0-13fb55329c79/workspace/projects/test_project_name_735164/ai_test_project_name_735164.json,None is not of type 'string'
/home/hemduttdabral/Downloads/proj-api-volume-dump/66f916f1-2386-4a92-80f0-13fb55329c79/workspace/projects/test_project_name_801916/ai_test_project_name_801916.json,None is not of type 'string'
/home/hemduttdabral/Downloads/proj-api-volume-dump/66f916f1-2386-4a92-80f0-13fb55329c79/workspace/projects/test_project_name_801916/ai_test_project_name_801916.json,None is not of type 'string'
/home/hemduttdabral/Downloads/proj-api-volume-dump/66f916f1-2386-4a92-80f0-13fb55329c79/workspace/projects/test_project_name_801916/ai_test_project_name_801916.json,None is not of type 'array'
/home/hemduttdabral/Downloads/proj-api-volume-dump/66f916f1-2386-4a92-80f0-13fb55329c79/workspace/projects/test_project_name_462714/ai_test_project_name_462714.json,None is not of type 'string'
/home/hemduttdabral/Downloads/proj-api-volume-dump/66f916f1-2386-4a92-80f0-13fb55329c79/workspace/projects/test_project_name_462714/ai_test_project_name_462714.json,None is not of type 'string'
/home/hemduttdabral/Downloads/proj-api-volume-dump/66f916f1-2386-4a92-80f0-13fb55329c79/workspace/projects/Sharing_API_Testing/ai_Sharing_API_Testing.json,"{'application': '656a5b9c-f69a-4a57-8b2b-e42e378a4b24', 'firmware_update': False} is not valid under any of the given schemas"
/home/hemduttdabral/Downloads/proj-api-volume-dump/66f916f1-2386-4a92-80f0-13fb55329c79/workspace/projects/test_project_name_TC_603/ai_test_project_name_TC_603.json,None is not of type 'string'
/home/hemduttdabral/Downloads/proj-api-volume-dump/66f916f1-2386-4a92-80f0-13fb55329c79/workspace/projects/test_project_name_TC_603/ai_test_project_name_TC_603.json,None is not of type 'string'
/home/hemduttdabral/Downloads/proj-api-volume-dump/66f916f1-2386-4a92-80f0-13fb55329c79/workspace/projects/test_project_name_TC_603/ai_test_project_name_TC_603.json,None is not of type 'array'
/home/hemduttdabral/Downloads/proj-api-volume-dump/66f916f1-2386-4a92-80f0-13fb55329c79/workspace/projects/test-project-2/ai_test-project-2.json,"{'application': '656a5b9c-f69a-4a57-8b2b-e42e378a4b24', 'firmware_update': False} is not valid under any of the given schemas"
/home/hemduttdabral/Downloads/proj-api-volume-dump/66f916f1-2386-4a92-80f0-13fb55329c79/workspace/projects/test_project_name_660378/ai_test_project_name_660378.json,None is not of type 'string'
/home/hemduttdabral/Downloads/proj-api-volume-dump/66f916f1-2386-4a92-80f0-13fb55329c79/workspace/projects/test_project_name_660378/ai_test_project_name_660378.json,None is not of type 'string'
/home/hemduttdabral/Downloads/proj-api-volume-dump/66f916f1-2386-4a92-80f0-13fb55329c79/workspace/projects/test_project_name_660378/ai_test_project_name_660378.json,None is not of type 'array'
/home/hemduttdabral/Downloads/proj-api-volume-dump/fb15813e-9727-4a79-8ddb-8010c6634671/workspace/projects/Project_name_634086/ai_Project_name_634086.json,"{'application': '79a95eff-1325-4485-83fa-81fcebd8901b', 'firmware_update': False} is not valid under any of the given schemas"
/home/hemduttdabral/Downloads/proj-api-volume-dump/fb15813e-9727-4a79-8ddb-8010c6634671/workspace/projects/Project_name_949361/ai_Project_name_949361.json,"{'application': '866511a1-2207-4e6a-ac0c-96d22d9e848e', 'firmware_update': False} is not valid under any of the given schemas"
/home/hemduttdabral/Downloads/proj-api-volume-dump/fb15813e-9727-4a79-8ddb-8010c6634671/workspace/projects/Project_name_108379/ai_Project_name_108379.json,"{'application': 'cbdb6346-28b8-4af5-8483-11ce327596dc', 'firmware_update': False} is not valid under any of the given schemas"
/home/hemduttdabral/Downloads/proj-api-volume-dump/fb15813e-9727-4a79-8ddb-8010c6634671/workspace/projects/Project_name_704962/ai_Project_name_704962.json,"{'application': '92920941-84ec-4868-b7e5-463a0ce91fd4', 'firmware_update': False} is not valid under any of the given schemas"
/home/hemduttdabral/Downloads/proj-api-volume-dump/612a4eb6-369c-4b77-b2e2-4652d70c4023/workspace/projects/Project_name_38335/ai_Project_name_38335.json,"{'application': '6adab74e-22f6-419e-a5f9-fc9bf31b3309', 'firmware_update': False} is not valid under any of the given schemas"
/home/hemduttdabral/Downloads/proj-api-volume-dump/612a4eb6-369c-4b77-b2e2-4652d70c4023/workspace/projects/Project_name_353845/ai_Project_name_353845.json,"{'application': '5cc42ee2-0bdb-40d1-9ffb-f567e419e31c', 'firmware_update': False} is not valid under any of the given schemas"
/home/hemduttdabral/Downloads/proj-api-volume-dump/0e78a167-8331-4622-9410-1be0d8c2f79a/workspace/projects/Project_name_294620/ai_Project_name_294620.json,"{'application': 'd86c106a-1d6b-405b-bde2-64892fb22327', 'firmware_update': False} is not valid under any of the given schemas"
/home/hemduttdabral/Downloads/proj-api-volume-dump/df80eb3a-9e87-4ea2-a3cb-3020e85db57d/workspace/projects/measurements_validation/ai_measurements_validation.json,None is not of type 'string'
/home/hemduttdabral/Downloads/proj-api-volume-dump/df80eb3a-9e87-4ea2-a3cb-3020e85db57d/workspace/projects/measurements_validation/ai_measurements_validation.json,None is not of type 'string'
/home/hemduttdabral/Downloads/proj-api-volume-dump/1ac3e1ac-2d7f-4d3f-bf0d-84e0fa9ff3d0/workspace/projects/test1/ai_test1.json,None is not of type 'string'
/home/hemduttdabral/Downloads/proj-api-volume-dump/1ac3e1ac-2d7f-4d3f-bf0d-84e0fa9ff3d0/workspace/projects/test1/ai_test1.json,None is not of type 'string'
/home/hemduttdabral/Downloads/proj-api-volume-dump/1ac3e1ac-2d7f-4d3f-bf0d-84e0fa9ff3d0/workspace/projects/test1/ai_test1.json,None is not of type 'string'
/home/hemduttdabral/Downloads/proj-api-volume-dump/1ac3e1ac-2d7f-4d3f-bf0d-84e0fa9ff3d0/workspace/projects/test1/ai_test1.json,None is not of type 'string'
/home/hemduttdabral/Downloads/proj-api-volume-dump/0e2b478e-515c-42bd-a99a-7b9f14e24dae/workspace/projects/Project_name_264966/ai_Project_name_264966.json,"{'application': '86525f3b-a44d-4f9d-b922-cf7f8c9d6c85', 'firmware_update': False} is not valid under any of the given schemas"
/home/hemduttdabral/Downloads/proj-api-volume-dump/5a56e730-c0ea-4a32-98cd-6dfc64f5d657/workspace/projects/Project_name_128482/ai_Project_name_128482.json,"{'application': 'f7c388a0-b7e8-4792-8ae5-e0a70df2e7f4', 'firmware_update': False} is not valid under any of the given schemas"
/home/hemduttdabral/Downloads/proj-api-volume-dump/376496f7-ff16-448c-892d-4cae504b57ea/workspace/projects/Project_name_140936/ai_Project_name_140936.json,"{'application': 'e97d2188-d706-4198-90cb-8cdd9f892669', 'firmware_update': False} is not valid under any of the given schemas"
/home/hemduttdabral/Downloads/proj-api-volume-dump/376496f7-ff16-448c-892d-4cae504b57ea/workspace/projects/Project_name_550655/ai_Project_name_550655.json,"{'application': '735b7ff1-6ce7-4ef2-823c-3b625c5d78e6', 'firmware_update': False} is not valid under any of the given schemas"
/home/hemduttdabral/Downloads/proj-api-volume-dump/376496f7-ff16-448c-892d-4cae504b57ea/workspace/projects/Project_name_888326/ai_Project_name_888326.json,"{'application': 'b368a699-7b18-4f2f-af03-9c6f8193fce7', 'firmware_update': False} is not valid under any of the given schemas"
/home/hemduttdabral/Downloads/proj-api-volume-dump/376496f7-ff16-448c-892d-4cae504b57ea/workspace/projects/Project_name_860227/ai_Project_name_860227.json,"{'application': 'dd35c294-1333-481c-9a6e-ac763bb17260', 'firmware_update': False} is not valid under any of the given schemas"
/home/hemduttdabral/Downloads/proj-api-volume-dump/376496f7-ff16-448c-892d-4cae504b57ea/workspace/projects/Project_name_936327/ai_Project_name_936327.json,"{'application': 'a3548ec3-9116-4e98-9c02-b4c0ee1af543', 'firmware_update': False} is not valid under any of the given schemas"
/home/hemduttdabral/Downloads/proj-api-volume-dump/bceba9e5-4bad-495b-b955-fe85bd0f6b8d/workspace/projects/Project_name_900771/ai_Project_name_900771.json,"{'application': '9d793132-7e5d-488a-9608-52353c55ea69', 'firmware_update': False} is not valid under any of the given schemas"
/home/hemduttdabral/Downloads/proj-api-volume-dump/bceba9e5-4bad-495b-b955-fe85bd0f6b8d/workspace/projects/Project_name_485854/ai_Project_name_485854.json,"{'application': '90b61b45-ee12-4e05-82bd-6c6c790d25e2', 'firmware_update': False} is not valid under any of the given schemas"
/home/hemduttdabral/Downloads/proj-api-volume-dump/655ed165-70cf-4e25-ad88-d1f3d89f433e/workspace/projects/DemoForAndroid/ai_DemoForAndroid.json,None is not of type 'string'
/home/hemduttdabral/Downloads/proj-api-volume-dump/655ed165-70cf-4e25-ad88-d1f3d89f433e/workspace/projects/DemoForAndroid/ai_DemoForAndroid.json,None is not of type 'string'
/home/hemduttdabral/Downloads/proj-api-volume-dump/655ed165-70cf-4e25-ad88-d1f3d89f433e/workspace/projects/AndroidExample/ai_AndroidExample.json,"{'application': '11d32889-239a-4ca8-8b0a-cbc7cbe38267', 'firmware_update': False} is not valid under any of the given schemas"
/home/hemduttdabral/Downloads/proj-api-volume-dump/655ed165-70cf-4e25-ad88-d1f3d89f433e/workspace/projects/Sample_Gesture/ai_Sample_Gesture.json,"{'application': '4238bde1-8ab7-49ff-9f8e-83fbbbc0f756', 'firmware_update': False} is not valid under any of the given schemas"
/home/hemduttdabral/Downloads/proj-api-volume-dump/655ed165-70cf-4e25-ad88-d1f3d89f433e/workspace/projects/DummyData/ai_DummyData.json,"{'application': '39a5c714-a4d1-4505-bb3a-e6a96f42ba95', 'firmware_update': False} is not valid under any of the given schemas"
/home/hemduttdabral/Downloads/proj-api-volume-dump/655ed165-70cf-4e25-ad88-d1f3d89f433e/workspace/projects/RoboticsDataSet/ai_RoboticsDataSet.json,None is not of type 'string'
/home/hemduttdabral/Downloads/proj-api-volume-dump/655ed165-70cf-4e25-ad88-d1f3d89f433e/workspace/projects/RoboticsDataSet/ai_RoboticsDataSet.json,None is not of type 'string'
/home/hemduttdabral/Downloads/proj-api-volume-dump/655ed165-70cf-4e25-ad88-d1f3d89f433e/workspace/projects/sample/ai_sample.json,None is not of type 'string'
/home/hemduttdabral/Downloads/proj-api-volume-dump/655ed165-70cf-4e25-ad88-d1f3d89f433e/workspace/projects/sample/ai_sample.json,None is not of type 'string'
/home/hemduttdabral/Downloads/proj-api-volume-dump/655ed165-70cf-4e25-ad88-d1f3d89f433e/workspace/projects/RoboticsDataCollection/ai_RoboticsDataCollection.json,"{'application': 'b70beff1-a6aa-42ba-8c10-3343159bf5c1', 'firmware_update': False} is not valid under any of the given schemas"
/home/hemduttdabral/Downloads/proj-api-volume-dump/655ed165-70cf-4e25-ad88-d1f3d89f433e/workspace/projects/sampleHandGesture/ai_sampleHandGesture.json,"{'application': 'cc20c702-82cb-4db7-a2c6-c12b2b3a7c20', 'firmware_update': False} is not valid under any of the given schemas"
/home/hemduttdabral/Downloads/proj-api-volume-dump/2dc34725-d231-4494-bb73-430ec92c76e6/workspace/projects/Project_name_442468/ai_Project_name_442468.json,"{'application': '03bac257-c161-40e1-aa7b-94b5fbe0d0a4', 'firmware_update': False} is not valid under any of the given schemas"
/home/hemduttdabral/Downloads/proj-api-volume-dump/2dc34725-d231-4494-bb73-430ec92c76e6/workspace/projects/Project_name_918052/ai_Project_name_918052.json,"{'application': '722e2bea-21f6-428c-9b70-7ff5882923b0', 'firmware_update': False} is not valid under any of the given schemas"
/home/hemduttdabral/Downloads/proj-api-volume-dump/2dc34725-d231-4494-bb73-430ec92c76e6/workspace/projects/Project_name_837051/ai_Project_name_837051.json,"{'application': '4bd943f4-a4b7-4c00-ac2d-15566586a778', 'firmware_update': False} is not valid under any of the given schemas"
/home/hemduttdabral/Downloads/proj-api-volume-dump/2dc34725-d231-4494-bb73-430ec92c76e6/workspace/projects/Project_name_45129/ai_Project_name_45129.json,"{'application': '22ca2342-8ba8-4b38-ad34-82c444249d4c', 'firmware_update': False} is not valid under any of the given schemas"
/home/hemduttdabral/Downloads/proj-api-volume-dump/e2d01a8c-55d0-4b58-8be6-226a4dd19da7/workspace/projects/Project_name_458315/ai_Project_name_458315.json,"{'application': '2b72a9b8-2329-4cd7-a76a-61431aeec4df', 'firmware_update': False} is not valid under any of the given schemas"
/home/hemduttdabral/Downloads/proj-api-volume-dump/b5feedda-585f-476d-9e40-52acec908605/workspace/projects/test_project_name_512907/ai_test_project_name_512907.json,None is not of type 'string'
/home/hemduttdabral/Downloads/proj-api-volume-dump/b5feedda-585f-476d-9e40-52acec908605/workspace/projects/test_project_name_512907/ai_test_project_name_512907.json,None is not of type 'string'
/home/hemduttdabral/Downloads/proj-api-volume-dump/b5feedda-585f-476d-9e40-52acec908605/workspace/projects/test_project_name_512907/ai_test_project_name_512907.json,None is not of type 'array'
/home/hemduttdabral/Downloads/proj-api-volume-dump/b5feedda-585f-476d-9e40-52acec908605/workspace/projects/test_project_name_440751/ai_test_project_name_440751.json,None is not of type 'string'
/home/hemduttdabral/Downloads/proj-api-volume-dump/b5feedda-585f-476d-9e40-52acec908605/workspace/projects/test_project_name_440751/ai_test_project_name_440751.json,None is not of type 'string'
/home/hemduttdabral/Downloads/proj-api-volume-dump/b5feedda-585f-476d-9e40-52acec908605/workspace/projects/test_project_name_440751/ai_test_project_name_440751.json,None is not of type 'array'
/home/hemduttdabral/Downloads/proj-api-volume-dump/b5feedda-585f-476d-9e40-52acec908605/workspace/projects/test_project_name_150375/ai_test_project_name_150375.json,None is not of type 'string'
/home/hemduttdabral/Downloads/proj-api-volume-dump/b5feedda-585f-476d-9e40-52acec908605/workspace/projects/test_project_name_150375/ai_test_project_name_150375.json,None is not of type 'string'
/home/hemduttdabral/Downloads/proj-api-volume-dump/b5feedda-585f-476d-9e40-52acec908605/workspace/projects/test_project_name_150375/ai_test_project_name_150375.json,None is not of type 'array'
/home/hemduttdabral/Downloads/proj-api-volume-dump/b5feedda-585f-476d-9e40-52acec908605/workspace/projects/test_project_name_310123/ai_test_project_name_310123.json,None is not of type 'string'
/home/hemduttdabral/Downloads/proj-api-volume-dump/b5feedda-585f-476d-9e40-52acec908605/workspace/projects/test_project_name_310123/ai_test_project_name_310123.json,None is not of type 'string'
/home/hemduttdabral/Downloads/proj-api-volume-dump/b5feedda-585f-476d-9e40-52acec908605/workspace/projects/test_project_name_310123/ai_test_project_name_310123.json,None is not of type 'array'
/home/hemduttdabral/Downloads/proj-api-volume-dump/b5feedda-585f-476d-9e40-52acec908605/workspace/projects/test_project_name_252867/ai_test_project_name_252867.json,None is not of type 'string'
/home/hemduttdabral/Downloads/proj-api-volume-dump/b5feedda-585f-476d-9e40-52acec908605/workspace/projects/test_project_name_252867/ai_test_project_name_252867.json,None is not of type 'string'
/home/hemduttdabral/Downloads/proj-api-volume-dump/b5feedda-585f-476d-9e40-52acec908605/workspace/projects/test_project_name_252867/ai_test_project_name_252867.json,None is not of type 'array'
/home/hemduttdabral/Downloads/proj-api-volume-dump/b5feedda-585f-476d-9e40-52acec908605/workspace/projects/test_project_name_486889/ai_test_project_name_486889.json,None is not of type 'string'
/home/hemduttdabral/Downloads/proj-api-volume-dump/b5feedda-585f-476d-9e40-52acec908605/workspace/projects/test_project_name_486889/ai_test_project_name_486889.json,None is not of type 'string'
/home/hemduttdabral/Downloads/proj-api-volume-dump/b5feedda-585f-476d-9e40-52acec908605/workspace/projects/test_project_name_486889/ai_test_project_name_486889.json,None is not of type 'array'
/home/hemduttdabral/Downloads/proj-api-volume-dump/b5feedda-585f-476d-9e40-52acec908605/workspace/projects/test_project_name_290264/ai_test_project_name_290264.json,None is not of type 'string'
/home/hemduttdabral/Downloads/proj-api-volume-dump/b5feedda-585f-476d-9e40-52acec908605/workspace/projects/test_project_name_290264/ai_test_project_name_290264.json,None is not of type 'string'
/home/hemduttdabral/Downloads/proj-api-volume-dump/b5feedda-585f-476d-9e40-52acec908605/workspace/projects/test_project_name_290264/ai_test_project_name_290264.json,None is not of type 'array'
/home/hemduttdabral/Downloads/proj-api-volume-dump/b5feedda-585f-476d-9e40-52acec908605/workspace/projects/test_project_name_959602/ai_test_project_name_959602.json,None is not of type 'string'
/home/hemduttdabral/Downloads/proj-api-volume-dump/b5feedda-585f-476d-9e40-52acec908605/workspace/projects/test_project_name_959602/ai_test_project_name_959602.json,None is not of type 'string'
/home/hemduttdabral/Downloads/proj-api-volume-dump/b5feedda-585f-476d-9e40-52acec908605/workspace/projects/test_project_name_959602/ai_test_project_name_959602.json,None is not of type 'array'
/home/hemduttdabral/Downloads/proj-api-volume-dump/b5feedda-585f-476d-9e40-52acec908605/workspace/projects/test_project_name_203676/ai_test_project_name_203676.json,None is not of type 'string'
/home/hemduttdabral/Downloads/proj-api-volume-dump/b5feedda-585f-476d-9e40-52acec908605/workspace/projects/test_project_name_203676/ai_test_project_name_203676.json,None is not of type 'string'
/home/hemduttdabral/Downloads/proj-api-volume-dump/b5feedda-585f-476d-9e40-52acec908605/workspace/projects/test_project_name_203676/ai_test_project_name_203676.json,None is not of type 'string'
/home/hemduttdabral/Downloads/proj-api-volume-dump/b5feedda-585f-476d-9e40-52acec908605/workspace/projects/test_project_name_203676/ai_test_project_name_203676.json,None is not of type 'array'
/home/hemduttdabral/Downloads/proj-api-volume-dump/b5feedda-585f-476d-9e40-52acec908605/workspace/projects/test_project_name_778551/ai_test_project_name_778551.json,None is not of type 'string'
/home/hemduttdabral/Downloads/proj-api-volume-dump/b5feedda-585f-476d-9e40-52acec908605/workspace/projects/test_project_name_778551/ai_test_project_name_778551.json,None is not of type 'string'
/home/hemduttdabral/Downloads/proj-api-volume-dump/b5feedda-585f-476d-9e40-52acec908605/workspace/projects/test_project_name_778551/ai_test_project_name_778551.json,None is not of type 'array'
/home/hemduttdabral/Downloads/proj-api-volume-dump/b5feedda-585f-476d-9e40-52acec908605/workspace/projects/test_project_name_273023/ai_test_project_name_273023.json,None is not of type 'string'
/home/hemduttdabral/Downloads/proj-api-volume-dump/b5feedda-585f-476d-9e40-52acec908605/workspace/projects/test_project_name_273023/ai_test_project_name_273023.json,None is not of type 'string'
/home/hemduttdabral/Downloads/proj-api-volume-dump/b5feedda-585f-476d-9e40-52acec908605/workspace/projects/test_project_name_273023/ai_test_project_name_273023.json,None is not of type 'array'
/home/hemduttdabral/Downloads/proj-api-volume-dump/b5feedda-585f-476d-9e40-52acec908605/workspace/projects/test_project_name_636788/ai_test_project_name_636788.json,None is not of type 'string'
/home/hemduttdabral/Downloads/proj-api-volume-dump/b5feedda-585f-476d-9e40-52acec908605/workspace/projects/test_project_name_636788/ai_test_project_name_636788.json,None is not of type 'string'
/home/hemduttdabral/Downloads/proj-api-volume-dump/b5feedda-585f-476d-9e40-52acec908605/workspace/projects/test_project_name_636788/ai_test_project_name_636788.json,None is not of type 'array'
/home/hemduttdabral/Downloads/proj-api-volume-dump/b5feedda-585f-476d-9e40-52acec908605/workspace/projects/test_project_name_654381/ai_test_project_name_654381.json,None is not of type 'string'
/home/hemduttdabral/Downloads/proj-api-volume-dump/b5feedda-585f-476d-9e40-52acec908605/workspace/projects/test_project_name_654381/ai_test_project_name_654381.json,None is not of type 'string'
/home/hemduttdabral/Downloads/proj-api-volume-dump/b5feedda-585f-476d-9e40-52acec908605/workspace/projects/test_project_name_654381/ai_test_project_name_654381.json,None is not of type 'array'
/home/hemduttdabral/Downloads/proj-api-volume-dump/b5feedda-585f-476d-9e40-52acec908605/workspace/projects/test_project_name_643516/ai_test_project_name_643516.json,None is not of type 'string'
/home/hemduttdabral/Downloads/proj-api-volume-dump/b5feedda-585f-476d-9e40-52acec908605/workspace/projects/test_project_name_643516/ai_test_project_name_643516.json,None is not of type 'string'
/home/hemduttdabral/Downloads/proj-api-volume-dump/b5feedda-585f-476d-9e40-52acec908605/workspace/projects/test_project_name_643516/ai_test_project_name_643516.json,None is not of type 'array'
/home/hemduttdabral/Downloads/proj-api-volume-dump/b5feedda-585f-476d-9e40-52acec908605/workspace/projects/test_project_name_978400/ai_test_project_name_978400.json,None is not of type 'string'
/home/hemduttdabral/Downloads/proj-api-volume-dump/b5feedda-585f-476d-9e40-52acec908605/workspace/projects/test_project_name_978400/ai_test_project_name_978400.json,None is not of type 'string'
/home/hemduttdabral/Downloads/proj-api-volume-dump/b5feedda-585f-476d-9e40-52acec908605/workspace/projects/test_project_name_978400/ai_test_project_name_978400.json,None is not of type 'array'
/home/hemduttdabral/Downloads/proj-api-volume-dump/b5feedda-585f-476d-9e40-52acec908605/workspace/projects/test_project_name_989867/ai_test_project_name_989867.json,None is not of type 'string'
/home/hemduttdabral/Downloads/proj-api-volume-dump/b5feedda-585f-476d-9e40-52acec908605/workspace/projects/test_project_name_989867/ai_test_project_name_989867.json,None is not of type 'string'
/home/hemduttdabral/Downloads/proj-api-volume-dump/b5feedda-585f-476d-9e40-52acec908605/workspace/projects/test_project_name_989867/ai_test_project_name_989867.json,None is not of type 'array'
/home/hemduttdabral/Downloads/proj-api-volume-dump/b5feedda-585f-476d-9e40-52acec908605/workspace/projects/test_project_name_591624/ai_test_project_name_591624.json,None is not of type 'string'
/home/hemduttdabral/Downloads/proj-api-volume-dump/b5feedda-585f-476d-9e40-52acec908605/workspace/projects/test_project_name_591624/ai_test_project_name_591624.json,None is not of type 'string'
/home/hemduttdabral/Downloads/proj-api-volume-dump/b5feedda-585f-476d-9e40-52acec908605/workspace/projects/test_project_name_591624/ai_test_project_name_591624.json,None is not of type 'array'
/home/hemduttdabral/Downloads/proj-api-volume-dump/b5feedda-585f-476d-9e40-52acec908605/workspace/projects/test_project_name_498532/ai_test_project_name_498532.json,None is not of type 'string'
/home/hemduttdabral/Downloads/proj-api-volume-dump/b5feedda-585f-476d-9e40-52acec908605/workspace/projects/test_project_name_498532/ai_test_project_name_498532.json,None is not of type 'string'
/home/hemduttdabral/Downloads/proj-api-volume-dump/b5feedda-585f-476d-9e40-52acec908605/workspace/projects/test_project_name_498532/ai_test_project_name_498532.json,None is not of type 'array'
/home/hemduttdabral/Downloads/proj-api-volume-dump/b5feedda-585f-476d-9e40-52acec908605/workspace/projects/test_project_name_533320/ai_test_project_name_533320.json,None is not of type 'string'
/home/hemduttdabral/Downloads/proj-api-volume-dump/b5feedda-585f-476d-9e40-52acec908605/workspace/projects/test_project_name_533320/ai_test_project_name_533320.json,None is not of type 'string'
/home/hemduttdabral/Downloads/proj-api-volume-dump/b5feedda-585f-476d-9e40-52acec908605/workspace/projects/test_project_name_533320/ai_test_project_name_533320.json,None is not of type 'array'
/home/hemduttdabral/Downloads/proj-api-volume-dump/b5feedda-585f-476d-9e40-52acec908605/workspace/projects/test_project_name_957378/ai_test_project_name_957378.json,None is not of type 'string'
/home/hemduttdabral/Downloads/proj-api-volume-dump/b5feedda-585f-476d-9e40-52acec908605/workspace/projects/test_project_name_957378/ai_test_project_name_957378.json,None is not of type 'string'
/home/hemduttdabral/Downloads/proj-api-volume-dump/b5feedda-585f-476d-9e40-52acec908605/workspace/projects/test_project_name_957378/ai_test_project_name_957378.json,None is not of type 'string'
/home/hemduttdabral/Downloads/proj-api-volume-dump/b5feedda-585f-476d-9e40-52acec908605/workspace/projects/test_project_name_957378/ai_test_project_name_957378.json,None is not of type 'array'
/home/hemduttdabral/Downloads/proj-api-volume-dump/b5feedda-585f-476d-9e40-52acec908605/workspace/projects/test_project_name_634169/ai_test_project_name_634169.json,None is not of type 'string'
/home/hemduttdabral/Downloads/proj-api-volume-dump/b5feedda-585f-476d-9e40-52acec908605/workspace/projects/test_project_name_634169/ai_test_project_name_634169.json,None is not of type 'string'
/home/hemduttdabral/Downloads/proj-api-volume-dump/b5feedda-585f-476d-9e40-52acec908605/workspace/projects/test_project_name_634169/ai_test_project_name_634169.json,None is not of type 'array'
/home/hemduttdabral/Downloads/proj-api-volume-dump/b5feedda-585f-476d-9e40-52acec908605/workspace/projects/test_project_name_607284/ai_test_project_name_607284.json,None is not of type 'string'
/home/hemduttdabral/Downloads/proj-api-volume-dump/b5feedda-585f-476d-9e40-52acec908605/workspace/projects/test_project_name_607284/ai_test_project_name_607284.json,None is not of type 'string'
/home/hemduttdabral/Downloads/proj-api-volume-dump/b5feedda-585f-476d-9e40-52acec908605/workspace/projects/test_project_name_607284/ai_test_project_name_607284.json,None is not of type 'array'
/home/hemduttdabral/Downloads/proj-api-volume-dump/b5feedda-585f-476d-9e40-52acec908605/workspace/projects/test_project_name_353576/ai_test_project_name_353576.json,None is not of type 'string'
/home/hemduttdabral/Downloads/proj-api-volume-dump/b5feedda-585f-476d-9e40-52acec908605/workspace/projects/test_project_name_353576/ai_test_project_name_353576.json,None is not of type 'string'
/home/hemduttdabral/Downloads/proj-api-volume-dump/b5feedda-585f-476d-9e40-52acec908605/workspace/projects/test_project_name_353576/ai_test_project_name_353576.json,None is not of type 'array'
/home/hemduttdabral/Downloads/proj-api-volume-dump/b5feedda-585f-476d-9e40-52acec908605/workspace/projects/test_project_name_184806/ai_test_project_name_184806.json,None is not of type 'string'
/home/hemduttdabral/Downloads/proj-api-volume-dump/b5feedda-585f-476d-9e40-52acec908605/workspace/projects/test_project_name_184806/ai_test_project_name_184806.json,None is not of type 'string'
/home/hemduttdabral/Downloads/proj-api-volume-dump/b5feedda-585f-476d-9e40-52acec908605/workspace/projects/test_project_name_184806/ai_test_project_name_184806.json,None is not of type 'array'
/home/hemduttdabral/Downloads/proj-api-volume-dump/b5feedda-585f-476d-9e40-52acec908605/workspace/projects/test_project_name_893740/ai_test_project_name_893740.json,None is not of type 'string'
/home/hemduttdabral/Downloads/proj-api-volume-dump/b5feedda-585f-476d-9e40-52acec908605/workspace/projects/test_project_name_893740/ai_test_project_name_893740.json,None is not of type 'string'
/home/hemduttdabral/Downloads/proj-api-volume-dump/b5feedda-585f-476d-9e40-52acec908605/workspace/projects/test_project_name_893740/ai_test_project_name_893740.json,None is not of type 'array'
/home/hemduttdabral/Downloads/proj-api-volume-dump/b5feedda-585f-476d-9e40-52acec908605/workspace/projects/test_project_name_371391/ai_test_project_name_371391.json,None is not of type 'string'
/home/hemduttdabral/Downloads/proj-api-volume-dump/b5feedda-585f-476d-9e40-52acec908605/workspace/projects/test_project_name_371391/ai_test_project_name_371391.json,None is not of type 'string'
/home/hemduttdabral/Downloads/proj-api-volume-dump/b5feedda-585f-476d-9e40-52acec908605/workspace/projects/test_project_name_371391/ai_test_project_name_371391.json,None is not of type 'array'
/home/hemduttdabral/Downloads/proj-api-volume-dump/b5feedda-585f-476d-9e40-52acec908605/workspace/projects/test_project_name_991013/ai_test_project_name_991013.json,None is not of type 'string'
/home/hemduttdabral/Downloads/proj-api-volume-dump/b5feedda-585f-476d-9e40-52acec908605/workspace/projects/test_project_name_991013/ai_test_project_name_991013.json,None is not of type 'string'
/home/hemduttdabral/Downloads/proj-api-volume-dump/b5feedda-585f-476d-9e40-52acec908605/workspace/projects/test_project_name_991013/ai_test_project_name_991013.json,None is not of type 'array'
/home/hemduttdabral/Downloads/proj-api-volume-dump/b5feedda-585f-476d-9e40-52acec908605/workspace/projects/test_project_name_460844/ai_test_project_name_460844.json,None is not of type 'string'
/home/hemduttdabral/Downloads/proj-api-volume-dump/b5feedda-585f-476d-9e40-52acec908605/workspace/projects/test_project_name_460844/ai_test_project_name_460844.json,None is not of type 'string'
/home/hemduttdabral/Downloads/proj-api-volume-dump/b5feedda-585f-476d-9e40-52acec908605/workspace/projects/test_project_name_460844/ai_test_project_name_460844.json,None is not of type 'array'
/home/hemduttdabral/Downloads/proj-api-volume-dump/b5feedda-585f-476d-9e40-52acec908605/workspace/projects/test_project_name_319371/ai_test_project_name_319371.json,None is not of type 'string'
/home/hemduttdabral/Downloads/proj-api-volume-dump/b5feedda-585f-476d-9e40-52acec908605/workspace/projects/test_project_name_319371/ai_test_project_name_319371.json,None is not of type 'string'
/home/hemduttdabral/Downloads/proj-api-volume-dump/b5feedda-585f-476d-9e40-52acec908605/workspace/projects/test_project_name_319371/ai_test_project_name_319371.json,None is not of type 'array'
/home/hemduttdabral/Downloads/proj-api-volume-dump/b5feedda-585f-476d-9e40-52acec908605/workspace/projects/test_project_name_871121/ai_test_project_name_871121.json,None is not of type 'string'
/home/hemduttdabral/Downloads/proj-api-volume-dump/b5feedda-585f-476d-9e40-52acec908605/workspace/projects/test_project_name_871121/ai_test_project_name_871121.json,None is not of type 'string'
/home/hemduttdabral/Downloads/proj-api-volume-dump/b5feedda-585f-476d-9e40-52acec908605/workspace/projects/test_project_name_871121/ai_test_project_name_871121.json,None is not of type 'array'
/home/hemduttdabral/Downloads/proj-api-volume-dump/b5feedda-585f-476d-9e40-52acec908605/workspace/projects/test_project_name_398856/ai_test_project_name_398856.json,None is not of type 'string'
/home/hemduttdabral/Downloads/proj-api-volume-dump/b5feedda-585f-476d-9e40-52acec908605/workspace/projects/test_project_name_398856/ai_test_project_name_398856.json,None is not of type 'string'
/home/hemduttdabral/Downloads/proj-api-volume-dump/b5feedda-585f-476d-9e40-52acec908605/workspace/projects/test_project_name_398856/ai_test_project_name_398856.json,None is not of type 'array'
/home/hemduttdabral/Downloads/proj-api-volume-dump/b5feedda-585f-476d-9e40-52acec908605/workspace/projects/test_project_name_292355/ai_test_project_name_292355.json,None is not of type 'string'
/home/hemduttdabral/Downloads/proj-api-volume-dump/b5feedda-585f-476d-9e40-52acec908605/workspace/projects/test_project_name_292355/ai_test_project_name_292355.json,None is not of type 'string'
/home/hemduttdabral/Downloads/proj-api-volume-dump/b5feedda-585f-476d-9e40-52acec908605/workspace/projects/test_project_name_292355/ai_test_project_name_292355.json,None is not of type 'array'
/home/hemduttdabral/Downloads/proj-api-volume-dump/b5feedda-585f-476d-9e40-52acec908605/workspace/projects/test_project_name_429702/ai_test_project_name_429702.json,None is not of type 'string'
/home/hemduttdabral/Downloads/proj-api-volume-dump/b5feedda-585f-476d-9e40-52acec908605/workspace/projects/test_project_name_429702/ai_test_project_name_429702.json,None is not of type 'string'
/home/hemduttdabral/Downloads/proj-api-volume-dump/b5feedda-585f-476d-9e40-52acec908605/workspace/projects/test_project_name_429702/ai_test_project_name_429702.json,None is not of type 'string'
/home/hemduttdabral/Downloads/proj-api-volume-dump/b5feedda-585f-476d-9e40-52acec908605/workspace/projects/test_project_name_429702/ai_test_project_name_429702.json,None is not of type 'array'
/home/hemduttdabral/Downloads/proj-api-volume-dump/b5feedda-585f-476d-9e40-52acec908605/workspace/projects/test_project_name_111545/ai_test_project_name_111545.json,None is not of type 'string'
/home/hemduttdabral/Downloads/proj-api-volume-dump/b5feedda-585f-476d-9e40-52acec908605/workspace/projects/test_project_name_111545/ai_test_project_name_111545.json,None is not of type 'string'
/home/hemduttdabral/Downloads/proj-api-volume-dump/b5feedda-585f-476d-9e40-52acec908605/workspace/projects/test_project_name_111545/ai_test_project_name_111545.json,None is not of type 'array'
/home/hemduttdabral/Downloads/proj-api-volume-dump/b5feedda-585f-476d-9e40-52acec908605/workspace/projects/test_project_name_661174/ai_test_project_name_661174.json,None is not of type 'string'
/home/hemduttdabral/Downloads/proj-api-volume-dump/b5feedda-585f-476d-9e40-52acec908605/workspace/projects/test_project_name_661174/ai_test_project_name_661174.json,None is not of type 'string'
/home/hemduttdabral/Downloads/proj-api-volume-dump/b5feedda-585f-476d-9e40-52acec908605/workspace/projects/test_project_name_661174/ai_test_project_name_661174.json,None is not of type 'array'
/home/hemduttdabral/Downloads/proj-api-volume-dump/b5feedda-585f-476d-9e40-52acec908605/workspace/projects/test_project_name_106941/ai_test_project_name_106941.json,None is not of type 'string'
/home/hemduttdabral/Downloads/proj-api-volume-dump/b5feedda-585f-476d-9e40-52acec908605/workspace/projects/test_project_name_106941/ai_test_project_name_106941.json,None is not of type 'string'
/home/hemduttdabral/Downloads/proj-api-volume-dump/b5feedda-585f-476d-9e40-52acec908605/workspace/projects/test_project_name_106941/ai_test_project_name_106941.json,None is not of type 'array'
/home/hemduttdabral/Downloads/proj-api-volume-dump/b5feedda-585f-476d-9e40-52acec908605/workspace/projects/test_project_name_950169/ai_test_project_name_950169.json,None is not of type 'string'
/home/hemduttdabral/Downloads/proj-api-volume-dump/b5feedda-585f-476d-9e40-52acec908605/workspace/projects/test_project_name_950169/ai_test_project_name_950169.json,None is not of type 'string'
/home/hemduttdabral/Downloads/proj-api-volume-dump/b5feedda-585f-476d-9e40-52acec908605/workspace/projects/test_project_name_950169/ai_test_project_name_950169.json,None is not of type 'array'
/home/hemduttdabral/Downloads/proj-api-volume-dump/b5feedda-585f-476d-9e40-52acec908605/workspace/projects/test_project_name_227239/ai_test_project_name_227239.json,None is not of type 'string'
/home/hemduttdabral/Downloads/proj-api-volume-dump/b5feedda-585f-476d-9e40-52acec908605/workspace/projects/test_project_name_227239/ai_test_project_name_227239.json,None is not of type 'string'
/home/hemduttdabral/Downloads/proj-api-volume-dump/b5feedda-585f-476d-9e40-52acec908605/workspace/projects/test_project_name_227239/ai_test_project_name_227239.json,None is not of type 'array'
/home/hemduttdabral/Downloads/proj-api-volume-dump/b5feedda-585f-476d-9e40-52acec908605/workspace/projects/test_project_name_250953/ai_test_project_name_250953.json,None is not of type 'string'
/home/hemduttdabral/Downloads/proj-api-volume-dump/b5feedda-585f-476d-9e40-52acec908605/workspace/projects/test_project_name_250953/ai_test_project_name_250953.json,None is not of type 'string'
/home/hemduttdabral/Downloads/proj-api-volume-dump/b5feedda-585f-476d-9e40-52acec908605/workspace/projects/test_project_name_250953/ai_test_project_name_250953.json,None is not of type 'array'
/home/hemduttdabral/Downloads/proj-api-volume-dump/b5feedda-585f-476d-9e40-52acec908605/workspace/projects/test_project_name_692127/ai_test_project_name_692127.json,None is not of type 'string'
/home/hemduttdabral/Downloads/proj-api-volume-dump/b5feedda-585f-476d-9e40-52acec908605/workspace/projects/test_project_name_692127/ai_test_project_name_692127.json,None is not of type 'string'
/home/hemduttdabral/Downloads/proj-api-volume-dump/b5feedda-585f-476d-9e40-52acec908605/workspace/projects/test_project_name_692127/ai_test_project_name_692127.json,None is not of type 'array'
/home/hemduttdabral/Downloads/proj-api-volume-dump/b5feedda-585f-476d-9e40-52acec908605/workspace/projects/test_project_name_991615/ai_test_project_name_991615.json,None is not of type 'string'
/home/hemduttdabral/Downloads/proj-api-volume-dump/b5feedda-585f-476d-9e40-52acec908605/workspace/projects/test_project_name_991615/ai_test_project_name_991615.json,None is not of type 'string'
/home/hemduttdabral/Downloads/proj-api-volume-dump/b5feedda-585f-476d-9e40-52acec908605/workspace/projects/test_project_name_991615/ai_test_project_name_991615.json,None is not of type 'array'
/home/hemduttdabral/Downloads/proj-api-volume-dump/b5feedda-585f-476d-9e40-52acec908605/workspace/projects/test_project_name_275759/ai_test_project_name_275759.json,None is not of type 'string'
/home/hemduttdabral/Downloads/proj-api-volume-dump/b5feedda-585f-476d-9e40-52acec908605/workspace/projects/test_project_name_275759/ai_test_project_name_275759.json,None is not of type 'string'
/home/hemduttdabral/Downloads/proj-api-volume-dump/b5feedda-585f-476d-9e40-52acec908605/workspace/projects/test_project_name_275759/ai_test_project_name_275759.json,None is not of type 'array'
/home/hemduttdabral/Downloads/proj-api-volume-dump/b5feedda-585f-476d-9e40-52acec908605/workspace/projects/test_project_name_470252/ai_test_project_name_470252.json,None is not of type 'string'
/home/hemduttdabral/Downloads/proj-api-volume-dump/b5feedda-585f-476d-9e40-52acec908605/workspace/projects/test_project_name_470252/ai_test_project_name_470252.json,None is not of type 'string'
/home/hemduttdabral/Downloads/proj-api-volume-dump/b5feedda-585f-476d-9e40-52acec908605/workspace/projects/test_project_name_470252/ai_test_project_name_470252.json,None is not of type 'array'
/home/hemduttdabral/Downloads/proj-api-volume-dump/b5feedda-585f-476d-9e40-52acec908605/workspace/projects/test_project_name_181335/ai_test_project_name_181335.json,None is not of type 'string'
/home/hemduttdabral/Downloads/proj-api-volume-dump/b5feedda-585f-476d-9e40-52acec908605/workspace/projects/test_project_name_181335/ai_test_project_name_181335.json,None is not of type 'string'
/home/hemduttdabral/Downloads/proj-api-volume-dump/b5feedda-585f-476d-9e40-52acec908605/workspace/projects/test_project_name_181335/ai_test_project_name_181335.json,None is not of type 'array'
/home/hemduttdabral/Downloads/proj-api-volume-dump/b5feedda-585f-476d-9e40-52acec908605/workspace/projects/test_project_name_782839/ai_test_project_name_782839.json,None is not of type 'string'
/home/hemduttdabral/Downloads/proj-api-volume-dump/b5feedda-585f-476d-9e40-52acec908605/workspace/projects/test_project_name_782839/ai_test_project_name_782839.json,None is not of type 'string'
/home/hemduttdabral/Downloads/proj-api-volume-dump/b5feedda-585f-476d-9e40-52acec908605/workspace/projects/test_project_name_782839/ai_test_project_name_782839.json,None is not of type 'array'
/home/hemduttdabral/Downloads/proj-api-volume-dump/b5feedda-585f-476d-9e40-52acec908605/workspace/projects/test_project_name_526628/ai_test_project_name_526628.json,None is not of type 'string'
/home/hemduttdabral/Downloads/proj-api-volume-dump/b5feedda-585f-476d-9e40-52acec908605/workspace/projects/test_project_name_526628/ai_test_project_name_526628.json,None is not of type 'string'
/home/hemduttdabral/Downloads/proj-api-volume-dump/b5feedda-585f-476d-9e40-52acec908605/workspace/projects/test_project_name_526628/ai_test_project_name_526628.json,None is not of type 'array'
/home/hemduttdabral/Downloads/proj-api-volume-dump/b5feedda-585f-476d-9e40-52acec908605/workspace/projects/test_project_name_343790/ai_test_project_name_343790.json,None is not of type 'string'
/home/hemduttdabral/Downloads/proj-api-volume-dump/b5feedda-585f-476d-9e40-52acec908605/workspace/projects/test_project_name_343790/ai_test_project_name_343790.json,None is not of type 'string'
/home/hemduttdabral/Downloads/proj-api-volume-dump/b5feedda-585f-476d-9e40-52acec908605/workspace/projects/test_project_name_343790/ai_test_project_name_343790.json,None is not of type 'array'
/home/hemduttdabral/Downloads/proj-api-volume-dump/b5feedda-585f-476d-9e40-52acec908605/workspace/projects/test_project_name_461774/ai_test_project_name_461774.json,None is not of type 'string'
/home/hemduttdabral/Downloads/proj-api-volume-dump/b5feedda-585f-476d-9e40-52acec908605/workspace/projects/test_project_name_461774/ai_test_project_name_461774.json,None is not of type 'string'
/home/hemduttdabral/Downloads/proj-api-volume-dump/b5feedda-585f-476d-9e40-52acec908605/workspace/projects/test_project_name_461774/ai_test_project_name_461774.json,None is not of type 'array'
/home/hemduttdabral/Downloads/proj-api-volume-dump/b5feedda-585f-476d-9e40-52acec908605/workspace/projects/test_project_name_550450/ai_test_project_name_550450.json,None is not of type 'string'
/home/hemduttdabral/Downloads/proj-api-volume-dump/b5feedda-585f-476d-9e40-52acec908605/workspace/projects/test_project_name_550450/ai_test_project_name_550450.json,None is not of type 'string'
/home/hemduttdabral/Downloads/proj-api-volume-dump/b5feedda-585f-476d-9e40-52acec908605/workspace/projects/test_project_name_550450/ai_test_project_name_550450.json,None is not of type 'string'
/home/hemduttdabral/Downloads/proj-api-volume-dump/b5feedda-585f-476d-9e40-52acec908605/workspace/projects/test_project_name_550450/ai_test_project_name_550450.json,None is not of type 'array'
/home/hemduttdabral/Downloads/proj-api-volume-dump/b5feedda-585f-476d-9e40-52acec908605/workspace/projects/test_project_name_322888/ai_test_project_name_322888.json,None is not of type 'string'
/home/hemduttdabral/Downloads/proj-api-volume-dump/b5feedda-585f-476d-9e40-52acec908605/workspace/projects/test_project_name_322888/ai_test_project_name_322888.json,None is not of type 'string'
/home/hemduttdabral/Downloads/proj-api-volume-dump/b5feedda-585f-476d-9e40-52acec908605/workspace/projects/test_project_name_322888/ai_test_project_name_322888.json,None is not of type 'array'
/home/hemduttdabral/Downloads/proj-api-volume-dump/b5feedda-585f-476d-9e40-52acec908605/workspace/projects/test_project_name_116244/ai_test_project_name_116244.json,None is not of type 'string'
/home/hemduttdabral/Downloads/proj-api-volume-dump/b5feedda-585f-476d-9e40-52acec908605/workspace/projects/test_project_name_116244/ai_test_project_name_116244.json,None is not of type 'string'
/home/hemduttdabral/Downloads/proj-api-volume-dump/b5feedda-585f-476d-9e40-52acec908605/workspace/projects/test_project_name_116244/ai_test_project_name_116244.json,None is not of type 'array'
/home/hemduttdabral/Downloads/proj-api-volume-dump/b5feedda-585f-476d-9e40-52acec908605/workspace/projects/test_project_name_371516/ai_test_project_name_371516.json,None is not of type 'string'
/home/hemduttdabral/Downloads/proj-api-volume-dump/b5feedda-585f-476d-9e40-52acec908605/workspace/projects/test_project_name_371516/ai_test_project_name_371516.json,None is not of type 'string'
/home/hemduttdabral/Downloads/proj-api-volume-dump/b5feedda-585f-476d-9e40-52acec908605/workspace/projects/test_project_name_371516/ai_test_project_name_371516.json,None is not of type 'array'
/home/hemduttdabral/Downloads/proj-api-volume-dump/b5feedda-585f-476d-9e40-52acec908605/workspace/projects/test_project_name_993178/ai_test_project_name_993178.json,None is not of type 'string'
/home/hemduttdabral/Downloads/proj-api-volume-dump/b5feedda-585f-476d-9e40-52acec908605/workspace/projects/test_project_name_993178/ai_test_project_name_993178.json,None is not of type 'string'
/home/hemduttdabral/Downloads/proj-api-volume-dump/b5feedda-585f-476d-9e40-52acec908605/workspace/projects/test_project_name_993178/ai_test_project_name_993178.json,None is not of type 'array'
/home/hemduttdabral/Downloads/proj-api-volume-dump/b5feedda-585f-476d-9e40-52acec908605/workspace/projects/test_project_name_636325/ai_test_project_name_636325.json,None is not of type 'string'
/home/hemduttdabral/Downloads/proj-api-volume-dump/b5feedda-585f-476d-9e40-52acec908605/workspace/projects/test_project_name_636325/ai_test_project_name_636325.json,None is not of type 'string'
/home/hemduttdabral/Downloads/proj-api-volume-dump/b5feedda-585f-476d-9e40-52acec908605/workspace/projects/test_project_name_636325/ai_test_project_name_636325.json,None is not of type 'array'
/home/hemduttdabral/Downloads/proj-api-volume-dump/b5feedda-585f-476d-9e40-52acec908605/workspace/projects/test_project_name_584058/ai_test_project_name_584058.json,None is not of type 'string'
/home/hemduttdabral/Downloads/proj-api-volume-dump/b5feedda-585f-476d-9e40-52acec908605/workspace/projects/test_project_name_584058/ai_test_project_name_584058.json,None is not of type 'string'
/home/hemduttdabral/Downloads/proj-api-volume-dump/b5feedda-585f-476d-9e40-52acec908605/workspace/projects/test_project_name_584058/ai_test_project_name_584058.json,None is not of type 'array'
/home/hemduttdabral/Downloads/proj-api-volume-dump/b5feedda-585f-476d-9e40-52acec908605/workspace/projects/test_project_name_290859/ai_test_project_name_290859.json,None is not of type 'string'
/home/hemduttdabral/Downloads/proj-api-volume-dump/b5feedda-585f-476d-9e40-52acec908605/workspace/projects/test_project_name_290859/ai_test_project_name_290859.json,None is not of type 'string'
/home/hemduttdabral/Downloads/proj-api-volume-dump/b5feedda-585f-476d-9e40-52acec908605/workspace/projects/test_project_name_290859/ai_test_project_name_290859.json,None is not of type 'array'
/home/hemduttdabral/Downloads/proj-api-volume-dump/b5feedda-585f-476d-9e40-52acec908605/workspace/projects/test_project_name_339084/ai_test_project_name_339084.json,None is not of type 'string'
/home/hemduttdabral/Downloads/proj-api-volume-dump/b5feedda-585f-476d-9e40-52acec908605/workspace/projects/test_project_name_339084/ai_test_project_name_339084.json,None is not of type 'string'
/home/hemduttdabral/Downloads/proj-api-volume-dump/b5feedda-585f-476d-9e40-52acec908605/workspace/projects/test_project_name_339084/ai_test_project_name_339084.json,None is not of type 'array'
/home/hemduttdabral/Downloads/proj-api-volume-dump/b5feedda-585f-476d-9e40-52acec908605/workspace/projects/test_project_name_250042/ai_test_project_name_250042.json,None is not of type 'string'
/home/hemduttdabral/Downloads/proj-api-volume-dump/b5feedda-585f-476d-9e40-52acec908605/workspace/projects/test_project_name_250042/ai_test_project_name_250042.json,None is not of type 'string'
/home/hemduttdabral/Downloads/proj-api-volume-dump/b5feedda-585f-476d-9e40-52acec908605/workspace/projects/test_project_name_250042/ai_test_project_name_250042.json,None is not of type 'array'
/home/hemduttdabral/Downloads/proj-api-volume-dump/b5feedda-585f-476d-9e40-52acec908605/workspace/projects/test_project_name_534454/ai_test_project_name_534454.json,None is not of type 'string'
/home/hemduttdabral/Downloads/proj-api-volume-dump/b5feedda-585f-476d-9e40-52acec908605/workspace/projects/test_project_name_534454/ai_test_project_name_534454.json,None is not of type 'string'
/home/hemduttdabral/Downloads/proj-api-volume-dump/b5feedda-585f-476d-9e40-52acec908605/workspace/projects/test_project_name_534454/ai_test_project_name_534454.json,None is not of type 'array'
/home/hemduttdabral/Downloads/proj-api-volume-dump/b5feedda-585f-476d-9e40-52acec908605/workspace/projects/test_project_name_153718/ai_test_project_name_153718.json,None is not of type 'string'
/home/hemduttdabral/Downloads/proj-api-volume-dump/b5feedda-585f-476d-9e40-52acec908605/workspace/projects/test_project_name_153718/ai_test_project_name_153718.json,None is not of type 'string'
/home/hemduttdabral/Downloads/proj-api-volume-dump/b5feedda-585f-476d-9e40-52acec908605/workspace/projects/test_project_name_153718/ai_test_project_name_153718.json,None is not of type 'array'
/home/hemduttdabral/Downloads/proj-api-volume-dump/b5feedda-585f-476d-9e40-52acec908605/workspace/projects/test_project_name_578274/ai_test_project_name_578274.json,None is not of type 'string'
/home/hemduttdabral/Downloads/proj-api-volume-dump/b5feedda-585f-476d-9e40-52acec908605/workspace/projects/test_project_name_578274/ai_test_project_name_578274.json,None is not of type 'string'
/home/hemduttdabral/Downloads/proj-api-volume-dump/b5feedda-585f-476d-9e40-52acec908605/workspace/projects/test_project_name_578274/ai_test_project_name_578274.json,None is not of type 'array'
/home/hemduttdabral/Downloads/proj-api-volume-dump/b5feedda-585f-476d-9e40-52acec908605/workspace/projects/test_project_name_596335/ai_test_project_name_596335.json,None is not of type 'string'
/home/hemduttdabral/Downloads/proj-api-volume-dump/b5feedda-585f-476d-9e40-52acec908605/workspace/projects/test_project_name_596335/ai_test_project_name_596335.json,None is not of type 'string'
/home/hemduttdabral/Downloads/proj-api-volume-dump/b5feedda-585f-476d-9e40-52acec908605/workspace/projects/test_project_name_596335/ai_test_project_name_596335.json,None is not of type 'array'
/home/hemduttdabral/Downloads/proj-api-volume-dump/b5feedda-585f-476d-9e40-52acec908605/workspace/projects/test_project_name_908283/ai_test_project_name_908283.json,None is not of type 'string'
/home/hemduttdabral/Downloads/proj-api-volume-dump/b5feedda-585f-476d-9e40-52acec908605/workspace/projects/test_project_name_908283/ai_test_project_name_908283.json,None is not of type 'string'
/home/hemduttdabral/Downloads/proj-api-volume-dump/b5feedda-585f-476d-9e40-52acec908605/workspace/projects/test_project_name_908283/ai_test_project_name_908283.json,None is not of type 'array'
/home/hemduttdabral/Downloads/proj-api-volume-dump/b5feedda-585f-476d-9e40-52acec908605/workspace/projects/test_project_name_149601/ai_test_project_name_149601.json,None is not of type 'string'
/home/hemduttdabral/Downloads/proj-api-volume-dump/b5feedda-585f-476d-9e40-52acec908605/workspace/projects/test_project_name_149601/ai_test_project_name_149601.json,None is not of type 'string'
/home/hemduttdabral/Downloads/proj-api-volume-dump/b5feedda-585f-476d-9e40-52acec908605/workspace/projects/test_project_name_149601/ai_test_project_name_149601.json,None is not of type 'array'
/home/hemduttdabral/Downloads/proj-api-volume-dump/b5feedda-585f-476d-9e40-52acec908605/workspace/projects/test_project_name_954288/ai_test_project_name_954288.json,None is not of type 'string'
/home/hemduttdabral/Downloads/proj-api-volume-dump/b5feedda-585f-476d-9e40-52acec908605/workspace/projects/test_project_name_954288/ai_test_project_name_954288.json,None is not of type 'string'
/home/hemduttdabral/Downloads/proj-api-volume-dump/b5feedda-585f-476d-9e40-52acec908605/workspace/projects/test_project_name_954288/ai_test_project_name_954288.json,None is not of type 'array'
/home/hemduttdabral/Downloads/proj-api-volume-dump/b5feedda-585f-476d-9e40-52acec908605/workspace/projects/test_project_name_944231/ai_test_project_name_944231.json,None is not of type 'string'
/home/hemduttdabral/Downloads/proj-api-volume-dump/b5feedda-585f-476d-9e40-52acec908605/workspace/projects/test_project_name_944231/ai_test_project_name_944231.json,None is not of type 'string'
/home/hemduttdabral/Downloads/proj-api-volume-dump/b5feedda-585f-476d-9e40-52acec908605/workspace/projects/test_project_name_944231/ai_test_project_name_944231.json,None is not of type 'array'
/home/hemduttdabral/Downloads/proj-api-volume-dump/b5feedda-585f-476d-9e40-52acec908605/workspace/projects/test_project_name_629592/ai_test_project_name_629592.json,None is not of type 'string'
/home/hemduttdabral/Downloads/proj-api-volume-dump/b5feedda-585f-476d-9e40-52acec908605/workspace/projects/test_project_name_629592/ai_test_project_name_629592.json,None is not of type 'string'
/home/hemduttdabral/Downloads/proj-api-volume-dump/b5feedda-585f-476d-9e40-52acec908605/workspace/projects/test_project_name_629592/ai_test_project_name_629592.json,None is not of type 'array'
/home/hemduttdabral/Downloads/proj-api-volume-dump/b5feedda-585f-476d-9e40-52acec908605/workspace/projects/test_project_name_606264/ai_test_project_name_606264.json,None is not of type 'string'
/home/hemduttdabral/Downloads/proj-api-volume-dump/b5feedda-585f-476d-9e40-52acec908605/workspace/projects/test_project_name_606264/ai_test_project_name_606264.json,None is not of type 'string'
/home/hemduttdabral/Downloads/proj-api-volume-dump/b5feedda-585f-476d-9e40-52acec908605/workspace/projects/test_project_name_606264/ai_test_project_name_606264.json,None is not of type 'array'
/home/hemduttdabral/Downloads/proj-api-volume-dump/b5feedda-585f-476d-9e40-52acec908605/workspace/projects/test_project_name_221154/ai_test_project_name_221154.json,None is not of type 'string'
/home/hemduttdabral/Downloads/proj-api-volume-dump/b5feedda-585f-476d-9e40-52acec908605/workspace/projects/test_project_name_221154/ai_test_project_name_221154.json,None is not of type 'string'
/home/hemduttdabral/Downloads/proj-api-volume-dump/b5feedda-585f-476d-9e40-52acec908605/workspace/projects/test_project_name_221154/ai_test_project_name_221154.json,None is not of type 'array'
/home/hemduttdabral/Downloads/proj-api-volume-dump/b5feedda-585f-476d-9e40-52acec908605/workspace/projects/test_project_name_547396/ai_test_project_name_547396.json,None is not of type 'string'
/home/hemduttdabral/Downloads/proj-api-volume-dump/b5feedda-585f-476d-9e40-52acec908605/workspace/projects/test_project_name_547396/ai_test_project_name_547396.json,None is not of type 'string'
/home/hemduttdabral/Downloads/proj-api-volume-dump/b5feedda-585f-476d-9e40-52acec908605/workspace/projects/test_project_name_547396/ai_test_project_name_547396.json,None is not of type 'array'
/home/hemduttdabral/Downloads/proj-api-volume-dump/b5feedda-585f-476d-9e40-52acec908605/workspace/projects/test_project_name_228004/ai_test_project_name_228004.json,None is not of type 'string'
/home/hemduttdabral/Downloads/proj-api-volume-dump/b5feedda-585f-476d-9e40-52acec908605/workspace/projects/test_project_name_228004/ai_test_project_name_228004.json,None is not of type 'string'
/home/hemduttdabral/Downloads/proj-api-volume-dump/b5feedda-585f-476d-9e40-52acec908605/workspace/projects/test_project_name_228004/ai_test_project_name_228004.json,None is not of type 'array'
/home/hemduttdabral/Downloads/proj-api-volume-dump/b5feedda-585f-476d-9e40-52acec908605/workspace/projects/test_project_name_778342/ai_test_project_name_778342.json,None is not of type 'string'
/home/hemduttdabral/Downloads/proj-api-volume-dump/b5feedda-585f-476d-9e40-52acec908605/workspace/projects/test_project_name_778342/ai_test_project_name_778342.json,None is not of type 'string'
/home/hemduttdabral/Downloads/proj-api-volume-dump/b5feedda-585f-476d-9e40-52acec908605/workspace/projects/test_project_name_778342/ai_test_project_name_778342.json,None is not of type 'array'
/home/hemduttdabral/Downloads/proj-api-volume-dump/b5feedda-585f-476d-9e40-52acec908605/workspace/projects/test_project_name_150806/ai_test_project_name_150806.json,None is not of type 'string'
/home/hemduttdabral/Downloads/proj-api-volume-dump/b5feedda-585f-476d-9e40-52acec908605/workspace/projects/test_project_name_150806/ai_test_project_name_150806.json,None is not of type 'string'
/home/hemduttdabral/Downloads/proj-api-volume-dump/b5feedda-585f-476d-9e40-52acec908605/workspace/projects/test_project_name_150806/ai_test_project_name_150806.json,None is not of type 'array'
/home/hemduttdabral/Downloads/proj-api-volume-dump/b5feedda-585f-476d-9e40-52acec908605/workspace/projects/test_project_name_944349/ai_test_project_name_944349.json,None is not of type 'string'
/home/hemduttdabral/Downloads/proj-api-volume-dump/b5feedda-585f-476d-9e40-52acec908605/workspace/projects/test_project_name_944349/ai_test_project_name_944349.json,None is not of type 'string'
/home/hemduttdabral/Downloads/proj-api-volume-dump/b5feedda-585f-476d-9e40-52acec908605/workspace/projects/test_project_name_944349/ai_test_project_name_944349.json,None is not of type 'array'
/home/hemduttdabral/Downloads/proj-api-volume-dump/b5feedda-585f-476d-9e40-52acec908605/workspace/projects/test_project_name_716194/ai_test_project_name_716194.json,None is not of type 'string'
/home/hemduttdabral/Downloads/proj-api-volume-dump/b5feedda-585f-476d-9e40-52acec908605/workspace/projects/test_project_name_716194/ai_test_project_name_716194.json,None is not of type 'string'
/home/hemduttdabral/Downloads/proj-api-volume-dump/b5feedda-585f-476d-9e40-52acec908605/workspace/projects/test_project_name_716194/ai_test_project_name_716194.json,None is not of type 'string'
/home/hemduttdabral/Downloads/proj-api-volume-dump/b5feedda-585f-476d-9e40-52acec908605/workspace/projects/test_project_name_716194/ai_test_project_name_716194.json,None is not of type 'array'
/home/hemduttdabral/Downloads/proj-api-volume-dump/b5feedda-585f-476d-9e40-52acec908605/workspace/projects/test_project_name_100112/ai_test_project_name_100112.json,None is not of type 'string'
/home/hemduttdabral/Downloads/proj-api-volume-dump/b5feedda-585f-476d-9e40-52acec908605/workspace/projects/test_project_name_100112/ai_test_project_name_100112.json,None is not of type 'string'
/home/hemduttdabral/Downloads/proj-api-volume-dump/b5feedda-585f-476d-9e40-52acec908605/workspace/projects/test_project_name_100112/ai_test_project_name_100112.json,None is not of type 'array'
/home/hemduttdabral/Downloads/proj-api-volume-dump/b5feedda-585f-476d-9e40-52acec908605/workspace/projects/test_project_name_284089/ai_test_project_name_284089.json,None is not of type 'string'
/home/hemduttdabral/Downloads/proj-api-volume-dump/b5feedda-585f-476d-9e40-52acec908605/workspace/projects/test_project_name_284089/ai_test_project_name_284089.json,None is not of type 'string'
/home/hemduttdabral/Downloads/proj-api-volume-dump/b5feedda-585f-476d-9e40-52acec908605/workspace/projects/test_project_name_284089/ai_test_project_name_284089.json,None is not of type 'array'
/home/hemduttdabral/Downloads/proj-api-volume-dump/b5feedda-585f-476d-9e40-52acec908605/workspace/projects/test_project_name_322159/ai_test_project_name_322159.json,None is not of type 'string'
/home/hemduttdabral/Downloads/proj-api-volume-dump/b5feedda-585f-476d-9e40-52acec908605/workspace/projects/test_project_name_322159/ai_test_project_name_322159.json,None is not of type 'string'
/home/hemduttdabral/Downloads/proj-api-volume-dump/b5feedda-585f-476d-9e40-52acec908605/workspace/projects/test_project_name_322159/ai_test_project_name_322159.json,None is not of type 'array'
/home/hemduttdabral/Downloads/proj-api-volume-dump/b5feedda-585f-476d-9e40-52acec908605/workspace/projects/test_project_name_942513/ai_test_project_name_942513.json,None is not of type 'string'
/home/hemduttdabral/Downloads/proj-api-volume-dump/b5feedda-585f-476d-9e40-52acec908605/workspace/projects/test_project_name_942513/ai_test_project_name_942513.json,None is not of type 'string'
/home/hemduttdabral/Downloads/proj-api-volume-dump/b5feedda-585f-476d-9e40-52acec908605/workspace/projects/test_project_name_942513/ai_test_project_name_942513.json,None is not of type 'array'
/home/hemduttdabral/Downloads/proj-api-volume-dump/b5feedda-585f-476d-9e40-52acec908605/workspace/projects/test_project_name_435060/ai_test_project_name_435060.json,None is not of type 'string'
/home/hemduttdabral/Downloads/proj-api-volume-dump/b5feedda-585f-476d-9e40-52acec908605/workspace/projects/test_project_name_435060/ai_test_project_name_435060.json,None is not of type 'string'
/home/hemduttdabral/Downloads/proj-api-volume-dump/b5feedda-585f-476d-9e40-52acec908605/workspace/projects/test_project_name_435060/ai_test_project_name_435060.json,None is not of type 'array'
/home/hemduttdabral/Downloads/proj-api-volume-dump/b5feedda-585f-476d-9e40-52acec908605/workspace/projects/test_project_name_664950/ai_test_project_name_664950.json,None is not of type 'string'
/home/hemduttdabral/Downloads/proj-api-volume-dump/b5feedda-585f-476d-9e40-52acec908605/workspace/projects/test_project_name_664950/ai_test_project_name_664950.json,None is not of type 'string'
/home/hemduttdabral/Downloads/proj-api-volume-dump/b5feedda-585f-476d-9e40-52acec908605/workspace/projects/test_project_name_664950/ai_test_project_name_664950.json,None is not of type 'array'
/home/hemduttdabral/Downloads/proj-api-volume-dump/b5feedda-585f-476d-9e40-52acec908605/workspace/projects/test_project_name_370678/ai_test_project_name_370678.json,None is not of type 'string'
/home/hemduttdabral/Downloads/proj-api-volume-dump/b5feedda-585f-476d-9e40-52acec908605/workspace/projects/test_project_name_370678/ai_test_project_name_370678.json,None is not of type 'string'
/home/hemduttdabral/Downloads/proj-api-volume-dump/b5feedda-585f-476d-9e40-52acec908605/workspace/projects/test_project_name_370678/ai_test_project_name_370678.json,None is not of type 'array'
/home/hemduttdabral/Downloads/proj-api-volume-dump/b5feedda-585f-476d-9e40-52acec908605/workspace/projects/test_project_name_813734/ai_test_project_name_813734.json,None is not of type 'string'
/home/hemduttdabral/Downloads/proj-api-volume-dump/b5feedda-585f-476d-9e40-52acec908605/workspace/projects/test_project_name_813734/ai_test_project_name_813734.json,None is not of type 'string'
/home/hemduttdabral/Downloads/proj-api-volume-dump/b5feedda-585f-476d-9e40-52acec908605/workspace/projects/test_project_name_813734/ai_test_project_name_813734.json,None is not of type 'array'
/home/hemduttdabral/Downloads/proj-api-volume-dump/b5feedda-585f-476d-9e40-52acec908605/workspace/projects/test_project_name_985251/ai_test_project_name_985251.json,None is not of type 'string'
/home/hemduttdabral/Downloads/proj-api-volume-dump/b5feedda-585f-476d-9e40-52acec908605/workspace/projects/test_project_name_985251/ai_test_project_name_985251.json,None is not of type 'string'
/home/hemduttdabral/Downloads/proj-api-volume-dump/b5feedda-585f-476d-9e40-52acec908605/workspace/projects/test_project_name_985251/ai_test_project_name_985251.json,None is not of type 'array'
/home/hemduttdabral/Downloads/proj-api-volume-dump/b5feedda-585f-476d-9e40-52acec908605/workspace/projects/test_project_name_351497/ai_test_project_name_351497.json,None is not of type 'string'
/home/hemduttdabral/Downloads/proj-api-volume-dump/b5feedda-585f-476d-9e40-52acec908605/workspace/projects/test_project_name_351497/ai_test_project_name_351497.json,None is not of type 'string'
/home/hemduttdabral/Downloads/proj-api-volume-dump/b5feedda-585f-476d-9e40-52acec908605/workspace/projects/test_project_name_351497/ai_test_project_name_351497.json,None is not of type 'array'
/home/hemduttdabral/Downloads/proj-api-volume-dump/b5feedda-585f-476d-9e40-52acec908605/workspace/projects/test_project_name_840122/ai_test_project_name_840122.json,None is not of type 'string'
/home/hemduttdabral/Downloads/proj-api-volume-dump/b5feedda-585f-476d-9e40-52acec908605/workspace/projects/test_project_name_840122/ai_test_project_name_840122.json,None is not of type 'string'
/home/hemduttdabral/Downloads/proj-api-volume-dump/b5feedda-585f-476d-9e40-52acec908605/workspace/projects/test_project_name_840122/ai_test_project_name_840122.json,None is not of type 'array'
/home/hemduttdabral/Downloads/proj-api-volume-dump/b5feedda-585f-476d-9e40-52acec908605/workspace/projects/test_project_name_639857/ai_test_project_name_639857.json,None is not of type 'string'
/home/hemduttdabral/Downloads/proj-api-volume-dump/b5feedda-585f-476d-9e40-52acec908605/workspace/projects/test_project_name_639857/ai_test_project_name_639857.json,None is not of type 'string'
/home/hemduttdabral/Downloads/proj-api-volume-dump/b5feedda-585f-476d-9e40-52acec908605/workspace/projects/test_project_name_639857/ai_test_project_name_639857.json,None is not of type 'array'
/home/hemduttdabral/Downloads/proj-api-volume-dump/b5feedda-585f-476d-9e40-52acec908605/workspace/projects/test_project_name_426997/ai_test_project_name_426997.json,None is not of type 'string'
/home/hemduttdabral/Downloads/proj-api-volume-dump/b5feedda-585f-476d-9e40-52acec908605/workspace/projects/test_project_name_426997/ai_test_project_name_426997.json,None is not of type 'string'
/home/hemduttdabral/Downloads/proj-api-volume-dump/b5feedda-585f-476d-9e40-52acec908605/workspace/projects/test_project_name_426997/ai_test_project_name_426997.json,None is not of type 'array'
/home/hemduttdabral/Downloads/proj-api-volume-dump/b5feedda-585f-476d-9e40-52acec908605/workspace/projects/test_project_name_550616/ai_test_project_name_550616.json,None is not of type 'string'
/home/hemduttdabral/Downloads/proj-api-volume-dump/b5feedda-585f-476d-9e40-52acec908605/workspace/projects/test_project_name_550616/ai_test_project_name_550616.json,None is not of type 'string'
/home/hemduttdabral/Downloads/proj-api-volume-dump/b5feedda-585f-476d-9e40-52acec908605/workspace/projects/test_project_name_550616/ai_test_project_name_550616.json,None is not of type 'array'
/home/hemduttdabral/Downloads/proj-api-volume-dump/b5feedda-585f-476d-9e40-52acec908605/workspace/projects/test_project_name_882495/ai_test_project_name_882495.json,None is not of type 'string'
/home/hemduttdabral/Downloads/proj-api-volume-dump/b5feedda-585f-476d-9e40-52acec908605/workspace/projects/test_project_name_882495/ai_test_project_name_882495.json,None is not of type 'string'
/home/hemduttdabral/Downloads/proj-api-volume-dump/b5feedda-585f-476d-9e40-52acec908605/workspace/projects/test_project_name_882495/ai_test_project_name_882495.json,None is not of type 'array'
/home/hemduttdabral/Downloads/proj-api-volume-dump/b5feedda-585f-476d-9e40-52acec908605/workspace/projects/test_project_name_606324/ai_test_project_name_606324.json,None is not of type 'string'
/home/hemduttdabral/Downloads/proj-api-volume-dump/b5feedda-585f-476d-9e40-52acec908605/workspace/projects/test_project_name_606324/ai_test_project_name_606324.json,None is not of type 'string'
/home/hemduttdabral/Downloads/proj-api-volume-dump/b5feedda-585f-476d-9e40-52acec908605/workspace/projects/test_project_name_606324/ai_test_project_name_606324.json,None is not of type 'array'
/home/hemduttdabral/Downloads/proj-api-volume-dump/b5feedda-585f-476d-9e40-52acec908605/workspace/projects/test_project_name_590697/ai_test_project_name_590697.json,None is not of type 'string'
/home/hemduttdabral/Downloads/proj-api-volume-dump/b5feedda-585f-476d-9e40-52acec908605/workspace/projects/test_project_name_590697/ai_test_project_name_590697.json,None is not of type 'string'
/home/hemduttdabral/Downloads/proj-api-volume-dump/b5feedda-585f-476d-9e40-52acec908605/workspace/projects/test_project_name_590697/ai_test_project_name_590697.json,None is not of type 'array'
/home/hemduttdabral/Downloads/proj-api-volume-dump/b5feedda-585f-476d-9e40-52acec908605/workspace/projects/test_project_name_810651/ai_test_project_name_810651.json,None is not of type 'string'
/home/hemduttdabral/Downloads/proj-api-volume-dump/b5feedda-585f-476d-9e40-52acec908605/workspace/projects/test_project_name_810651/ai_test_project_name_810651.json,None is not of type 'string'
/home/hemduttdabral/Downloads/proj-api-volume-dump/b5feedda-585f-476d-9e40-52acec908605/workspace/projects/test_project_name_810651/ai_test_project_name_810651.json,None is not of type 'array'
/home/hemduttdabral/Downloads/proj-api-volume-dump/b5feedda-585f-476d-9e40-52acec908605/workspace/projects/test_project_name_588879/ai_test_project_name_588879.json,None is not of type 'string'
/home/hemduttdabral/Downloads/proj-api-volume-dump/b5feedda-585f-476d-9e40-52acec908605/workspace/projects/test_project_name_588879/ai_test_project_name_588879.json,None is not of type 'string'
/home/hemduttdabral/Downloads/proj-api-volume-dump/b5feedda-585f-476d-9e40-52acec908605/workspace/projects/test_project_name_588879/ai_test_project_name_588879.json,None is not of type 'array'
/home/hemduttdabral/Downloads/proj-api-volume-dump/b5feedda-585f-476d-9e40-52acec908605/workspace/projects/test_project_name_520594/ai_test_project_name_520594.json,None is not of type 'string'
/home/hemduttdabral/Downloads/proj-api-volume-dump/b5feedda-585f-476d-9e40-52acec908605/workspace/projects/test_project_name_520594/ai_test_project_name_520594.json,None is not of type 'string'
/home/hemduttdabral/Downloads/proj-api-volume-dump/b5feedda-585f-476d-9e40-52acec908605/workspace/projects/test_project_name_520594/ai_test_project_name_520594.json,None is not of type 'array'
/home/hemduttdabral/Downloads/proj-api-volume-dump/b5feedda-585f-476d-9e40-52acec908605/workspace/projects/test_project_name_872614/ai_test_project_name_872614.json,None is not of type 'string'
/home/hemduttdabral/Downloads/proj-api-volume-dump/b5feedda-585f-476d-9e40-52acec908605/workspace/projects/test_project_name_872614/ai_test_project_name_872614.json,None is not of type 'string'
/home/hemduttdabral/Downloads/proj-api-volume-dump/b5feedda-585f-476d-9e40-52acec908605/workspace/projects/test_project_name_872614/ai_test_project_name_872614.json,None is not of type 'array'
/home/hemduttdabral/Downloads/proj-api-volume-dump/b5feedda-585f-476d-9e40-52acec908605/workspace/projects/test_project_name_600034/ai_test_project_name_600034.json,None is not of type 'string'
/home/hemduttdabral/Downloads/proj-api-volume-dump/b5feedda-585f-476d-9e40-52acec908605/workspace/projects/test_project_name_600034/ai_test_project_name_600034.json,None is not of type 'string'
/home/hemduttdabral/Downloads/proj-api-volume-dump/b5feedda-585f-476d-9e40-52acec908605/workspace/projects/test_project_name_600034/ai_test_project_name_600034.json,None is not of type 'array'
/home/hemduttdabral/Downloads/proj-api-volume-dump/b5feedda-585f-476d-9e40-52acec908605/workspace/projects/test_project_name_754659/ai_test_project_name_754659.json,None is not of type 'string'
/home/hemduttdabral/Downloads/proj-api-volume-dump/b5feedda-585f-476d-9e40-52acec908605/workspace/projects/test_project_name_754659/ai_test_project_name_754659.json,None is not of type 'string'
/home/hemduttdabral/Downloads/proj-api-volume-dump/b5feedda-585f-476d-9e40-52acec908605/workspace/projects/test_project_name_754659/ai_test_project_name_754659.json,None is not of type 'array'
/home/hemduttdabral/Downloads/proj-api-volume-dump/b5feedda-585f-476d-9e40-52acec908605/workspace/projects/test_project_name_779903/ai_test_project_name_779903.json,None is not of type 'string'
/home/hemduttdabral/Downloads/proj-api-volume-dump/b5feedda-585f-476d-9e40-52acec908605/workspace/projects/test_project_name_779903/ai_test_project_name_779903.json,None is not of type 'string'
/home/hemduttdabral/Downloads/proj-api-volume-dump/b5feedda-585f-476d-9e40-52acec908605/workspace/projects/test_project_name_779903/ai_test_project_name_779903.json,None is not of type 'array'
/home/hemduttdabral/Downloads/proj-api-volume-dump/b5feedda-585f-476d-9e40-52acec908605/workspace/projects/test_project_name_291023/ai_test_project_name_291023.json,None is not of type 'string'
/home/hemduttdabral/Downloads/proj-api-volume-dump/b5feedda-585f-476d-9e40-52acec908605/workspace/projects/test_project_name_291023/ai_test_project_name_291023.json,None is not of type 'string'
/home/hemduttdabral/Downloads/proj-api-volume-dump/b5feedda-585f-476d-9e40-52acec908605/workspace/projects/test_project_name_291023/ai_test_project_name_291023.json,None is not of type 'array'
/home/hemduttdabral/Downloads/proj-api-volume-dump/b5feedda-585f-476d-9e40-52acec908605/workspace/projects/test_project_name_413950/ai_test_project_name_413950.json,None is not of type 'string'
/home/hemduttdabral/Downloads/proj-api-volume-dump/b5feedda-585f-476d-9e40-52acec908605/workspace/projects/test_project_name_413950/ai_test_project_name_413950.json,None is not of type 'string'
/home/hemduttdabral/Downloads/proj-api-volume-dump/b5feedda-585f-476d-9e40-52acec908605/workspace/projects/test_project_name_413950/ai_test_project_name_413950.json,None is not of type 'array'
/home/hemduttdabral/Downloads/proj-api-volume-dump/b5feedda-585f-476d-9e40-52acec908605/workspace/projects/test_project_name_928926/ai_test_project_name_928926.json,None is not of type 'string'
/home/hemduttdabral/Downloads/proj-api-volume-dump/b5feedda-585f-476d-9e40-52acec908605/workspace/projects/test_project_name_928926/ai_test_project_name_928926.json,None is not of type 'string'
/home/hemduttdabral/Downloads/proj-api-volume-dump/b5feedda-585f-476d-9e40-52acec908605/workspace/projects/test_project_name_928926/ai_test_project_name_928926.json,None is not of type 'array'
/home/hemduttdabral/Downloads/proj-api-volume-dump/b5feedda-585f-476d-9e40-52acec908605/workspace/projects/test_project_name_819402/ai_test_project_name_819402.json,None is not of type 'string'
/home/hemduttdabral/Downloads/proj-api-volume-dump/b5feedda-585f-476d-9e40-52acec908605/workspace/projects/test_project_name_819402/ai_test_project_name_819402.json,None is not of type 'string'
/home/hemduttdabral/Downloads/proj-api-volume-dump/b5feedda-585f-476d-9e40-52acec908605/workspace/projects/test_project_name_819402/ai_test_project_name_819402.json,None is not of type 'array'
/home/hemduttdabral/Downloads/proj-api-volume-dump/b5feedda-585f-476d-9e40-52acec908605/workspace/projects/test_project_name_215848/ai_test_project_name_215848.json,None is not of type 'string'
/home/hemduttdabral/Downloads/proj-api-volume-dump/b5feedda-585f-476d-9e40-52acec908605/workspace/projects/test_project_name_215848/ai_test_project_name_215848.json,None is not of type 'string'
/home/hemduttdabral/Downloads/proj-api-volume-dump/b5feedda-585f-476d-9e40-52acec908605/workspace/projects/test_project_name_215848/ai_test_project_name_215848.json,None is not of type 'array'
/home/hemduttdabral/Downloads/proj-api-volume-dump/b5feedda-585f-476d-9e40-52acec908605/workspace/projects/test_project_name_998551/ai_test_project_name_998551.json,None is not of type 'string'
/home/hemduttdabral/Downloads/proj-api-volume-dump/b5feedda-585f-476d-9e40-52acec908605/workspace/projects/test_project_name_998551/ai_test_project_name_998551.json,None is not of type 'string'
/home/hemduttdabral/Downloads/proj-api-volume-dump/b5feedda-585f-476d-9e40-52acec908605/workspace/projects/test_project_name_998551/ai_test_project_name_998551.json,None is not of type 'array'
/home/hemduttdabral/Downloads/proj-api-volume-dump/b5feedda-585f-476d-9e40-52acec908605/workspace/projects/test_project_name_899645/ai_test_project_name_899645.json,None is not of type 'string'
/home/hemduttdabral/Downloads/proj-api-volume-dump/b5feedda-585f-476d-9e40-52acec908605/workspace/projects/test_project_name_899645/ai_test_project_name_899645.json,None is not of type 'string'
/home/hemduttdabral/Downloads/proj-api-volume-dump/b5feedda-585f-476d-9e40-52acec908605/workspace/projects/test_project_name_899645/ai_test_project_name_899645.json,None is not of type 'array'
/home/hemduttdabral/Downloads/proj-api-volume-dump/b5feedda-585f-476d-9e40-52acec908605/workspace/projects/test_project_name_200243/ai_test_project_name_200243.json,None is not of type 'string'
/home/hemduttdabral/Downloads/proj-api-volume-dump/b5feedda-585f-476d-9e40-52acec908605/workspace/projects/test_project_name_200243/ai_test_project_name_200243.json,None is not of type 'string'
/home/hemduttdabral/Downloads/proj-api-volume-dump/b5feedda-585f-476d-9e40-52acec908605/workspace/projects/test_project_name_200243/ai_test_project_name_200243.json,None is not of type 'array'
/home/hemduttdabral/Downloads/proj-api-volume-dump/b5feedda-585f-476d-9e40-52acec908605/workspace/projects/test_project_name_420479/ai_test_project_name_420479.json,None is not of type 'string'
/home/hemduttdabral/Downloads/proj-api-volume-dump/b5feedda-585f-476d-9e40-52acec908605/workspace/projects/test_project_name_420479/ai_test_project_name_420479.json,None is not of type 'string'
/home/hemduttdabral/Downloads/proj-api-volume-dump/b5feedda-585f-476d-9e40-52acec908605/workspace/projects/test_project_name_420479/ai_test_project_name_420479.json,None is not of type 'array'
/home/hemduttdabral/Downloads/proj-api-volume-dump/b5feedda-585f-476d-9e40-52acec908605/workspace/projects/test_project_name_119598/ai_test_project_name_119598.json,None is not of type 'string'
/home/hemduttdabral/Downloads/proj-api-volume-dump/b5feedda-585f-476d-9e40-52acec908605/workspace/projects/test_project_name_119598/ai_test_project_name_119598.json,None is not of type 'string'
/home/hemduttdabral/Downloads/proj-api-volume-dump/b5feedda-585f-476d-9e40-52acec908605/workspace/projects/test_project_name_119598/ai_test_project_name_119598.json,None is not of type 'array'
/home/hemduttdabral/Downloads/proj-api-volume-dump/b5feedda-585f-476d-9e40-52acec908605/workspace/projects/test_project_name_321224/ai_test_project_name_321224.json,None is not of type 'string'
/home/hemduttdabral/Downloads/proj-api-volume-dump/b5feedda-585f-476d-9e40-52acec908605/workspace/projects/test_project_name_321224/ai_test_project_name_321224.json,None is not of type 'string'
/home/hemduttdabral/Downloads/proj-api-volume-dump/b5feedda-585f-476d-9e40-52acec908605/workspace/projects/test_project_name_321224/ai_test_project_name_321224.json,None is not of type 'array'
/home/hemduttdabral/Downloads/proj-api-volume-dump/b5feedda-585f-476d-9e40-52acec908605/workspace/projects/test_project_name_507359/ai_test_project_name_507359.json,None is not of type 'string'
/home/hemduttdabral/Downloads/proj-api-volume-dump/b5feedda-585f-476d-9e40-52acec908605/workspace/projects/test_project_name_507359/ai_test_project_name_507359.json,None is not of type 'string'
/home/hemduttdabral/Downloads/proj-api-volume-dump/b5feedda-585f-476d-9e40-52acec908605/workspace/projects/test_project_name_507359/ai_test_project_name_507359.json,None is not of type 'array'
/home/hemduttdabral/Downloads/proj-api-volume-dump/b5feedda-585f-476d-9e40-52acec908605/workspace/projects/test_project_name_551367/ai_test_project_name_551367.json,None is not of type 'string'
/home/hemduttdabral/Downloads/proj-api-volume-dump/b5feedda-585f-476d-9e40-52acec908605/workspace/projects/test_project_name_551367/ai_test_project_name_551367.json,None is not of type 'string'
/home/hemduttdabral/Downloads/proj-api-volume-dump/b5feedda-585f-476d-9e40-52acec908605/workspace/projects/test_project_name_551367/ai_test_project_name_551367.json,None is not of type 'array'
/home/hemduttdabral/Downloads/proj-api-volume-dump/b5feedda-585f-476d-9e40-52acec908605/workspace/projects/test_project_name_109397/ai_test_project_name_109397.json,None is not of type 'string'
/home/hemduttdabral/Downloads/proj-api-volume-dump/b5feedda-585f-476d-9e40-52acec908605/workspace/projects/test_project_name_109397/ai_test_project_name_109397.json,None is not of type 'string'
/home/hemduttdabral/Downloads/proj-api-volume-dump/b5feedda-585f-476d-9e40-52acec908605/workspace/projects/test_project_name_109397/ai_test_project_name_109397.json,None is not of type 'array'
/home/hemduttdabral/Downloads/proj-api-volume-dump/b5feedda-585f-476d-9e40-52acec908605/workspace/projects/test_project_name_304847/ai_test_project_name_304847.json,None is not of type 'string'
/home/hemduttdabral/Downloads/proj-api-volume-dump/b5feedda-585f-476d-9e40-52acec908605/workspace/projects/test_project_name_304847/ai_test_project_name_304847.json,None is not of type 'string'
/home/hemduttdabral/Downloads/proj-api-volume-dump/b5feedda-585f-476d-9e40-52acec908605/workspace/projects/test_project_name_304847/ai_test_project_name_304847.json,None is not of type 'array'
/home/hemduttdabral/Downloads/proj-api-volume-dump/b5feedda-585f-476d-9e40-52acec908605/workspace/projects/test_project_name_691798/ai_test_project_name_691798.json,None is not of type 'string'
/home/hemduttdabral/Downloads/proj-api-volume-dump/b5feedda-585f-476d-9e40-52acec908605/workspace/projects/test_project_name_691798/ai_test_project_name_691798.json,None is not of type 'string'
/home/hemduttdabral/Downloads/proj-api-volume-dump/b5feedda-585f-476d-9e40-52acec908605/workspace/projects/test_project_name_691798/ai_test_project_name_691798.json,None is not of type 'array'
/home/hemduttdabral/Downloads/proj-api-volume-dump/b5feedda-585f-476d-9e40-52acec908605/workspace/projects/test_project_name_222566/ai_test_project_name_222566.json,None is not of type 'string'
/home/hemduttdabral/Downloads/proj-api-volume-dump/b5feedda-585f-476d-9e40-52acec908605/workspace/projects/test_project_name_222566/ai_test_project_name_222566.json,None is not of type 'string'
/home/hemduttdabral/Downloads/proj-api-volume-dump/b5feedda-585f-476d-9e40-52acec908605/workspace/projects/test_project_name_222566/ai_test_project_name_222566.json,None is not of type 'array'
/home/hemduttdabral/Downloads/proj-api-volume-dump/b5feedda-585f-476d-9e40-52acec908605/workspace/projects/test_project_name_805991/ai_test_project_name_805991.json,None is not of type 'string'
/home/hemduttdabral/Downloads/proj-api-volume-dump/b5feedda-585f-476d-9e40-52acec908605/workspace/projects/test_project_name_805991/ai_test_project_name_805991.json,None is not of type 'string'
/home/hemduttdabral/Downloads/proj-api-volume-dump/b5feedda-585f-476d-9e40-52acec908605/workspace/projects/test_project_name_805991/ai_test_project_name_805991.json,None is not of type 'array'
/home/hemduttdabral/Downloads/proj-api-volume-dump/b5feedda-585f-476d-9e40-52acec908605/workspace/projects/test_project_name_546770/ai_test_project_name_546770.json,None is not of type 'string'
/home/hemduttdabral/Downloads/proj-api-volume-dump/b5feedda-585f-476d-9e40-52acec908605/workspace/projects/test_project_name_546770/ai_test_project_name_546770.json,None is not of type 'string'
/home/hemduttdabral/Downloads/proj-api-volume-dump/b5feedda-585f-476d-9e40-52acec908605/workspace/projects/test_project_name_546770/ai_test_project_name_546770.json,None is not of type 'array'
/home/hemduttdabral/Downloads/proj-api-volume-dump/b3670eb4-3cec-49b8-b74b-63242f4a8767/workspace/projects/Project_name_962748/ai_Project_name_962748.json,"{'application': '2f194e3e-4f38-4649-9ea9-50260fc754fc', 'firmware_update': False} is not valid under any of the given schemas"
/home/hemduttdabral/Downloads/proj-api-volume-dump/b3670eb4-3cec-49b8-b74b-63242f4a8767/workspace/projects/Project_name_531343/ai_Project_name_531343.json,"{'application': '8ede6ba0-b5d5-483e-9988-946299bc6619', 'firmware_update': False} is not valid under any of the given schemas"
/home/hemduttdabral/Downloads/proj-api-volume-dump/1680453a-66c8-421d-8295-069efd50f845/workspace/projects/Project_name_493784/ai_Project_name_493784.json,"{'application': '7a6ec8e4-cd0a-4449-8709-8862a54110a0', 'firmware_update': False} is not valid under any of the given schemas"
/home/hemduttdabral/Downloads/proj-api-volume-dump/1680453a-66c8-421d-8295-069efd50f845/workspace/projects/Project_name_329087/ai_Project_name_329087.json,"{'application': '40ea982c-b7f9-4521-b88e-bf13f6e0df6b', 'firmware_update': False} is not valid under any of the given schemas"
/home/hemduttdabral/Downloads/proj-api-volume-dump/1680453a-66c8-421d-8295-069efd50f845/workspace/projects/Project_name_603358/ai_Project_name_603358.json,"{'application': 'd6b0e306-e08d-4fe2-9770-5beae6319971', 'firmware_update': False} is not valid under any of the given schemas"
/home/hemduttdabral/Downloads/proj-api-volume-dump/1680453a-66c8-421d-8295-069efd50f845/workspace/projects/Project_name_239514/ai_Project_name_239514.json,"{'application': '842cca36-a664-4d64-918c-628c7c7dcc42', 'firmware_update': False} is not valid under any of the given schemas"
/home/hemduttdabral/Downloads/proj-api-volume-dump/1680453a-66c8-421d-8295-069efd50f845/workspace/projects/Project_name_453738/ai_Project_name_453738.json,"{'application': 'c5116772-b2ba-479a-a09e-2f8bdf7cbfd0', 'firmware_update': False} is not valid under any of the given schemas"
/home/hemduttdabral/Downloads/proj-api-volume-dump/461b45a3-1fda-4729-8dfa-32bf30aa3906/workspace/projects/Project_name_877016/ai_Project_name_877016.json,"{'application': 'ed9dc01f-5803-44f3-9f9e-b16aea7ad814', 'firmware_update': False} is not valid under any of the given schemas"
/home/hemduttdabral/Downloads/proj-api-volume-dump/461b45a3-1fda-4729-8dfa-32bf30aa3906/workspace/projects/Project_name_628142/ai_Project_name_628142.json,"{'application': '50f9df7f-6d4c-44b7-a7aa-de6ac3d4df8e', 'firmware_update': False} is not valid under any of the given schemas"
/home/hemduttdabral/Downloads/proj-api-volume-dump/461b45a3-1fda-4729-8dfa-32bf30aa3906/workspace/projects/Project_name_895324/ai_Project_name_895324.json,"{'application': '642b6b35-3eb1-4092-9dea-f1229fb4df0a', 'firmware_update': False} is not valid under any of the given schemas"
/home/hemduttdabral/Downloads/proj-api-volume-dump/461b45a3-1fda-4729-8dfa-32bf30aa3906/workspace/projects/Project_name_888647/ai_Project_name_888647.json,"{'application': 'dbe90350-7bab-4e44-8beb-264c6d8325e8', 'firmware_update': False} is not valid under any of the given schemas"
/home/hemduttdabral/Downloads/proj-api-volume-dump/66ef9443-a0de-45ad-962b-66f4ad915535/workspace/projects/Project_name_744713/ai_Project_name_744713.json,"{'application': '65946440-b596-4558-9b83-dd0ca801dc23', 'firmware_update': False} is not valid under any of the given schemas"
/home/hemduttdabral/Downloads/proj-api-volume-dump/bd6b30d3-4a9d-4ac5-9c5b-6f4a00c27a37/workspace/projects/Project_name_302345/ai_Project_name_302345.json,"{'application': '940e8ec5-82d7-4d39-a73a-cb7244c90b95', 'firmware_update': False} is not valid under any of the given schemas"
/home/hemduttdabral/Downloads/proj-api-volume-dump/bd6b30d3-4a9d-4ac5-9c5b-6f4a00c27a37/workspace/projects/Project_name_300129/ai_Project_name_300129.json,"{'application': '029415b4-a2fb-47ec-afb1-1afa2fdcc09a', 'firmware_update': False} is not valid under any of the given schemas"
/home/hemduttdabral/Downloads/proj-api-volume-dump/bd6b30d3-4a9d-4ac5-9c5b-6f4a00c27a37/workspace/projects/Project_name_9548/ai_Project_name_9548.json,"{'application': '54f8235f-ff96-483e-8b3a-ca5be767274e', 'firmware_update': False} is not valid under any of the given schemas"
/home/hemduttdabral/Downloads/proj-api-volume-dump/bd6b30d3-4a9d-4ac5-9c5b-6f4a00c27a37/workspace/projects/Project_name_308775/ai_Project_name_308775.json,"{'application': '8dbb8af1-2589-4cba-a253-ef533ed0bc2e', 'firmware_update': False} is not valid under any of the given schemas"
/home/hemduttdabral/Downloads/proj-api-volume-dump/2985146c-8901-4da9-87a9-d87c8f879b81/workspace/projects/Project_name_496215/ai_Project_name_496215.json,"{'application': '2318b4a6-486e-4768-bfbf-42f9d720dc96', 'firmware_update': False} is not valid under any of the given schemas"
/home/hemduttdabral/Downloads/proj-api-volume-dump/2985146c-8901-4da9-87a9-d87c8f879b81/workspace/projects/Project_name_782888/ai_Project_name_782888.json,"{'application': '704b7852-f346-4e94-83bb-11270229c8af', 'firmware_update': False} is not valid under any of the given schemas"
/home/hemduttdabral/Downloads/proj-api-volume-dump/2985146c-8901-4da9-87a9-d87c8f879b81/workspace/projects/Project_name_343409/ai_Project_name_343409.json,"{'application': 'e1f5dc86-8d96-4131-bcee-383d01d4ba0f', 'firmware_update': False} is not valid under any of the given schemas"
/home/hemduttdabral/Downloads/proj-api-volume-dump/2985146c-8901-4da9-87a9-d87c8f879b81/workspace/projects/Project_name_626143/ai_Project_name_626143.json,"{'application': 'f9b8fb80-4927-427d-87e4-9e2a1df853b4', 'firmware_update': False} is not valid under any of the given schemas"
/home/hemduttdabral/Downloads/proj-api-volume-dump/5f67af31-de9a-4a69-81a2-d234607fc5de/workspace/projects/Project_name_426921/ai_Project_name_426921.json,"{'application': '48611d8b-c301-47fb-8742-877a18dca4d8', 'firmware_update': False} is not valid under any of the given schemas"
/home/hemduttdabral/Downloads/proj-api-volume-dump/92337335-3b38-429d-9cf2-2a5018b55869/workspace/projects/Project_name_557597/ai_Project_name_557597.json,"{'application': '0e083278-1f57-4146-8fb3-4585c06bdd3b', 'firmware_update': False} is not valid under any of the given schemas"
/home/hemduttdabral/Downloads/proj-api-volume-dump/92337335-3b38-429d-9cf2-2a5018b55869/workspace/projects/Project_name_944872/ai_Project_name_944872.json,"{'application': 'e16fffb9-1fd9-46ad-a7f5-4aeefda22b23', 'firmware_update': False} is not valid under any of the given schemas"
/home/hemduttdabral/Downloads/proj-api-volume-dump/92337335-3b38-429d-9cf2-2a5018b55869/workspace/projects/Project_name_385995/ai_Project_name_385995.json,"{'application': '93c27148-99f1-4eca-9943-cf6e4a24f050', 'firmware_update': False} is not valid under any of the given schemas"
/home/hemduttdabral/Downloads/proj-api-volume-dump/a9904250-6193-4ca8-b4a2-5abc676fae8a/workspace/projects/Project_name_259712/ai_Project_name_259712.json,"{'application': 'baa26ba4-ba2b-452c-9597-10ed608fac60', 'firmware_update': False} is not valid under any of the given schemas"
/home/hemduttdabral/Downloads/proj-api-volume-dump/a9904250-6193-4ca8-b4a2-5abc676fae8a/workspace/projects/Project_name_274367/ai_Project_name_274367.json,"{'application': 'ffc99440-132b-416d-a19b-57cba906b34c', 'firmware_update': False} is not valid under any of the given schemas"
/home/hemduttdabral/Downloads/proj-api-volume-dump/508d5b02-a286-46cb-86ed-7487b1f5fd79/workspace/projects/Project_name_898065/ai_Project_name_898065.json,"{'application': 'a32c3262-81e7-4dec-9e2f-51b2324d9f98', 'firmware_update': False} is not valid under any of the given schemas"
/home/hemduttdabral/Downloads/proj-api-volume-dump/508d5b02-a286-46cb-86ed-7487b1f5fd79/workspace/projects/Project_name_71539/ai_Project_name_71539.json,"{'application': '2a189723-1fbc-4618-9862-14b6096819b7', 'firmware_update': False} is not valid under any of the given schemas"
/home/hemduttdabral/Downloads/proj-api-volume-dump/508d5b02-a286-46cb-86ed-7487b1f5fd79/workspace/projects/Project_name_696635/ai_Project_name_696635.json,"{'application': '488904ba-2afa-4082-a5c2-057a10251571', 'firmware_update': False} is not valid under any of the given schemas"
/home/hemduttdabral/Downloads/proj-api-volume-dump/16f50b96-ce7b-46fc-beed-5ce5b11bb442/workspace/projects/cloned-sat/ai_cloned-sat.json,"{'application': 'a4301b3c-faaf-44ed-990d-327e3991eabc', 'firmware_update': False} is not valid under any of the given schemas"
/home/hemduttdabral/Downloads/proj-api-volume-dump/16f50b96-ce7b-46fc-beed-5ce5b11bb442/workspace/projects/joystick-project/ai_joystick-project.json,None is not of type 'string'
/home/hemduttdabral/Downloads/proj-api-volume-dump/16f50b96-ce7b-46fc-beed-5ce5b11bb442/workspace/projects/joystick-project/ai_joystick-project.json,None is not of type 'string'
/home/hemduttdabral/Downloads/proj-api-volume-dump/19155e02-088f-4753-8eac-a8215ccd2162/workspace/projects/Project_name_809554/ai_Project_name_809554.json,"{'application': '90785edd-686f-40e4-b0f8-6dfdc7b35f4f', 'firmware_update': False} is not valid under any of the given schemas"
/home/hemduttdabral/Downloads/proj-api-volume-dump/19155e02-088f-4753-8eac-a8215ccd2162/workspace/projects/Project_name_344555/ai_Project_name_344555.json,"{'application': 'd783e7bf-12ed-4450-9242-081b37085e1d', 'firmware_update': False} is not valid under any of the given schemas"
/home/hemduttdabral/Downloads/proj-api-volume-dump/96dbd0ce-3192-47b1-845f-f22175edecf9/workspace/projects/Project_name_497453/ai_Project_name_497453.json,"{'application': 'd7e2e573-587c-46b7-8fcf-4f147f3dfcdb', 'firmware_update': False} is not valid under any of the given schemas"
/home/hemduttdabral/Downloads/proj-api-volume-dump/96dbd0ce-3192-47b1-845f-f22175edecf9/workspace/projects/Project_name_316190/ai_Project_name_316190.json,"{'application': 'b0f040ac-c9be-445c-aa69-6d1153140c3c', 'firmware_update': False} is not valid under any of the given schemas"
/home/hemduttdabral/Downloads/proj-api-volume-dump/96dbd0ce-3192-47b1-845f-f22175edecf9/workspace/projects/Project_name_104533/ai_Project_name_104533.json,"{'application': '55701126-eb28-4555-be54-ed0e3da71e56', 'firmware_update': False} is not valid under any of the given schemas"
/home/hemduttdabral/Downloads/proj-api-volume-dump/96dbd0ce-3192-47b1-845f-f22175edecf9/workspace/projects/Project_name_829917/ai_Project_name_829917.json,"{'application': 'e9cb6cb5-1981-45f4-b529-0a494f41e8ef', 'firmware_update': False} is not valid under any of the given schemas"
/home/hemduttdabral/Downloads/proj-api-volume-dump/ea66524a-2778-4966-a6ed-340abc5bc04b/workspace/20240402_drilling_machine/ai_20240402_drilling_machine.json,None is not of type 'string'
/home/hemduttdabral/Downloads/proj-api-volume-dump/ea66524a-2778-4966-a6ed-340abc5bc04b/workspace/20240404_drilling_machine/ai_20240404_drilling_machine.json,None is not of type 'string'
/home/hemduttdabral/Downloads/proj-api-volume-dump/ea66524a-2778-4966-a6ed-340abc5bc04b/workspace/projects/test_for_sharing_bug/ai_test_for_sharing_bug.json,"{'application': 'cf2e864d-986b-4d5c-a6b3-1dc4ddb6397a', 'firmware_update': False} is not valid under any of the given schemas"
/home/hemduttdabral/Downloads/proj-api-volume-dump/ea66524a-2778-4966-a6ed-340abc5bc04b/workspace/projects/test_for_sharing_bug/ai_test_for_sharing_bug.json,"{'application': '00b95945-eee7-4e12-9126-807f655ba35b', 'firmware_update': False} is not valid under any of the given schemas"
/home/hemduttdabral/Downloads/proj-api-volume-dump/ea66524a-2778-4966-a6ed-340abc5bc04b/workspace/projects/iot-system-test/ai_iot-system-test.json,"{'application': 'eda13d62-d944-451f-9c65-ff4c795082b0', 'firmware_update': False} is not valid under any of the given schemas"
/home/hemduttdabral/Downloads/proj-api-volume-dump/ea66524a-2778-4966-a6ed-340abc5bc04b/workspace/projects/VladimirJANOUSEK/ai_VladimirJANOUSEK.json,None is not of type 'string'
/home/hemduttdabral/Downloads/proj-api-volume-dump/ea66524a-2778-4966-a6ed-340abc5bc04b/workspace/projects/VladimirJANOUSEK/ai_VladimirJANOUSEK.json,None is not of type 'string'
/home/hemduttdabral/Downloads/proj-api-volume-dump/ea66524a-2778-4966-a6ed-340abc5bc04b/workspace/projects/my-sat-project/ai_my-sat-project.json,"{'application': 'aec6fc51-f2b6-4d01-b843-53e7a491088c', 'firmware_update': False} is not valid under any of the given schemas"
/home/hemduttdabral/Downloads/proj-api-volume-dump/ea66524a-2778-4966-a6ed-340abc5bc04b/workspace/projects/ble-test-ux/ai_ble-test-ux.json,"{'application': 'e048cfb6-c7e1-41ab-892c-df3ada6c7c82', 'firmware_update': False} is not valid under any of the given schemas"
/home/hemduttdabral/Downloads/proj-api-volume-dump/ea66524a-2778-4966-a6ed-340abc5bc04b/workspace/projects/ble-test-ux/ai_ble-test-ux.json,"{'application': '6b2793ed-c2cd-48e3-ba24-33ce6aa3b1cf', 'firmware_update': False} is not valid under any of the given schemas"
/home/hemduttdabral/Downloads/proj-api-volume-dump/ea66524a-2778-4966-a6ed-340abc5bc04b/workspace/projects/mlc_odr/ai_mlc_odr.json,Invalid JSON syntax
/home/hemduttdabral/Downloads/proj-api-volume-dump/ea66524a-2778-4966-a6ed-340abc5bc04b/workspace/projects/sat-iot-system-1/ai_sat-iot-system-1.json,"{'application': '677741f1-4fdd-413d-b4d6-384dc8952204', 'firmware_update': False} is not valid under any of the given schemas"
/home/hemduttdabral/Downloads/proj-api-volume-dump/ea66524a-2778-4966-a6ed-340abc5bc04b/workspace/projects/bug/ai_bug.json,None is not of type 'string'
/home/hemduttdabral/Downloads/proj-api-volume-dump/ea66524a-2778-4966-a6ed-340abc5bc04b/workspace/projects/bug/ai_bug.json,None is not of type 'string'
/home/hemduttdabral/Downloads/proj-api-volume-dump/ea66524a-2778-4966-a6ed-340abc5bc04b/workspace/projects/bug/ai_bug.json,None is not of type 'string'
/home/hemduttdabral/Downloads/proj-api-volume-dump/ea66524a-2778-4966-a6ed-340abc5bc04b/workspace/projects/my-usecase-project/ai_my-usecase-project.json,None is not of type 'string'
/home/hemduttdabral/Downloads/proj-api-volume-dump/ea66524a-2778-4966-a6ed-340abc5bc04b/workspace/projects/my-usecase-project/ai_my-usecase-project.json,None is not of type 'string'
/home/hemduttdabral/Downloads/proj-api-volume-dump/ea66524a-2778-4966-a6ed-340abc5bc04b/workspace/projects/my-usecase-project/ai_my-usecase-project.json,None is not of type 'string'
/home/hemduttdabral/Downloads/proj-api-volume-dump/ea66524a-2778-4966-a6ed-340abc5bc04b/workspace/projects/tennis_activity/ai_tennis_activity.json,None is not of type 'string'
/home/hemduttdabral/Downloads/proj-api-volume-dump/ea66524a-2778-4966-a6ed-340abc5bc04b/workspace/projects/tennis_activity/ai_tennis_activity.json,None is not of type 'string'
/home/hemduttdabral/Downloads/proj-api-volume-dump/ea66524a-2778-4966-a6ed-340abc5bc04b/workspace/projects/test-wrong-names/ai_test-wrong-names.json,None is not of type 'string'
/home/hemduttdabral/Downloads/proj-api-volume-dump/ea66524a-2778-4966-a6ed-340abc5bc04b/workspace/projects/test-wrong-names/ai_test-wrong-names.json,None is not of type 'string'
/home/hemduttdabral/Downloads/proj-api-volume-dump/ea66524a-2778-4966-a6ed-340abc5bc04b/workspace/projects/my-joystick/ai_my-joystick.json,None is not of type 'string'
/home/hemduttdabral/Downloads/proj-api-volume-dump/ea66524a-2778-4966-a6ed-340abc5bc04b/workspace/projects/my-joystick/ai_my-joystick.json,None is not of type 'string'
/home/hemduttdabral/Downloads/proj-api-volume-dump/ea66524a-2778-4966-a6ed-340abc5bc04b/workspace/projects/old-project/ai_old-project.json,"{'application': 'uuid_to_replace_application2', 'firmware_update': False} is not valid under any of the given schemas"
/home/hemduttdabral/Downloads/proj-api-volume-dump/ea66524a-2778-4966-a6ed-340abc5bc04b/workspace/projects/project-1/ai_project-1.json,None is not of type 'string'
/home/hemduttdabral/Downloads/proj-api-volume-dump/ea66524a-2778-4966-a6ed-340abc5bc04b/workspace/projects/project-1/ai_project-1.json,None is not of type 'string'
/home/hemduttdabral/Downloads/proj-api-volume-dump/ea66524a-2778-4966-a6ed-340abc5bc04b/workspace/projects/project-1/ai_project-1.json,None is not of type 'string'
/home/hemduttdabral/Downloads/proj-api-volume-dump/ea66524a-2778-4966-a6ed-340abc5bc04b/workspace/projects/my-usecase-project-1/ai_my-usecase-project-1.json,None is not of type 'string'
/home/hemduttdabral/Downloads/proj-api-volume-dump/ea66524a-2778-4966-a6ed-340abc5bc04b/workspace/projects/my-usecase-project-1/ai_my-usecase-project-1.json,None is not of type 'string'
/home/hemduttdabral/Downloads/proj-api-volume-dump/ea66524a-2778-4966-a6ed-340abc5bc04b/workspace/projects/my-usecase-project-1/ai_my-usecase-project-1.json,None is not of type 'string'
/home/hemduttdabral/Downloads/proj-api-volume-dump/eec06b88-d833-4f9e-a4e2-2b8b86785e35/workspace/projects/new_project_name_194788/ai_new_project_name_194788.json,None is not of type 'string'
/home/hemduttdabral/Downloads/proj-api-volume-dump/eec06b88-d833-4f9e-a4e2-2b8b86785e35/workspace/projects/new_project_name_194788/ai_new_project_name_194788.json,None is not of type 'string'
/home/hemduttdabral/Downloads/proj-api-volume-dump/eec06b88-d833-4f9e-a4e2-2b8b86785e35/workspace/projects/new_project_name_194788/ai_new_project_name_194788.json,None is not of type 'array'
/home/hemduttdabral/Downloads/proj-api-volume-dump/eec06b88-d833-4f9e-a4e2-2b8b86785e35/workspace/projects/new_project_name_283740/ai_new_project_name_283740.json,None is not of type 'string'
/home/hemduttdabral/Downloads/proj-api-volume-dump/eec06b88-d833-4f9e-a4e2-2b8b86785e35/workspace/projects/new_project_name_283740/ai_new_project_name_283740.json,None is not of type 'array'
/home/hemduttdabral/Downloads/proj-api-volume-dump/eec06b88-d833-4f9e-a4e2-2b8b86785e35/workspace/projects/new_project_name_498899/ai_new_project_name_498899.json,None is not of type 'string'
/home/hemduttdabral/Downloads/proj-api-volume-dump/eec06b88-d833-4f9e-a4e2-2b8b86785e35/workspace/projects/new_project_name_498899/ai_new_project_name_498899.json,None is not of type 'string'
/home/hemduttdabral/Downloads/proj-api-volume-dump/eec06b88-d833-4f9e-a4e2-2b8b86785e35/workspace/projects/new_project_name_498899/ai_new_project_name_498899.json,None is not of type 'array'
/home/hemduttdabral/Downloads/proj-api-volume-dump/eec06b88-d833-4f9e-a4e2-2b8b86785e35/workspace/projects/1/ai_1.json,"{'application': '7d7e1e98-5798-4d37-ad78-717b5191dbfe', 'firmware_update': False} is not valid under any of the given schemas"
/home/hemduttdabral/Downloads/proj-api-volume-dump/eec06b88-d833-4f9e-a4e2-2b8b86785e35/workspace/projects/new_project_name_866336/ai_new_project_name_866336.json,None is not of type 'string'
/home/hemduttdabral/Downloads/proj-api-volume-dump/eec06b88-d833-4f9e-a4e2-2b8b86785e35/workspace/projects/new_project_name_866336/ai_new_project_name_866336.json,None is not of type 'array'
/home/hemduttdabral/Downloads/proj-api-volume-dump/eec06b88-d833-4f9e-a4e2-2b8b86785e35/workspace/projects/new_project_name_946867/ai_new_project_name_946867.json,None is not of type 'string'
/home/hemduttdabral/Downloads/proj-api-volume-dump/eec06b88-d833-4f9e-a4e2-2b8b86785e35/workspace/projects/new_project_name_946867/ai_new_project_name_946867.json,None is not of type 'array'
/home/hemduttdabral/Downloads/proj-api-volume-dump/eec06b88-d833-4f9e-a4e2-2b8b86785e35/workspace/projects/new_project_name_755993/ai_new_project_name_755993.json,None is not of type 'string'
/home/hemduttdabral/Downloads/proj-api-volume-dump/eec06b88-d833-4f9e-a4e2-2b8b86785e35/workspace/projects/new_project_name_755993/ai_new_project_name_755993.json,None is not of type 'array'
/home/hemduttdabral/Downloads/proj-api-volume-dump/eec06b88-d833-4f9e-a4e2-2b8b86785e35/workspace/projects/new_project_name_368651/ai_new_project_name_368651.json,None is not of type 'string'
/home/hemduttdabral/Downloads/proj-api-volume-dump/eec06b88-d833-4f9e-a4e2-2b8b86785e35/workspace/projects/new_project_name_368651/ai_new_project_name_368651.json,None is not of type 'string'
/home/hemduttdabral/Downloads/proj-api-volume-dump/eec06b88-d833-4f9e-a4e2-2b8b86785e35/workspace/projects/new_project_name_368651/ai_new_project_name_368651.json,None is not of type 'array'
/home/hemduttdabral/Downloads/proj-api-volume-dump/eec06b88-d833-4f9e-a4e2-2b8b86785e35/workspace/projects/new_project_name_922012/ai_new_project_name_922012.json,None is not of type 'string'
/home/hemduttdabral/Downloads/proj-api-volume-dump/eec06b88-d833-4f9e-a4e2-2b8b86785e35/workspace/projects/new_project_name_922012/ai_new_project_name_922012.json,None is not of type 'string'
/home/hemduttdabral/Downloads/proj-api-volume-dump/eec06b88-d833-4f9e-a4e2-2b8b86785e35/workspace/projects/new_project_name_922012/ai_new_project_name_922012.json,None is not of type 'array'
/home/hemduttdabral/Downloads/proj-api-volume-dump/eec06b88-d833-4f9e-a4e2-2b8b86785e35/workspace/projects/new_project_name_364646/ai_new_project_name_364646.json,None is not of type 'string'
/home/hemduttdabral/Downloads/proj-api-volume-dump/eec06b88-d833-4f9e-a4e2-2b8b86785e35/workspace/projects/new_project_name_364646/ai_new_project_name_364646.json,None is not of type 'array'
/home/hemduttdabral/Downloads/proj-api-volume-dump/eec06b88-d833-4f9e-a4e2-2b8b86785e35/workspace/projects/new_project_name_152431/ai_new_project_name_152431.json,None is not of type 'string'
/home/hemduttdabral/Downloads/proj-api-volume-dump/eec06b88-d833-4f9e-a4e2-2b8b86785e35/workspace/projects/new_project_name_152431/ai_new_project_name_152431.json,None is not of type 'array'
/home/hemduttdabral/Downloads/proj-api-volume-dump/eec06b88-d833-4f9e-a4e2-2b8b86785e35/workspace/projects/new_project_name_878488/ai_new_project_name_878488.json,None is not of type 'string'
/home/hemduttdabral/Downloads/proj-api-volume-dump/eec06b88-d833-4f9e-a4e2-2b8b86785e35/workspace/projects/new_project_name_878488/ai_new_project_name_878488.json,None is not of type 'array'
/home/hemduttdabral/Downloads/proj-api-volume-dump/eec06b88-d833-4f9e-a4e2-2b8b86785e35/workspace/projects/new_project_name_740873/ai_new_project_name_740873.json,None is not of type 'string'
/home/hemduttdabral/Downloads/proj-api-volume-dump/eec06b88-d833-4f9e-a4e2-2b8b86785e35/workspace/projects/new_project_name_740873/ai_new_project_name_740873.json,None is not of type 'string'
/home/hemduttdabral/Downloads/proj-api-volume-dump/eec06b88-d833-4f9e-a4e2-2b8b86785e35/workspace/projects/new_project_name_740873/ai_new_project_name_740873.json,None is not of type 'array'
/home/hemduttdabral/Downloads/proj-api-volume-dump/eec06b88-d833-4f9e-a4e2-2b8b86785e35/workspace/projects/new_project_name_471867/ai_new_project_name_471867.json,None is not of type 'string'
/home/hemduttdabral/Downloads/proj-api-volume-dump/eec06b88-d833-4f9e-a4e2-2b8b86785e35/workspace/projects/new_project_name_471867/ai_new_project_name_471867.json,None is not of type 'array'
/home/hemduttdabral/Downloads/proj-api-volume-dump/eec06b88-d833-4f9e-a4e2-2b8b86785e35/workspace/projects/new_project_name_677242/ai_new_project_name_677242.json,None is not of type 'string'
/home/hemduttdabral/Downloads/proj-api-volume-dump/eec06b88-d833-4f9e-a4e2-2b8b86785e35/workspace/projects/new_project_name_677242/ai_new_project_name_677242.json,None is not of type 'string'
/home/hemduttdabral/Downloads/proj-api-volume-dump/eec06b88-d833-4f9e-a4e2-2b8b86785e35/workspace/projects/new_project_name_677242/ai_new_project_name_677242.json,None is not of type 'array'
/home/hemduttdabral/Downloads/proj-api-volume-dump/eec06b88-d833-4f9e-a4e2-2b8b86785e35/workspace/projects/new_project_name_101940/ai_new_project_name_101940.json,None is not of type 'string'
/home/hemduttdabral/Downloads/proj-api-volume-dump/eec06b88-d833-4f9e-a4e2-2b8b86785e35/workspace/projects/new_project_name_101940/ai_new_project_name_101940.json,None is not of type 'array'
/home/hemduttdabral/Downloads/proj-api-volume-dump/eec06b88-d833-4f9e-a4e2-2b8b86785e35/workspace/projects/new_project_name_513954/ai_new_project_name_513954.json,None is not of type 'string'
/home/hemduttdabral/Downloads/proj-api-volume-dump/eec06b88-d833-4f9e-a4e2-2b8b86785e35/workspace/projects/new_project_name_513954/ai_new_project_name_513954.json,None is not of type 'array'
/home/hemduttdabral/Downloads/proj-api-volume-dump/eec06b88-d833-4f9e-a4e2-2b8b86785e35/workspace/projects/new_project_name_832936/ai_new_project_name_832936.json,None is not of type 'string'
/home/hemduttdabral/Downloads/proj-api-volume-dump/eec06b88-d833-4f9e-a4e2-2b8b86785e35/workspace/projects/new_project_name_832936/ai_new_project_name_832936.json,None is not of type 'string'
/home/hemduttdabral/Downloads/proj-api-volume-dump/eec06b88-d833-4f9e-a4e2-2b8b86785e35/workspace/projects/new_project_name_832936/ai_new_project_name_832936.json,None is not of type 'array'
/home/hemduttdabral/Downloads/proj-api-volume-dump/0c4705ba-33fe-441a-8e34-2de834548fd6/workspace/projects/Project_name_382729/ai_Project_name_382729.json,"{'application': '09716445-2197-4c5a-8644-171c9900edb7', 'firmware_update': False} is not valid under any of the given schemas"
/home/hemduttdabral/Downloads/proj-api-volume-dump/0c4705ba-33fe-441a-8e34-2de834548fd6/workspace/projects/Project_name_517802/ai_Project_name_517802.json,"{'application': 'a9f98e91-0f11-49c0-be20-cd2ad0d20be1', 'firmware_update': False} is not valid under any of the given schemas"
/home/hemduttdabral/Downloads/proj-api-volume-dump/b007b6a4-9ea4-492b-9843-30e6942e647f/workspace/projects/Project_name_980605/ai_Project_name_980605.json,"{'application': '373dc401-a68d-4472-8a9e-3889398326a0', 'firmware_update': False} is not valid under any of the given schemas"
/home/hemduttdabral/Downloads/proj-api-volume-dump/b007b6a4-9ea4-492b-9843-30e6942e647f/workspace/projects/Project_name_750550/ai_Project_name_750550.json,"{'application': '9c749e6a-b8e9-41d2-83e7-2f4c303f4377', 'firmware_update': False} is not valid under any of the given schemas"
/home/hemduttdabral/Downloads/proj-api-volume-dump/egsbag8y2gsxr1ktt5y6nt5k10/workspace/projects/test-project-833/ai_test-project-833.json,None is not of type 'string'
/home/hemduttdabral/Downloads/proj-api-volume-dump/egsbag8y2gsxr1ktt5y6nt5k10/workspace/projects/test-project-833/ai_test-project-833.json,None is not of type 'string'
/home/hemduttdabral/Downloads/proj-api-volume-dump/egsbag8y2gsxr1ktt5y6nt5k10/workspace/projects/test-project-834/ai_test-project-834.json,None is not of type 'string'
/home/hemduttdabral/Downloads/proj-api-volume-dump/egsbag8y2gsxr1ktt5y6nt5k10/workspace/projects/test-project-834/ai_test-project-834.json,None is not of type 'string'
/home/hemduttdabral/Downloads/proj-api-volume-dump/348c1a56-a4f6-42de-9309-c156db2fb059/workspace/projects/Project_name_288389/ai_Project_name_288389.json,"{'application': '9cc92bb8-09f4-4ac0-aec5-7997ce02a461', 'firmware_update': False} is not valid under any of the given schemas"
/home/hemduttdabral/Downloads/proj-api-volume-dump/sp4n95r2rc4he7b4rpzdpqtj10/workspace/projects/gproject1/ai_gproject1.json,"{'application': '536a3f91-0e51-470c-bfc9-6fa61a4c71e2', 'firmware_update': False} is not valid under any of the given schemas"
/home/hemduttdabral/Downloads/proj-api-volume-dump/sp4n95r2rc4he7b4rpzdpqtj10/workspace/projects/test-project-114/ai_test-project-114.json,"{'application': 'ce3cd1c5-a29e-4185-bd04-281a5505cb7c', 'firmware_update': False} is not valid under any of the given schemas"
/home/hemduttdabral/Downloads/proj-api-volume-dump/sp4n95r2rc4he7b4rpzdpqtj10/workspace/projects/test-project-112/ai_test-project-112.json,"{'application': 'ce3cd1c5-a29e-4185-bd04-281a5505cb7c', 'firmware_update': False} is not valid under any of the given schemas"
/home/hemduttdabral/Downloads/proj-api-volume-dump/sp4n95r2rc4he7b4rpzdpqtj10/workspace/projects/test-project-110/ai_test-project-110.json,None is not of type 'string'
/home/hemduttdabral/Downloads/proj-api-volume-dump/sp4n95r2rc4he7b4rpzdpqtj10/workspace/projects/test-project-110/ai_test-project-110.json,None is not of type 'string'
/home/hemduttdabral/Downloads/proj-api-volume-dump/sp4n95r2rc4he7b4rpzdpqtj10/workspace/projects/test-project-111/ai_test-project-111.json,"{'application': '59b0ca44-d85b-497d-812f-2cec1832f998', 'firmware_update': False} is not valid under any of the given schemas"
/home/hemduttdabral/Downloads/proj-api-volume-dump/sp4n95r2rc4he7b4rpzdpqtj10/workspace/projects/group-user_project_1-clone/ai_group-user_project_1-clone.json,"{'application': '1b5525f1-e0e0-4ca2-a274-91d32c58324a', 'firmware_update': False} is not valid under any of the given schemas"
/home/hemduttdabral/Downloads/proj-api-volume-dump/sp4n95r2rc4he7b4rpzdpqtj10/workspace/projects/test-project-210/ai_test-project-210.json,None is not of type 'string'
/home/hemduttdabral/Downloads/proj-api-volume-dump/sp4n95r2rc4he7b4rpzdpqtj10/workspace/projects/test-project-210/ai_test-project-210.json,None is not of type 'string'
/home/hemduttdabral/Downloads/proj-api-volume-dump/sp4n95r2rc4he7b4rpzdpqtj10/workspace/projects/group-user_project_2-clone/ai_group-user_project_2-clone.json,"{'application': 'd6ffda43-149b-49b6-9e99-cc94930e6e84', 'firmware_update': False} is not valid under any of the given schemas"
/home/hemduttdabral/Downloads/proj-api-volume-dump/sp4n95r2rc4he7b4rpzdpqtj10/workspace/projects/TBC_gproject1_clone/ai_TBC_gproject1_clone.json,"{'application': '536a3f91-0e51-470c-bfc9-6fa61a4c71e2', 'firmware_update': False} is not valid under any of the given schemas"
/home/hemduttdabral/Downloads/proj-api-volume-dump/sp4n95r2rc4he7b4rpzdpqtj10/workspace/projects/clone-TBC-group-1/ai_clone-TBC-group-1.json,"{'application': 'd49f6f1a-14e4-42d8-a712-e4713e06ada3', 'firmware_update': False} is not valid under any of the given schemas"
/home/hemduttdabral/Downloads/proj-api-volume-dump/52795f85-729e-454d-ac11-4d880a2ecb58/workspace/projects/Project_name_826195/ai_get_started_asset_tracking_mlc_v10.json,Invalid JSON syntax
/home/hemduttdabral/Downloads/proj-api-volume-dump/52795f85-729e-454d-ac11-4d880a2ecb58/workspace/projects/Project_name_826195/ai_get_started_asset_tracking_mlc_v10_multiple_models.json,Invalid JSON syntax
/home/hemduttdabral/Downloads/proj-api-volume-dump/2ee34198-7f3a-473e-928b-b490c8c1caaa/workspace/projects/Project_name_243897/ai_Project_name_243897.json,"{'application': '00aa9ffd-3553-4b1f-9ad2-4e884fcfd997', 'firmware_update': False} is not valid under any of the given schemas"
/home/hemduttdabral/Downloads/proj-api-volume-dump/2ee34198-7f3a-473e-928b-b490c8c1caaa/workspace/projects/Project_name_458551/ai_Project_name_458551.json,"{'application': '25a97bbb-c1ab-47ea-bf9b-c7091ae08e0e', 'firmware_update': False} is not valid under any of the given schemas"
/home/hemduttdabral/Downloads/proj-api-volume-dump/2ee34198-7f3a-473e-928b-b490c8c1caaa/workspace/projects/Project_name_31173/ai_Project_name_31173.json,"{'application': '311a6b78-bac3-40c6-ba5d-11ddae981513', 'firmware_update': False} is not valid under any of the given schemas"
/home/hemduttdabral/Downloads/proj-api-volume-dump/2ee34198-7f3a-473e-928b-b490c8c1caaa/workspace/projects/Project_name_718616/ai_Project_name_718616.json,"{'application': '5b234a78-e1f9-46c2-ba06-01799ebc36c4', 'firmware_update': False} is not valid under any of the given schemas"
/home/hemduttdabral/Downloads/proj-api-volume-dump/113fe401-3224-49c0-97f3-485abcfc0759/workspace/projects/Project_name_84399/ai_Project_name_84399.json,"{'application': '5b5acdd9-04e4-4070-8ea1-17ffc0369de5', 'firmware_update': False} is not valid under any of the given schemas"
/home/hemduttdabral/Downloads/proj-api-volume-dump/6zbvqwkeyyzwqb2v9t1m9dfk10/workspace/projects/test/ai_test.json,None is not of type 'string'
/home/hemduttdabral/Downloads/proj-api-volume-dump/6zbvqwkeyyzwqb2v9t1m9dfk10/workspace/projects/test/ai_test.json,None is not of type 'string'
/home/hemduttdabral/Downloads/proj-api-volume-dump/6zbvqwkeyyzwqb2v9t1m9dfk10/workspace/projects/test/ai_test.json,None is not of type 'string'
/home/hemduttdabral/Downloads/proj-api-volume-dump/fe9a68d6-4c99-4179-829f-39034b4d2c92/workspace/projects/Project_name_97899/ai_Project_name_97899.json,"{'application': 'f4b1c681-0e6a-4da4-8161-417261bc6eb9', 'firmware_update': False} is not valid under any of the given schemas"
/home/hemduttdabral/Downloads/proj-api-volume-dump/fe9a68d6-4c99-4179-829f-39034b4d2c92/workspace/projects/Project_name_767999/ai_Project_name_767999.json,"{'application': '47bbabf1-d594-4275-8bf8-3ee036939781', 'firmware_update': False} is not valid under any of the given schemas"
/home/hemduttdabral/Downloads/proj-api-volume-dump/fe9a68d6-4c99-4179-829f-39034b4d2c92/workspace/projects/Project_name_459818/ai_Project_name_459818.json,"{'application': '78f29a6e-1485-4397-8554-b05bad398032', 'firmware_update': False} is not valid under any of the given schemas"
/home/hemduttdabral/Downloads/proj-api-volume-dump/fe9a68d6-4c99-4179-829f-39034b4d2c92/workspace/projects/Project_name_322462/ai_Project_name_322462.json,"{'application': '410c28bb-974f-4d5c-a786-923e1b7865d8', 'firmware_update': False} is not valid under any of the given schemas"
/home/hemduttdabral/Downloads/proj-api-volume-dump/369a0f10-40bb-4f54-90d0-f2b75cfab754/workspace/projects/Project_name_426605/ai_Project_name_426605.json,"{'application': '2424d8af-abd5-4d9e-b3b1-abaf33a9186b', 'firmware_update': False} is not valid under any of the given schemas"
/home/hemduttdabral/Downloads/proj-api-volume-dump/369a0f10-40bb-4f54-90d0-f2b75cfab754/workspace/projects/Project_name_76427/ai_Project_name_76427.json,"{'application': 'd99abced-9cdd-4a0d-b804-9ce7ffe6db3c', 'firmware_update': False} is not valid under any of the given schemas"
/home/hemduttdabral/Downloads/proj-api-volume-dump/ddd4c545-ca05-49f0-a4a3-819b35f5a670/workspace/projects/Project_name_682916/ai_Project_name_682916.json,"{'application': 'f669fb15-10ee-46dd-a7cc-562625e01df1', 'firmware_update': False} is not valid under any of the given schemas"
/home/hemduttdabral/Downloads/proj-api-volume-dump/ddd4c545-ca05-49f0-a4a3-819b35f5a670/workspace/projects/Project_name_383480/ai_Project_name_383480.json,"{'application': 'd874862d-0d44-4dcd-8454-d5f2a98c64d5', 'firmware_update': False} is not valid under any of the given schemas"
/home/hemduttdabral/Downloads/proj-api-volume-dump/80c7fc83-a39d-4238-bdc8-3686dab91f27/workspace/projects/Project_name_365997/ai_Project_name_365997.json,"{'application': '1b7760c0-d7bd-49dc-9232-9e7fa16858cb', 'firmware_update': False} is not valid under any of the given schemas"
/home/hemduttdabral/Downloads/proj-api-volume-dump/80c7fc83-a39d-4238-bdc8-3686dab91f27/workspace/projects/Project_name_276758/ai_Project_name_276758.json,"{'application': 'a4b59f73-8118-410d-8760-8149ce987cf2', 'firmware_update': False} is not valid under any of the given schemas"
/home/hemduttdabral/Downloads/proj-api-volume-dump/780fc7e1-9d5e-4e2f-95a1-88b0b27437cc/workspace/projects/Project_name_175989/ai_Project_name_175989.json,"{'application': 'c323b78e-203d-4057-99b3-cbb81279bf78', 'firmware_update': False} is not valid under any of the given schemas"
/home/hemduttdabral/Downloads/proj-api-volume-dump/780fc7e1-9d5e-4e2f-95a1-88b0b27437cc/workspace/projects/Project_name_487072/ai_Project_name_487072.json,"{'application': '606ac494-7976-408c-9a1c-2b0737ae0b99', 'firmware_update': False} is not valid under any of the given schemas"
/home/hemduttdabral/Downloads/proj-api-volume-dump/780fc7e1-9d5e-4e2f-95a1-88b0b27437cc/workspace/projects/Project_name_877933/ai_Project_name_877933.json,"{'application': '85fd065a-3068-4af0-a6d3-ed40ec6cce26', 'firmware_update': False} is not valid under any of the given schemas"
/home/hemduttdabral/Downloads/proj-api-volume-dump/780fc7e1-9d5e-4e2f-95a1-88b0b27437cc/workspace/projects/Project_name_898245/ai_Project_name_898245.json,"{'application': '5bd91415-8eda-4482-aa7c-7c79c8a0454c', 'firmware_update': False} is not valid under any of the given schemas"
/home/hemduttdabral/Downloads/proj-api-volume-dump/780fc7e1-9d5e-4e2f-95a1-88b0b27437cc/workspace/projects/Project_name_396517/ai_Project_name_396517.json,"{'application': '49148220-cec2-438c-8fb2-9bcf02d8629e', 'firmware_update': False} is not valid under any of the given schemas"
/home/hemduttdabral/Downloads/proj-api-volume-dump/f6be2f44-7b85-46f0-b5ff-8336c888aa85/workspace/projects/Project_name_494545/ai_Project_name_494545.json,"{'application': 'd688b043-c2fc-4c1e-a9ad-76d467cb9a83', 'firmware_update': False} is not valid under any of the given schemas"
/home/hemduttdabral/Downloads/proj-api-volume-dump/f6be2f44-7b85-46f0-b5ff-8336c888aa85/workspace/projects/Project_name_245124/ai_Project_name_245124.json,"{'application': '871deb33-cc1f-4b2f-a809-0fe7669ce7ef', 'firmware_update': False} is not valid under any of the given schemas"
/home/hemduttdabral/Downloads/proj-api-volume-dump/5481ea48-7cc7-46e7-afb9-76d4fe8d8c7d/workspace/projects/Project_name_83124/ai_Project_name_83124.json,"{'application': '7b416f0d-f9b8-4cb6-81c1-96b5f7e6d578', 'firmware_update': False} is not valid under any of the given schemas"
/home/hemduttdabral/Downloads/proj-api-volume-dump/5481ea48-7cc7-46e7-afb9-76d4fe8d8c7d/workspace/projects/Project_name_255593/ai_Project_name_255593.json,"{'application': 'c584b1b5-9f75-4c8e-8ec0-889535849eba', 'firmware_update': False} is not valid under any of the given schemas"
/home/hemduttdabral/Downloads/proj-api-volume-dump/e9bffe6a-9966-4c48-8b41-a64577359f45/workspace/projects/20240705_automode_ux_test/ai_20240705_automode_ux_test.json,None is not of type 'string'
/home/hemduttdabral/Downloads/proj-api-volume-dump/ebd4fbpwxaw45y5d3zhrfksj10/workspace/projects/test/ai_test.json,None is not of type 'string'
/home/hemduttdabral/Downloads/proj-api-volume-dump/ebd4fbpwxaw45y5d3zhrfksj10/workspace/projects/test/ai_test.json,None is not of type 'string'
/home/hemduttdabral/Downloads/proj-api-volume-dump/011ce894-872b-4a1d-8fee-fb3de92d88c2/workspace/projects/Project_name_185734/ai_Project_name_185734.json,"{'application': 'ab052533-1481-461d-b318-ea827d050863', 'firmware_update': False} is not valid under any of the given schemas"
/home/hemduttdabral/Downloads/proj-api-volume-dump/d7dbc569-f226-4965-a70a-bf5020dc8518/workspace/projects/Project_name_74272/ai_Project_name_74272.json,"{'application': 'a77763e9-8635-4d5c-8c4b-89a69eac1386', 'firmware_update': False} is not valid under any of the given schemas"
/home/hemduttdabral/Downloads/proj-api-volume-dump/d7dbc569-f226-4965-a70a-bf5020dc8518/workspace/projects/Project_name_213394/ai_Project_name_213394.json,"{'application': '1e4ced50-0ceb-45b5-aabf-94e679298525', 'firmware_update': False} is not valid under any of the given schemas"
/home/hemduttdabral/Downloads/proj-api-volume-dump/d7dbc569-f226-4965-a70a-bf5020dc8518/workspace/projects/Project_name_277371/ai_Project_name_277371.json,"{'application': 'dcaf6e1d-bcd2-4f49-9a26-304bcfb7abff', 'firmware_update': False} is not valid under any of the given schemas"
/home/hemduttdabral/Downloads/proj-api-volume-dump/e84c512c-120e-47cc-84e9-33eb697ec7a0/workspace/projects/Project_name_820003/ai_Project_name_820003.json,"{'application': '81012a3e-0e10-4183-b5b1-997af105f57c', 'firmware_update': False} is not valid under any of the given schemas"
/home/hemduttdabral/Downloads/proj-api-volume-dump/e84c512c-120e-47cc-84e9-33eb697ec7a0/workspace/projects/Project_name_250089/ai_Project_name_250089.json,"{'application': '66d9e187-fbfc-40ba-b5d6-524353cfb748', 'firmware_update': False} is not valid under any of the given schemas"
/home/hemduttdabral/Downloads/proj-api-volume-dump/e84c512c-120e-47cc-84e9-33eb697ec7a0/workspace/projects/Project_name_327213/ai_Project_name_327213.json,"{'application': 'c8e0bd0b-16cd-45ba-abbd-5ed70063c673', 'firmware_update': False} is not valid under any of the given schemas"
/home/hemduttdabral/Downloads/proj-api-volume-dump/558d2ade-6e2d-4ffd-8d46-96f1cc799640/workspace/projects/Project_name_715054/ai_Project_name_715054.json,"{'application': '626defa0-f781-4042-93e2-dcb9ddf6db84', 'firmware_update': False} is not valid under any of the given schemas"
/home/hemduttdabral/Downloads/proj-api-volume-dump/56d64a87-fbc9-479d-aa36-727101a37fbd/workspace/projects/Project_name_754736/ai_Project_name_754736.json,"{'application': '8719f402-e6bd-4d0e-ad5c-46e9989e474f', 'firmware_update': False} is not valid under any of the given schemas"
/home/hemduttdabral/Downloads/proj-api-volume-dump/4c96d3b0-4d4a-4e2f-b790-3c22287330b0/workspace/projects/Project_name_164686/ai_Project_name_164686.json,"{'application': 'f3a4b3d9-6423-41b4-a1ca-723e979a18ab', 'firmware_update': False} is not valid under any of the given schemas"
/home/hemduttdabral/Downloads/proj-api-volume-dump/4c96d3b0-4d4a-4e2f-b790-3c22287330b0/workspace/projects/Project_name_539265/ai_Project_name_539265.json,"{'application': 'd3712da6-4b54-4023-91e4-43294b11b751', 'firmware_update': False} is not valid under any of the given schemas"
/home/hemduttdabral/Downloads/proj-api-volume-dump/4c96d3b0-4d4a-4e2f-b790-3c22287330b0/workspace/projects/Project_name_741830/ai_Project_name_741830.json,"{'application': '55865bfd-e949-4974-93d5-72c247c9f2aa', 'firmware_update': False} is not valid under any of the given schemas"
/home/hemduttdabral/Downloads/proj-api-volume-dump/4e7bc957-0881-4bf1-bfc1-ed231f49bc11/workspace/projects/Project_name_464967/ai_Project_name_464967.json,"{'application': 'f0e33124-45bd-4236-a6b8-2cd03477c4ae', 'firmware_update': False} is not valid under any of the given schemas"
/home/hemduttdabral/Downloads/proj-api-volume-dump/4e7bc957-0881-4bf1-bfc1-ed231f49bc11/workspace/projects/Project_name_439440/ai_Project_name_439440.json,"{'application': 'd2876a20-c0bb-4b83-a30d-a0ffceedc05f', 'firmware_update': False} is not valid under any of the given schemas"
