file_path,error_reason
/home/hemduttdabral/Downloads/proj-api-volume-dump/7b261599-24c5-49fa-91f8-5c115a75974e/workspace/projects/Project_name_418987/ai_Project_name_418987.json,'project_owner_uuid' is a required property
/home/hemduttdabral/Downloads/proj-api-volume-dump/cbf09bd6-be92-4286-bfee-d848f4c07ac7/workspace/projects/Project_name_278105/ai_Project_name_278105.json,'project_owner_uuid' is a required property
/home/hemduttdabral/Downloads/proj-api-volume-dump/frb5azc94k4cs4zbk7eh2gfk10/workspace/projects/Dataset_Project_66524/ai_Dataset_Project_66524.json,'$schema' is a required property
/home/hemduttdabral/Downloads/proj-api-volume-dump/e891f69d-c884-4a03-a0f5-0cb9a36483ae/workspace/projects/Project_name_370213/ai_Project_name_370213.json,'project_owner_uuid' is a required property
/home/hemduttdabral/Downloads/proj-api-volume-dump/e891f69d-c884-4a03-a0f5-0cb9a36483ae/workspace/projects/Project_name_111287/ai_Project_name_111287.json,'project_owner_uuid' is a required property
/home/hemduttdabral/Downloads/proj-api-volume-dump/e891f69d-c884-4a03-a0f5-0cb9a36483ae/workspace/projects/Project_name_72137/ai_Project_name_72137.json,'project_owner_uuid' is a required property
/home/hemduttdabral/Downloads/proj-api-volume-dump/e891f69d-c884-4a03-a0f5-0cb9a36483ae/workspace/projects/Project_name_607192/ai_Project_name_607192.json,'project_owner_uuid' is a required property
/home/hemduttdabral/Downloads/proj-api-volume-dump/e891f69d-c884-4a03-a0f5-0cb9a36483ae/workspace/projects/Project_name_870694/ai_Project_name_870694.json,'project_owner_uuid' is a required property
/home/hemduttdabral/Downloads/proj-api-volume-dump/52c1ce8b-cd13-42df-b09f-a9c35bf440e3/workspace/projects/Project_name_917216/ai_Project_name_917216.json,'project_owner_uuid' is a required property
/home/hemduttdabral/Downloads/proj-api-volume-dump/52c1ce8b-cd13-42df-b09f-a9c35bf440e3/workspace/projects/Project_name_426820/ai_Project_name_426820.json,'project_owner_uuid' is a required property
/home/hemduttdabral/Downloads/proj-api-volume-dump/52c1ce8b-cd13-42df-b09f-a9c35bf440e3/workspace/projects/Project_name_575538/ai_Project_name_575538.json,'project_owner_uuid' is a required property
/home/hemduttdabral/Downloads/proj-api-volume-dump/52c1ce8b-cd13-42df-b09f-a9c35bf440e3/workspace/projects/Project_name_460641/ai_Project_name_460641.json,'project_owner_uuid' is a required property
/home/hemduttdabral/Downloads/proj-api-volume-dump/9rhwv09rehgd7cg3mjfz8bfk10/workspace/projects/test/ai_test.json,'$schema' is a required property
/home/hemduttdabral/Downloads/proj-api-volume-dump/6756e5e2-9910-4767-9788-0a94c0cd34c2/workspace/projects/Project_name_738316/ai_Project_name_738316.json,'project_owner_uuid' is a required property
/home/hemduttdabral/Downloads/proj-api-volume-dump/6756e5e2-9910-4767-9788-0a94c0cd34c2/workspace/projects/Project_name_247854/ai_Project_name_247854.json,'project_owner_uuid' is a required property
/home/hemduttdabral/Downloads/proj-api-volume-dump/6756e5e2-9910-4767-9788-0a94c0cd34c2/workspace/projects/Project_name_592543/ai_Project_name_592543.json,'project_owner_uuid' is a required property
/home/hemduttdabral/Downloads/proj-api-volume-dump/1dr6h9hezg8nadd11hen6sqj10/workspace/projects/Test/ai_Test.json,'$schema' is a required property
/home/hemduttdabral/Downloads/proj-api-volume-dump/1eba313e-ec6c-43e8-b935-d2cc5a42a76f/workspace/projects/Project_name_173592/ai_Project_name_173592.json,'project_owner_uuid' is a required property
/home/hemduttdabral/Downloads/proj-api-volume-dump/1eba313e-ec6c-43e8-b935-d2cc5a42a76f/workspace/projects/Project_name_395569/ai_Project_name_395569.json,'project_owner_uuid' is a required property
/home/hemduttdabral/Downloads/proj-api-volume-dump/1eba313e-ec6c-43e8-b935-d2cc5a42a76f/workspace/projects/Project_name_779143/ai_Project_name_779143.json,'project_owner_uuid' is a required property
/home/hemduttdabral/Downloads/proj-api-volume-dump/1eba313e-ec6c-43e8-b935-d2cc5a42a76f/workspace/projects/Project_name_680805/ai_Project_name_680805.json,'project_owner_uuid' is a required property
/home/hemduttdabral/Downloads/proj-api-volume-dump/c7cd1951-91fc-485d-9c91-3d686f348c6e/workspace/projects/Project_name_631875/ai_Project_name_631875.json,'project_owner_uuid' is a required property
/home/hemduttdabral/Downloads/proj-api-volume-dump/c7cd1951-91fc-485d-9c91-3d686f348c6e/workspace/projects/Project_name_66927/ai_Project_name_66927.json,'project_owner_uuid' is a required property
/home/hemduttdabral/Downloads/proj-api-volume-dump/c7cd1951-91fc-485d-9c91-3d686f348c6e/workspace/projects/Project_name_425723/ai_Project_name_425723.json,'project_owner_uuid' is a required property
/home/hemduttdabral/Downloads/proj-api-volume-dump/c7cd1951-91fc-485d-9c91-3d686f348c6e/workspace/projects/Project_name_74938/ai_Project_name_74938.json,'project_owner_uuid' is a required property
/home/hemduttdabral/Downloads/proj-api-volume-dump/c7cd1951-91fc-485d-9c91-3d686f348c6e/workspace/projects/Project_name_592199/ai_Project_name_592199.json,'project_owner_uuid' is a required property
/home/hemduttdabral/Downloads/proj-api-volume-dump/c6d47862-d41c-41e8-8283-def31a41e2f3/workspace/projects/Project_name_845337/ai_Project_name_845337.json,'project_owner_uuid' is a required property
/home/hemduttdabral/Downloads/proj-api-volume-dump/1b47e638-837d-41b1-b456-86410736d7c1/workspace/projects/Project_name_896012/ai_Project_name_896012.json,'project_owner_uuid' is a required property
/home/hemduttdabral/Downloads/proj-api-volume-dump/1b47e638-837d-41b1-b456-86410736d7c1/workspace/projects/Project_name_815909/ai_Project_name_815909.json,'project_owner_uuid' is a required property
/home/hemduttdabral/Downloads/proj-api-volume-dump/9cc02481-8d1d-4826-8320-93f6c5c5b03c/workspace/get_started_mlc_ai_hvac_monitor_2/ai_get_started_mlc_ai_hvac_monitor_2.json,'applications' is a required property
/home/hemduttdabral/Downloads/proj-api-volume-dump/9cc02481-8d1d-4826-8320-93f6c5c5b03c/workspace/get_started_mlc_ai_hvac_monitor/ai_get_started_mlc_ai_hvac_monitor.json,'applications' is a required property
/home/hemduttdabral/Downloads/proj-api-volume-dump/9cc02481-8d1d-4826-8320-93f6c5c5b03c/workspace/get_started_mlc_ai_har_monitor/ai_get_started_mlc_ai_har_monitor.json,'applications' is a required property
/home/hemduttdabral/Downloads/proj-api-volume-dump/9cc02481-8d1d-4826-8320-93f6c5c5b03c/workspace/get_started_mlc_ai_hvac_monitor_1/ai_get_started_mlc_ai_hvac_monitor_1.json,'applications' is a required property
/home/hemduttdabral/Downloads/proj-api-volume-dump/9cc02481-8d1d-4826-8320-93f6c5c5b03c/workspace/get_started_ispu_ai_fan_monitor/ai_get_started_ispu_ai_fan_monitor.json,'applications' is a required property
/home/hemduttdabral/Downloads/proj-api-volume-dump/9cc02481-8d1d-4826-8320-93f6c5c5b03c/workspace/get_started_motor_classification/ai_get_started_motor_classification.json,'applications' is a required property
/home/hemduttdabral/Downloads/proj-api-volume-dump/9cc02481-8d1d-4826-8320-93f6c5c5b03c/workspace/projects/gesture/ai_gesture.json,'project_owner_uuid' is a required property
/home/hemduttdabral/Downloads/proj-api-volume-dump/9cc02481-8d1d-4826-8320-93f6c5c5b03c/workspace/projects/tracking/ai_tracking.json,'project_owner_uuid' is a required property
/home/hemduttdabral/Downloads/proj-api-volume-dump/9cc02481-8d1d-4826-8320-93f6c5c5b03c/workspace/projects/human/ai_human.json,'project_owner_uuid' is a required property
/home/hemduttdabral/Downloads/proj-api-volume-dump/9cc02481-8d1d-4826-8320-93f6c5c5b03c/workspace/projects/new_project/ai_new_project.json,'$schema' is a required property
/home/hemduttdabral/Downloads/proj-api-volume-dump/9cc02481-8d1d-4826-8320-93f6c5c5b03c/workspace/projects/drilling/ai_drilling.json,'project_owner_uuid' is a required property
/home/hemduttdabral/Downloads/proj-api-volume-dump/9cc02481-8d1d-4826-8320-93f6c5c5b03c/workspace/projects/fan/ai_fan.json,'project_owner_uuid' is a required property
/home/hemduttdabral/Downloads/proj-api-volume-dump/9cc02481-8d1d-4826-8320-93f6c5c5b03c/workspace/projects/head/ai_head.json,'project_owner_uuid' is a required property
/home/hemduttdabral/Downloads/proj-api-volume-dump/26a9d3b9-5454-402d-ae7f-0b632bf4d26e/workspace/mvp_0.4_upload_data_test/ai_mvp_0.4_upload_data_test.json,'$schema' is a required property
/home/hemduttdabral/Downloads/proj-api-volume-dump/26a9d3b9-5454-402d-ae7f-0b632bf4d26e/workspace/projects/lsm6dsv80x-test-project/ai_lsm6dsv80x-test-project.json,'$schema' is a required property
/home/hemduttdabral/Downloads/proj-api-volume-dump/26a9d3b9-5454-402d-ae7f-0b632bf4d26e/workspace/projects/RobkitProject/ai_RobkitProject.json,'$schema' is a required property
/home/hemduttdabral/Downloads/proj-api-volume-dump/26a9d3b9-5454-402d-ae7f-0b632bf4d26e/workspace/projects/asset-cloned-18-02-25/ai_asset-cloned-18-02-25.json,'project_owner_uuid' is a required property
/home/hemduttdabral/Downloads/proj-api-volume-dump/26a9d3b9-5454-402d-ae7f-0b632bf4d26e/workspace/projects/test/ai_test.json,'$schema' is a required property
/home/hemduttdabral/Downloads/proj-api-volume-dump/cfdca93b-afef-484f-87bd-248614d4e4ea/workspace/projects/Project_name_108636/ai_Project_name_108636.json,'project_owner_uuid' is a required property
/home/hemduttdabral/Downloads/proj-api-volume-dump/cfdca93b-afef-484f-87bd-248614d4e4ea/workspace/projects/Project_name_749594/ai_Project_name_749594.json,'project_owner_uuid' is a required property
/home/hemduttdabral/Downloads/proj-api-volume-dump/cfdca93b-afef-484f-87bd-248614d4e4ea/workspace/projects/Project_name_442419/ai_Project_name_442419.json,'project_owner_uuid' is a required property
/home/hemduttdabral/Downloads/proj-api-volume-dump/432477c0-c21d-4f62-83c1-fddc0bd18eb2/workspace/temp/ai_temp.json,'applications' is a required property
/home/hemduttdabral/Downloads/proj-api-volume-dump/432477c0-c21d-4f62-83c1-fddc0bd18eb2/workspace/Activity/ai_Activity.json,'applications' is a required property
/home/hemduttdabral/Downloads/proj-api-volume-dump/432477c0-c21d-4f62-83c1-fddc0bd18eb2/workspace/stwin.box/ai_stwin.box.json,'applications' is a required property
/home/hemduttdabral/Downloads/proj-api-volume-dump/e3940db3-d71f-49ae-bba9-d31a8e464d26/workspace/projects/Project_name_301438/ai_Project_name_301438.json,'project_owner_uuid' is a required property
/home/hemduttdabral/Downloads/proj-api-volume-dump/e3940db3-d71f-49ae-bba9-d31a8e464d26/workspace/projects/Project_name_218780/ai_Project_name_218780.json,'project_owner_uuid' is a required property
/home/hemduttdabral/Downloads/proj-api-volume-dump/e3940db3-d71f-49ae-bba9-d31a8e464d26/workspace/projects/Project_name_763591/ai_Project_name_763591.json,'project_owner_uuid' is a required property
/home/hemduttdabral/Downloads/proj-api-volume-dump/e3940db3-d71f-49ae-bba9-d31a8e464d26/workspace/projects/Project_name_391398/ai_Project_name_391398.json,'project_owner_uuid' is a required property
/home/hemduttdabral/Downloads/proj-api-volume-dump/e3940db3-d71f-49ae-bba9-d31a8e464d26/workspace/projects/Project_name_693668/ai_Project_name_693668.json,'project_owner_uuid' is a required property
/home/hemduttdabral/Downloads/proj-api-volume-dump/363af7b3-752e-40df-855d-a5ebc3801d8e/get_started_image_classification/ai_get_started_image_classification.json,'applications' is a required property
/home/hemduttdabral/Downloads/proj-api-volume-dump/363af7b3-752e-40df-855d-a5ebc3801d8e/get_started_mlc/ai_get_started_mlc.json,'$schema' is a required property
/home/hemduttdabral/Downloads/proj-api-volume-dump/363af7b3-752e-40df-855d-a5ebc3801d8e/get_started_vibration_classification/ai_get_started_vibration_classification.json,'applications' is a required property
/home/hemduttdabral/Downloads/proj-api-volume-dump/363af7b3-752e-40df-855d-a5ebc3801d8e/workspace/projects/ClonedFromLorenzo/ai_ClonedFromLorenzo.json,'$schema' is a required property
/home/hemduttdabral/Downloads/proj-api-volume-dump/363af7b3-752e-40df-855d-a5ebc3801d8e/workspace/projects/fan_coil_monitoring_mlc_STWIN/ai_fan_coil_monitoring_mlc_STWIN.json,'$schema' is a required property
/home/hemduttdabral/Downloads/proj-api-volume-dump/363af7b3-752e-40df-855d-a5ebc3801d8e/workspace/projects/smart_asset_tracking_on_nucleo/ai_smart_asset_tracking_on_nucleo.json,'$schema' is a required property
/home/hemduttdabral/Downloads/proj-api-volume-dump/363af7b3-752e-40df-855d-a5ebc3801d8e/workspace/projects/fan_coil_monitoring_mlc/ai_fan_coil_monitoring_mlc.json,'$schema' is a required property
/home/hemduttdabral/Downloads/proj-api-volume-dump/4bbbacec-f177-40f3-8265-63c5285569c4/workspace/projects/Project_name_221211/ai_Project_name_221211.json,'project_owner_uuid' is a required property
/home/hemduttdabral/Downloads/proj-api-volume-dump/4bbbacec-f177-40f3-8265-63c5285569c4/workspace/projects/Project_name_4924/ai_Project_name_4924.json,'project_owner_uuid' is a required property
/home/hemduttdabral/Downloads/proj-api-volume-dump/92be9656-88c9-46ea-96cf-884d72b3464e/workspace/projects/Project_name_454872/ai_Project_name_454872.json,'project_owner_uuid' is a required property
/home/hemduttdabral/Downloads/proj-api-volume-dump/92be9656-88c9-46ea-96cf-884d72b3464e/workspace/projects/Project_name_434188/ai_Project_name_434188.json,'project_owner_uuid' is a required property
/home/hemduttdabral/Downloads/proj-api-volume-dump/bfde9b6d-d2db-432d-867d-7fd41f0806c0/workspace/projects/Project_name_257639/ai_Project_name_257639.json,'project_owner_uuid' is a required property
/home/hemduttdabral/Downloads/proj-api-volume-dump/bfde9b6d-d2db-432d-867d-7fd41f0806c0/workspace/projects/Project_name_551505/ai_Project_name_551505.json,'project_owner_uuid' is a required property
/home/hemduttdabral/Downloads/proj-api-volume-dump/9bb2f04f-ea05-43cf-a026-72769ae0fd9f/workspace/projects/Project_name_727808/ai_Project_name_727808.json,'project_owner_uuid' is a required property
/home/hemduttdabral/Downloads/proj-api-volume-dump/fb632ef6-a925-499f-970d-282819079f70/workspace/projects/Project_name_132372/ai_Project_name_132372.json,'project_owner_uuid' is a required property
/home/hemduttdabral/Downloads/proj-api-volume-dump/252bdbb8-f024-43c6-8d6c-d1f951de2d27/workspace/projects/Project_name_674355/ai_Project_name_674355.json,'project_owner_uuid' is a required property
/home/hemduttdabral/Downloads/proj-api-volume-dump/38c396d8-e8f9-4f0a-a3a7-4a3b71638b0f/workspace/projects/Project_name_607581/ai_Project_name_607581.json,'project_owner_uuid' is a required property
/home/hemduttdabral/Downloads/proj-api-volume-dump/38c396d8-e8f9-4f0a-a3a7-4a3b71638b0f/workspace/projects/Project_name_935884/ai_Project_name_935884.json,'project_owner_uuid' is a required property
/home/hemduttdabral/Downloads/proj-api-volume-dump/38c396d8-e8f9-4f0a-a3a7-4a3b71638b0f/workspace/projects/Project_name_821901/ai_Project_name_821901.json,'project_owner_uuid' is a required property
/home/hemduttdabral/Downloads/proj-api-volume-dump/38c396d8-e8f9-4f0a-a3a7-4a3b71638b0f/workspace/projects/Project_name_930731/ai_Project_name_930731.json,'project_owner_uuid' is a required property
/home/hemduttdabral/Downloads/proj-api-volume-dump/a63b837c-c557-458b-a435-ea6476d0f5b0/workspace/projects/Project_name_857820/ai_Project_name_857820.json,'project_owner_uuid' is a required property
/home/hemduttdabral/Downloads/proj-api-volume-dump/a63b837c-c557-458b-a435-ea6476d0f5b0/workspace/projects/Project_name_896534/ai_Project_name_896534.json,'project_owner_uuid' is a required property
/home/hemduttdabral/Downloads/proj-api-volume-dump/a63b837c-c557-458b-a435-ea6476d0f5b0/workspace/projects/Project_name_957394/ai_Project_name_957394.json,'project_owner_uuid' is a required property
/home/hemduttdabral/Downloads/proj-api-volume-dump/a63b837c-c557-458b-a435-ea6476d0f5b0/workspace/projects/Project_name_623364/ai_Project_name_623364.json,'project_owner_uuid' is a required property
/home/hemduttdabral/Downloads/proj-api-volume-dump/6d5f93a8-ac97-4edb-92cb-ffcc7af0d21c/workspace/projects/VSM01Test/ai_VSM01Test.json,'$schema' is a required property
/home/hemduttdabral/Downloads/proj-api-volume-dump/6030675e-f6ba-4f10-ae9e-64942185c508/workspace/ai_.json,'$schema' is a required property
/home/hemduttdabral/Downloads/proj-api-volume-dump/6030675e-f6ba-4f10-ae9e-64942185c508/workspace/20240402_drilling_machine/ai_20240402_drilling_machine.json,'$schema' is a required property
/home/hemduttdabral/Downloads/proj-api-volume-dump/6030675e-f6ba-4f10-ae9e-64942185c508/workspace/projects/brand_new_project/ai_brand_new_project.json,'$schema' is a required property
/home/hemduttdabral/Downloads/proj-api-volume-dump/6030675e-f6ba-4f10-ae9e-64942185c508/workspace/projects/gps-buddy/ai_gps-buddy.json,'$schema' is a required property
/home/hemduttdabral/Downloads/proj-api-volume-dump/6030675e-f6ba-4f10-ae9e-64942185c508/workspace/projects/poc-p/ai_poc-p.json,'$schema' is a required property
/home/hemduttdabral/Downloads/proj-api-volume-dump/a0006b4b-821d-40f3-8b1d-2b657a42d58d/workspace/projects/Sample/ai_Sample.json,'project_owner_uuid' is a required property
/home/hemduttdabral/Downloads/proj-api-volume-dump/b2b524e4-8011-705e-f1e3-5edf3b54a513/workspace/projects/test/ai_test.json,'$schema' is a required property
/home/hemduttdabral/Downloads/proj-api-volume-dump/6e6b9a67-2aee-497a-8350-5456fc7f8f77/workspace/projects/Project_name_866112/ai_Project_name_866112.json,'project_owner_uuid' is a required property
/home/hemduttdabral/Downloads/proj-api-volume-dump/6e6b9a67-2aee-497a-8350-5456fc7f8f77/workspace/projects/Project_name_288470/ai_Project_name_288470.json,'project_owner_uuid' is a required property
/home/hemduttdabral/Downloads/proj-api-volume-dump/6e6b9a67-2aee-497a-8350-5456fc7f8f77/workspace/projects/Project_name_135614/ai_Project_name_135614.json,'project_owner_uuid' is a required property
/home/hemduttdabral/Downloads/proj-api-volume-dump/6e6b9a67-2aee-497a-8350-5456fc7f8f77/workspace/projects/Project_name_608584/ai_Project_name_608584.json,'project_owner_uuid' is a required property
/home/hemduttdabral/Downloads/proj-api-volume-dump/6e6b9a67-2aee-497a-8350-5456fc7f8f77/workspace/projects/Project_name_436057/ai_Project_name_436057.json,'project_owner_uuid' is a required property
/home/hemduttdabral/Downloads/proj-api-volume-dump/6e89352a-dcd2-4873-be35-1e9b95295d5f/workspace/projects/Project_name_134859/ai_Project_name_134859.json,'project_owner_uuid' is a required property
/home/hemduttdabral/Downloads/proj-api-volume-dump/6e89352a-dcd2-4873-be35-1e9b95295d5f/workspace/projects/Project_name_747822/ai_Project_name_747822.json,'project_owner_uuid' is a required property
/home/hemduttdabral/Downloads/proj-api-volume-dump/f37e8f51-54a9-4e16-bd4a-1073419d04ac/workspace/projects/Project_name_890078/ai_Project_name_890078.json,'project_owner_uuid' is a required property
/home/hemduttdabral/Downloads/proj-api-volume-dump/f37e8f51-54a9-4e16-bd4a-1073419d04ac/workspace/projects/Project_name_101769/ai_Project_name_101769.json,'project_owner_uuid' is a required property
/home/hemduttdabral/Downloads/proj-api-volume-dump/f37e8f51-54a9-4e16-bd4a-1073419d04ac/workspace/projects/Project_name_799248/ai_Project_name_799248.json,'project_owner_uuid' is a required property
/home/hemduttdabral/Downloads/proj-api-volume-dump/f37e8f51-54a9-4e16-bd4a-1073419d04ac/workspace/projects/Project_name_519824/ai_Project_name_519824.json,'project_owner_uuid' is a required property
/home/hemduttdabral/Downloads/proj-api-volume-dump/45944b08-ae13-4417-9c1b-0bc88b8c0d34/workspace/projects/Project_name_184397/ai_Project_name_184397.json,'project_owner_uuid' is a required property
/home/hemduttdabral/Downloads/proj-api-volume-dump/45944b08-ae13-4417-9c1b-0bc88b8c0d34/workspace/projects/Project_name_820101/ai_Project_name_820101.json,'project_owner_uuid' is a required property
/home/hemduttdabral/Downloads/proj-api-volume-dump/45944b08-ae13-4417-9c1b-0bc88b8c0d34/workspace/projects/Project_name_681440/ai_Project_name_681440.json,'project_owner_uuid' is a required property
/home/hemduttdabral/Downloads/proj-api-volume-dump/45944b08-ae13-4417-9c1b-0bc88b8c0d34/workspace/projects/Project_name_43027/ai_Project_name_43027.json,'project_owner_uuid' is a required property
/home/hemduttdabral/Downloads/proj-api-volume-dump/45944b08-ae13-4417-9c1b-0bc88b8c0d34/workspace/projects/Project_name_979627/ai_Project_name_979627.json,'project_owner_uuid' is a required property
/home/hemduttdabral/Downloads/proj-api-volume-dump/c36bc99d-b4e1-440e-8d22-1ef9c47d54cd/workspace/projects/Project_name_850727/ai_Project_name_850727.json,'project_owner_uuid' is a required property
/home/hemduttdabral/Downloads/proj-api-volume-dump/cgwsqhdq686najtwh1a7z65k10/workspace/projects/tennis_activity/ai_tennis_activity.json,'$schema' is a required property
/home/hemduttdabral/Downloads/proj-api-volume-dump/29836f82-9246-4b16-9f1b-7481e067c8d3/get_started_image_classification/ai_get_started_image_classification.json,'applications' is a required property
/home/hemduttdabral/Downloads/proj-api-volume-dump/29836f82-9246-4b16-9f1b-7481e067c8d3/get_started_mlc/ai_get_started_mlc.json,'$schema' is a required property
/home/hemduttdabral/Downloads/proj-api-volume-dump/29836f82-9246-4b16-9f1b-7481e067c8d3/get_started_vibration_classification/ai_get_started_vibration_classification.json,'applications' is a required property
/home/hemduttdabral/Downloads/proj-api-volume-dump/29836f82-9246-4b16-9f1b-7481e067c8d3/workspace/stwinbox/ai_stwinbox.json,'applications' is a required property
/home/hemduttdabral/Downloads/proj-api-volume-dump/29836f82-9246-4b16-9f1b-7481e067c8d3/workspace/20240309_mlc_demo/ai_20240309_mlc_demo.json,'$schema' is a required property
/home/hemduttdabral/Downloads/proj-api-volume-dump/29836f82-9246-4b16-9f1b-7481e067c8d3/workspace/projects/ImportProject/ai_ImportProject.json,'$schema' is a required property
/home/hemduttdabral/Downloads/proj-api-volume-dump/29836f82-9246-4b16-9f1b-7481e067c8d3/workspace/projects/InstrumentsProject/ai_InstrumentsProject.json,'$schema' is a required property
/home/hemduttdabral/Downloads/proj-api-volume-dump/29836f82-9246-4b16-9f1b-7481e067c8d3/workspace/projects/Demo_Project/ai_Demo_Project.json,'$schema' is a required property
/home/hemduttdabral/Downloads/proj-api-volume-dump/29836f82-9246-4b16-9f1b-7481e067c8d3/workspace/projects/ActivityRecognition/ai_ActivityRecognition.json,'$schema' is a required property
/home/hemduttdabral/Downloads/proj-api-volume-dump/29836f82-9246-4b16-9f1b-7481e067c8d3/workspace/projects/IoT_Test_Project/ai_IoT_Test_Project.json,'$schema' is a required property
/home/hemduttdabral/Downloads/proj-api-volume-dump/29836f82-9246-4b16-9f1b-7481e067c8d3/workspace/projects/Merged/ai_Merged.json,'$schema' is a required property
/home/hemduttdabral/Downloads/proj-api-volume-dump/29836f82-9246-4b16-9f1b-7481e067c8d3/workspace/projects/Andrea_Project/ai_Andrea_Project.json,'$schema' is a required property
/home/hemduttdabral/Downloads/proj-api-volume-dump/29836f82-9246-4b16-9f1b-7481e067c8d3/workspace/projects/Elham_project/ai_Elham_project.json,'$schema' is a required property
/home/hemduttdabral/Downloads/proj-api-volume-dump/29836f82-9246-4b16-9f1b-7481e067c8d3/workspace/projects/LargeMovementProject/ai_LargeMovementProject.json,'$schema' is a required property
/home/hemduttdabral/Downloads/proj-api-volume-dump/29836f82-9246-4b16-9f1b-7481e067c8d3/workspace/projects/STWIN_project/ai_STWIN_project.json,'$schema' is a required property
/home/hemduttdabral/Downloads/proj-api-volume-dump/29836f82-9246-4b16-9f1b-7481e067c8d3/workspace/projects/e2e_test_project/ai_e2e_test_project.json,'$schema' is a required property
/home/hemduttdabral/Downloads/proj-api-volume-dump/29836f82-9246-4b16-9f1b-7481e067c8d3/workspace/projects/SurfaceProject/ai_SurfaceProject.json,'$schema' is a required property
/home/hemduttdabral/Downloads/proj-api-volume-dump/29836f82-9246-4b16-9f1b-7481e067c8d3/workspace/projects/LargeProject/ai_LargeProject.json,'$schema' is a required property
/home/hemduttdabral/Downloads/proj-api-volume-dump/29836f82-9246-4b16-9f1b-7481e067c8d3/workspace/projects/TestProject/ai_TestProject.json,'$schema' is a required property
/home/hemduttdabral/Downloads/proj-api-volume-dump/29836f82-9246-4b16-9f1b-7481e067c8d3/workspace/projects/SinusProject/ai_SinusProject.json,'$schema' is a required property
/home/hemduttdabral/Downloads/proj-api-volume-dump/5eeeee68-1f2b-46b2-9446-ce9415e39ffe/workspace/projects/Project_name_123251/ai_Project_name_123251.json,'project_owner_uuid' is a required property
/home/hemduttdabral/Downloads/proj-api-volume-dump/ece9cbca-5ab0-4be2-af3f-afe01e569e20/workspace/projects/Project_name_285696/ai_Project_name_285696.json,'project_owner_uuid' is a required property
/home/hemduttdabral/Downloads/proj-api-volume-dump/11616561-aba2-45d1-bc1b-8d5e98bcc842/workspace/projects/Project_name_707508/ai_Project_name_707508.json,'project_owner_uuid' is a required property
/home/hemduttdabral/Downloads/proj-api-volume-dump/11616561-aba2-45d1-bc1b-8d5e98bcc842/workspace/projects/Project_name_984017/ai_Project_name_984017.json,'project_owner_uuid' is a required property
/home/hemduttdabral/Downloads/proj-api-volume-dump/11616561-aba2-45d1-bc1b-8d5e98bcc842/workspace/projects/Project_name_811562/ai_Project_name_811562.json,'project_owner_uuid' is a required property
/home/hemduttdabral/Downloads/proj-api-volume-dump/11616561-aba2-45d1-bc1b-8d5e98bcc842/workspace/projects/Project_name_635317/ai_Project_name_635317.json,'project_owner_uuid' is a required property
/home/hemduttdabral/Downloads/proj-api-volume-dump/11616561-aba2-45d1-bc1b-8d5e98bcc842/workspace/projects/Project_name_443841/ai_Project_name_443841.json,'project_owner_uuid' is a required property
/home/hemduttdabral/Downloads/proj-api-volume-dump/8ae0a300-fd0e-4477-85cf-43371927480c/workspace/projects/Project_name_918721/ai_Project_name_918721.json,'project_owner_uuid' is a required property
/home/hemduttdabral/Downloads/proj-api-volume-dump/8ae0a300-fd0e-4477-85cf-43371927480c/workspace/projects/Project_name_317491/ai_Project_name_317491.json,'project_owner_uuid' is a required property
/home/hemduttdabral/Downloads/proj-api-volume-dump/8ae0a300-fd0e-4477-85cf-43371927480c/workspace/projects/Project_name_904640/ai_Project_name_904640.json,'project_owner_uuid' is a required property
/home/hemduttdabral/Downloads/proj-api-volume-dump/8ae0a300-fd0e-4477-85cf-43371927480c/workspace/projects/Project_name_973946/ai_Project_name_973946.json,'project_owner_uuid' is a required property
/home/hemduttdabral/Downloads/proj-api-volume-dump/3b9ae741-d73e-4708-b328-3f9753ec6381/workspace/projects/Project_name_415638/ai_Project_name_415638.json,'project_owner_uuid' is a required property
/home/hemduttdabral/Downloads/proj-api-volume-dump/6dfb383e-3fe2-4776-85d6-25a3f9cff8fe/workspace/get_started_image_classification/ai_get_started_image_classification.json,'applications' is a required property
/home/hemduttdabral/Downloads/proj-api-volume-dump/6dfb383e-3fe2-4776-85d6-25a3f9cff8fe/workspace/get_started_mlc_ai_hvac_monitor/ai_get_started_mlc_ai_hvac_monitor.json,'applications' is a required property
/home/hemduttdabral/Downloads/proj-api-volume-dump/6dfb383e-3fe2-4776-85d6-25a3f9cff8fe/workspace/get_started_mlc_ai_har_monitor/ai_get_started_mlc_ai_har_monitor.json,'applications' is a required property
/home/hemduttdabral/Downloads/proj-api-volume-dump/6dfb383e-3fe2-4776-85d6-25a3f9cff8fe/workspace/test/ai_test.json,'applications' is a required property
/home/hemduttdabral/Downloads/proj-api-volume-dump/6dfb383e-3fe2-4776-85d6-25a3f9cff8fe/workspace/get_started_ispu_ai_fan_monitor/ai_get_started_ispu_ai_fan_monitor.json,'applications' is a required property
/home/hemduttdabral/Downloads/proj-api-volume-dump/6dfb383e-3fe2-4776-85d6-25a3f9cff8fe/workspace/get_started_motor_classification/ai_get_started_motor_classification.json,'applications' is a required property
/home/hemduttdabral/Downloads/proj-api-volume-dump/1sdcs4c30t9cdn6s0sm2rhqk10/workspace/projects/ExampleAttack/ai_ExampleAttack.json,'$schema' is a required property
/home/hemduttdabral/Downloads/proj-api-volume-dump/55060029-8de4-4955-a1a1-33829fe37f2b/workspace/projects/Project_name_820742/ai_Project_name_820742.json,'project_owner_uuid' is a required property
/home/hemduttdabral/Downloads/proj-api-volume-dump/55060029-8de4-4955-a1a1-33829fe37f2b/workspace/projects/Project_name_94840/ai_Project_name_94840.json,'project_owner_uuid' is a required property
/home/hemduttdabral/Downloads/proj-api-volume-dump/2005a727-4bcd-4d7e-b41b-b50b275da6f4/workspace/projects/Project_name_161833/ai_Project_name_161833.json,'project_owner_uuid' is a required property
/home/hemduttdabral/Downloads/proj-api-volume-dump/b124e275-7125-4e4b-a27b-a8a02edd4ad4/workspace/projects/Project_name_631528/ai_Project_name_631528.json,'project_owner_uuid' is a required property
/home/hemduttdabral/Downloads/proj-api-volume-dump/b124e275-7125-4e4b-a27b-a8a02edd4ad4/workspace/projects/Project_name_716155/ai_Project_name_716155.json,'project_owner_uuid' is a required property
/home/hemduttdabral/Downloads/proj-api-volume-dump/64b124bd-241c-4cca-b79e-474d40d8de62/workspace/projects/new_project_name_700039/ai_new_project_name_700039.json,Invalid JSON syntax
/home/hemduttdabral/Downloads/proj-api-volume-dump/64b124bd-241c-4cca-b79e-474d40d8de62/workspace/projects/new_project_name_392959/ai_new_project_name_392959.json,'$schema' is a required property
/home/hemduttdabral/Downloads/proj-api-volume-dump/64b124bd-241c-4cca-b79e-474d40d8de62/workspace/projects/new_project_name_347229/ai_new_project_name_347229.json,'$schema' is a required property
/home/hemduttdabral/Downloads/proj-api-volume-dump/64b124bd-241c-4cca-b79e-474d40d8de62/workspace/projects/new_project_name_313563/ai_new_project_name_313563.json,'$schema' is a required property
/home/hemduttdabral/Downloads/proj-api-volume-dump/64b124bd-241c-4cca-b79e-474d40d8de62/workspace/projects/new_project_name_355781/ai_new_project_name_355781.json,'$schema' is a required property
/home/hemduttdabral/Downloads/proj-api-volume-dump/64b124bd-241c-4cca-b79e-474d40d8de62/workspace/projects/new_project_name_164926/ai_new_project_name_164926.json,Invalid JSON syntax
/home/hemduttdabral/Downloads/proj-api-volume-dump/64b124bd-241c-4cca-b79e-474d40d8de62/workspace/projects/new_project_name_294049/ai_new_project_name_294049.json,'$schema' is a required property
/home/hemduttdabral/Downloads/proj-api-volume-dump/64b124bd-241c-4cca-b79e-474d40d8de62/workspace/projects/new_project_name_288317/ai_new_project_name_288317.json,'$schema' is a required property
/home/hemduttdabral/Downloads/proj-api-volume-dump/64b124bd-241c-4cca-b79e-474d40d8de62/workspace/projects/new_project_name_866187/ai_new_project_name_866187.json,'$schema' is a required property
/home/hemduttdabral/Downloads/proj-api-volume-dump/64b124bd-241c-4cca-b79e-474d40d8de62/workspace/projects/new_project_name_799599/ai_new_project_name_799599.json,'$schema' is a required property
/home/hemduttdabral/Downloads/proj-api-volume-dump/64b124bd-241c-4cca-b79e-474d40d8de62/workspace/projects/new_project_name_449184/ai_new_project_name_449184.json,Invalid JSON syntax
/home/hemduttdabral/Downloads/proj-api-volume-dump/64b124bd-241c-4cca-b79e-474d40d8de62/workspace/projects/new_project_name_123136/ai_new_project_name_123136.json,'$schema' is a required property
/home/hemduttdabral/Downloads/proj-api-volume-dump/64b124bd-241c-4cca-b79e-474d40d8de62/workspace/projects/new_project_name_229571/ai_new_project_name_229571.json,'$schema' is a required property
/home/hemduttdabral/Downloads/proj-api-volume-dump/64b124bd-241c-4cca-b79e-474d40d8de62/workspace/projects/new_project_name_516336/ai_new_project_name_516336.json,'$schema' is a required property
/home/hemduttdabral/Downloads/proj-api-volume-dump/64b124bd-241c-4cca-b79e-474d40d8de62/workspace/projects/new_project_name_563331/ai_new_project_name_563331.json,'$schema' is a required property
/home/hemduttdabral/Downloads/proj-api-volume-dump/64b124bd-241c-4cca-b79e-474d40d8de62/workspace/projects/new_project_name_970140/ai_new_project_name_970140.json,'$schema' is a required property
/home/hemduttdabral/Downloads/proj-api-volume-dump/64b124bd-241c-4cca-b79e-474d40d8de62/workspace/projects/new_project_name_467444/ai_new_project_name_467444.json,Invalid JSON syntax
/home/hemduttdabral/Downloads/proj-api-volume-dump/64b124bd-241c-4cca-b79e-474d40d8de62/workspace/projects/new_project_name_954497/ai_new_project_name_954497.json,'$schema' is a required property
/home/hemduttdabral/Downloads/proj-api-volume-dump/64b124bd-241c-4cca-b79e-474d40d8de62/workspace/projects/test2/ai_test2.json,'project_owner_uuid' is a required property
/home/hemduttdabral/Downloads/proj-api-volume-dump/64b124bd-241c-4cca-b79e-474d40d8de62/workspace/projects/new_project_name_796234/ai_new_project_name_796234.json,Invalid JSON syntax
/home/hemduttdabral/Downloads/proj-api-volume-dump/64b124bd-241c-4cca-b79e-474d40d8de62/workspace/projects/new_project_name_137335/ai_new_project_name_137335.json,'$schema' is a required property
/home/hemduttdabral/Downloads/proj-api-volume-dump/64b124bd-241c-4cca-b79e-474d40d8de62/workspace/projects/new_project_name_129156/ai_new_project_name_129156.json,Invalid JSON syntax
/home/hemduttdabral/Downloads/proj-api-volume-dump/64b124bd-241c-4cca-b79e-474d40d8de62/workspace/projects/new_project_name_524936/ai_new_project_name_524936.json,'$schema' is a required property
/home/hemduttdabral/Downloads/proj-api-volume-dump/64b124bd-241c-4cca-b79e-474d40d8de62/workspace/projects/new_project_name_693203/ai_new_project_name_693203.json,Invalid JSON syntax
/home/hemduttdabral/Downloads/proj-api-volume-dump/64b124bd-241c-4cca-b79e-474d40d8de62/workspace/projects/new_project_name_426780/ai_new_project_name_426780.json,Invalid JSON syntax
/home/hemduttdabral/Downloads/proj-api-volume-dump/64b124bd-241c-4cca-b79e-474d40d8de62/workspace/projects/new_project_name_579748/ai_new_project_name_579748.json,Invalid JSON syntax
/home/hemduttdabral/Downloads/proj-api-volume-dump/64b124bd-241c-4cca-b79e-474d40d8de62/workspace/projects/new_project_name_629560/ai_new_project_name_629560.json,'$schema' is a required property
/home/hemduttdabral/Downloads/proj-api-volume-dump/64b124bd-241c-4cca-b79e-474d40d8de62/workspace/projects/new_project_name_563730/ai_new_project_name_563730.json,'$schema' is a required property
/home/hemduttdabral/Downloads/proj-api-volume-dump/64b124bd-241c-4cca-b79e-474d40d8de62/workspace/projects/new_project_name_976922/ai_new_project_name_976922.json,Invalid JSON syntax
/home/hemduttdabral/Downloads/proj-api-volume-dump/64b124bd-241c-4cca-b79e-474d40d8de62/workspace/projects/new_project_name_279449/ai_new_project_name_279449.json,'$schema' is a required property
/home/hemduttdabral/Downloads/proj-api-volume-dump/64b124bd-241c-4cca-b79e-474d40d8de62/workspace/projects/new_project_name_461495/ai_new_project_name_461495.json,Invalid JSON syntax
/home/hemduttdabral/Downloads/proj-api-volume-dump/64b124bd-241c-4cca-b79e-474d40d8de62/workspace/projects/new_project_name_254620/ai_new_project_name_254620.json,'$schema' is a required property
/home/hemduttdabral/Downloads/proj-api-volume-dump/64b124bd-241c-4cca-b79e-474d40d8de62/workspace/projects/new_project_name_735852/ai_new_project_name_735852.json,Invalid JSON syntax
/home/hemduttdabral/Downloads/proj-api-volume-dump/64b124bd-241c-4cca-b79e-474d40d8de62/workspace/projects/new_project_name_618154/ai_new_project_name_618154.json,Invalid JSON syntax
/home/hemduttdabral/Downloads/proj-api-volume-dump/64b124bd-241c-4cca-b79e-474d40d8de62/workspace/projects/new_project_name_410562/ai_new_project_name_410562.json,Invalid JSON syntax
/home/hemduttdabral/Downloads/proj-api-volume-dump/64b124bd-241c-4cca-b79e-474d40d8de62/workspace/projects/new_project_name_291816/ai_new_project_name_291816.json,Invalid JSON syntax
/home/hemduttdabral/Downloads/proj-api-volume-dump/64b124bd-241c-4cca-b79e-474d40d8de62/workspace/projects/new_project_name_718409/ai_new_project_name_718409.json,'$schema' is a required property
/home/hemduttdabral/Downloads/proj-api-volume-dump/64b124bd-241c-4cca-b79e-474d40d8de62/workspace/projects/new_project_name_991651/ai_new_project_name_991651.json,'$schema' is a required property
/home/hemduttdabral/Downloads/proj-api-volume-dump/64b124bd-241c-4cca-b79e-474d40d8de62/workspace/projects/new_project_name_724138/ai_new_project_name_724138.json,'$schema' is a required property
/home/hemduttdabral/Downloads/proj-api-volume-dump/64b124bd-241c-4cca-b79e-474d40d8de62/workspace/projects/new_project_name_777691/ai_new_project_name_777691.json,'$schema' is a required property
/home/hemduttdabral/Downloads/proj-api-volume-dump/64b124bd-241c-4cca-b79e-474d40d8de62/workspace/projects/new_project_name_885268/ai_new_project_name_885268.json,Invalid JSON syntax
/home/hemduttdabral/Downloads/proj-api-volume-dump/64b124bd-241c-4cca-b79e-474d40d8de62/workspace/projects/new_project_name_403076/ai_new_project_name_403076.json,Invalid JSON syntax
/home/hemduttdabral/Downloads/proj-api-volume-dump/64b124bd-241c-4cca-b79e-474d40d8de62/workspace/projects/test_csv/ai_test_csv.json,'project_owner_uuid' is a required property
/home/hemduttdabral/Downloads/proj-api-volume-dump/64b124bd-241c-4cca-b79e-474d40d8de62/workspace/projects/new_project_name_563245/ai_new_project_name_563245.json,Invalid JSON syntax
/home/hemduttdabral/Downloads/proj-api-volume-dump/64b124bd-241c-4cca-b79e-474d40d8de62/workspace/projects/new_project_name_843311/ai_new_project_name_843311.json,Invalid JSON syntax
/home/hemduttdabral/Downloads/proj-api-volume-dump/64b124bd-241c-4cca-b79e-474d40d8de62/workspace/projects/new_project_name_850746/ai_new_project_name_850746.json,'$schema' is a required property
/home/hemduttdabral/Downloads/proj-api-volume-dump/64b124bd-241c-4cca-b79e-474d40d8de62/workspace/projects/new_project_name_356326/ai_new_project_name_356326.json,'$schema' is a required property
/home/hemduttdabral/Downloads/proj-api-volume-dump/64b124bd-241c-4cca-b79e-474d40d8de62/workspace/projects/new_project_name_820100/ai_new_project_name_820100.json,Invalid JSON syntax
/home/hemduttdabral/Downloads/proj-api-volume-dump/64b124bd-241c-4cca-b79e-474d40d8de62/workspace/projects/new_project_name_455943/ai_new_project_name_455943.json,Invalid JSON syntax
/home/hemduttdabral/Downloads/proj-api-volume-dump/64b124bd-241c-4cca-b79e-474d40d8de62/workspace/projects/new_project_name_389201/ai_new_project_name_389201.json,'$schema' is a required property
/home/hemduttdabral/Downloads/proj-api-volume-dump/64b124bd-241c-4cca-b79e-474d40d8de62/workspace/projects/new_project_name_108508/ai_new_project_name_108508.json,'$schema' is a required property
/home/hemduttdabral/Downloads/proj-api-volume-dump/64b124bd-241c-4cca-b79e-474d40d8de62/workspace/projects/new_project_name_497220/ai_new_project_name_497220.json,'$schema' is a required property
/home/hemduttdabral/Downloads/proj-api-volume-dump/64b124bd-241c-4cca-b79e-474d40d8de62/workspace/projects/new_project_name_738851/ai_new_project_name_738851.json,'$schema' is a required property
/home/hemduttdabral/Downloads/proj-api-volume-dump/64b124bd-241c-4cca-b79e-474d40d8de62/workspace/projects/new_project_name_640758/ai_new_project_name_640758.json,Invalid JSON syntax
/home/hemduttdabral/Downloads/proj-api-volume-dump/64b124bd-241c-4cca-b79e-474d40d8de62/workspace/projects/new_project_name_886766/ai_new_project_name_886766.json,'$schema' is a required property
/home/hemduttdabral/Downloads/proj-api-volume-dump/64b124bd-241c-4cca-b79e-474d40d8de62/workspace/projects/new_project_name_897697/ai_new_project_name_897697.json,'$schema' is a required property
/home/hemduttdabral/Downloads/proj-api-volume-dump/64b124bd-241c-4cca-b79e-474d40d8de62/workspace/projects/new_project_name_616587/ai_new_project_name_616587.json,'$schema' is a required property
/home/hemduttdabral/Downloads/proj-api-volume-dump/64b124bd-241c-4cca-b79e-474d40d8de62/workspace/projects/new_project_name_635882/ai_new_project_name_635882.json,'$schema' is a required property
/home/hemduttdabral/Downloads/proj-api-volume-dump/64b124bd-241c-4cca-b79e-474d40d8de62/workspace/projects/new_project_name_839699/ai_new_project_name_839699.json,Invalid JSON syntax
/home/hemduttdabral/Downloads/proj-api-volume-dump/64b124bd-241c-4cca-b79e-474d40d8de62/workspace/projects/new_project_name_791976/ai_new_project_name_791976.json,'$schema' is a required property
/home/hemduttdabral/Downloads/proj-api-volume-dump/64b124bd-241c-4cca-b79e-474d40d8de62/workspace/projects/new_project_name_908062/ai_new_project_name_908062.json,'$schema' is a required property
/home/hemduttdabral/Downloads/proj-api-volume-dump/64b124bd-241c-4cca-b79e-474d40d8de62/workspace/projects/new_project_name_479664/ai_new_project_name_479664.json,Invalid JSON syntax
/home/hemduttdabral/Downloads/proj-api-volume-dump/64b124bd-241c-4cca-b79e-474d40d8de62/workspace/projects/new_project_name_776655/ai_new_project_name_776655.json,Invalid JSON syntax
/home/hemduttdabral/Downloads/proj-api-volume-dump/64b124bd-241c-4cca-b79e-474d40d8de62/workspace/projects/new_project_name_772459/ai_new_project_name_772459.json,'$schema' is a required property
/home/hemduttdabral/Downloads/proj-api-volume-dump/64b124bd-241c-4cca-b79e-474d40d8de62/workspace/projects/new_project_name_196739/ai_new_project_name_196739.json,'$schema' is a required property
/home/hemduttdabral/Downloads/proj-api-volume-dump/64b124bd-241c-4cca-b79e-474d40d8de62/workspace/projects/new_project_name_818365/ai_new_project_name_818365.json,'$schema' is a required property
/home/hemduttdabral/Downloads/proj-api-volume-dump/64b124bd-241c-4cca-b79e-474d40d8de62/workspace/projects/new_project_name_257632/ai_new_project_name_257632.json,Invalid JSON syntax
/home/hemduttdabral/Downloads/proj-api-volume-dump/64b124bd-241c-4cca-b79e-474d40d8de62/workspace/projects/new_project_name_582670/ai_new_project_name_582670.json,'$schema' is a required property
/home/hemduttdabral/Downloads/proj-api-volume-dump/64b124bd-241c-4cca-b79e-474d40d8de62/workspace/projects/new_project_name_905124/ai_new_project_name_905124.json,Invalid JSON syntax
/home/hemduttdabral/Downloads/proj-api-volume-dump/64b124bd-241c-4cca-b79e-474d40d8de62/workspace/projects/testtt/ai_testtt.json,'project_owner_uuid' is a required property
/home/hemduttdabral/Downloads/proj-api-volume-dump/64b124bd-241c-4cca-b79e-474d40d8de62/workspace/projects/new_project_name_309802/ai_new_project_name_309802.json,Invalid JSON syntax
/home/hemduttdabral/Downloads/proj-api-volume-dump/64b124bd-241c-4cca-b79e-474d40d8de62/workspace/projects/new_project_name_417949/ai_new_project_name_417949.json,'$schema' is a required property
/home/hemduttdabral/Downloads/proj-api-volume-dump/64b124bd-241c-4cca-b79e-474d40d8de62/workspace/projects/new_project_name_233186/ai_new_project_name_233186.json,Invalid JSON syntax
/home/hemduttdabral/Downloads/proj-api-volume-dump/64b124bd-241c-4cca-b79e-474d40d8de62/workspace/projects/new_project_name_140428/ai_new_project_name_140428.json,'$schema' is a required property
/home/hemduttdabral/Downloads/proj-api-volume-dump/64b124bd-241c-4cca-b79e-474d40d8de62/workspace/projects/new_project_name_315163/ai_new_project_name_315163.json,'$schema' is a required property
/home/hemduttdabral/Downloads/proj-api-volume-dump/64b124bd-241c-4cca-b79e-474d40d8de62/workspace/projects/new_project_name_778374/ai_new_project_name_778374.json,'$schema' is a required property
/home/hemduttdabral/Downloads/proj-api-volume-dump/64b124bd-241c-4cca-b79e-474d40d8de62/workspace/projects/new_project_name_616736/ai_new_project_name_616736.json,'$schema' is a required property
/home/hemduttdabral/Downloads/proj-api-volume-dump/64b124bd-241c-4cca-b79e-474d40d8de62/workspace/projects/new_project_name_133077/ai_new_project_name_133077.json,'$schema' is a required property
/home/hemduttdabral/Downloads/proj-api-volume-dump/64b124bd-241c-4cca-b79e-474d40d8de62/workspace/projects/new_project_name_870094/ai_new_project_name_870094.json,'$schema' is a required property
/home/hemduttdabral/Downloads/proj-api-volume-dump/64b124bd-241c-4cca-b79e-474d40d8de62/workspace/projects/new_project_name_418520/ai_new_project_name_418520.json,'$schema' is a required property
/home/hemduttdabral/Downloads/proj-api-volume-dump/64b124bd-241c-4cca-b79e-474d40d8de62/workspace/projects/new_project_name_754766/ai_new_project_name_754766.json,'$schema' is a required property
/home/hemduttdabral/Downloads/proj-api-volume-dump/64b124bd-241c-4cca-b79e-474d40d8de62/workspace/projects/new_project_name_240019/ai_new_project_name_240019.json,Invalid JSON syntax
/home/hemduttdabral/Downloads/proj-api-volume-dump/64b124bd-241c-4cca-b79e-474d40d8de62/workspace/projects/new_project_name_643960/ai_new_project_name_643960.json,Invalid JSON syntax
/home/hemduttdabral/Downloads/proj-api-volume-dump/64b124bd-241c-4cca-b79e-474d40d8de62/workspace/projects/new_project_name_840470/ai_new_project_name_840470.json,'$schema' is a required property
/home/hemduttdabral/Downloads/proj-api-volume-dump/64b124bd-241c-4cca-b79e-474d40d8de62/workspace/projects/new_project_name_811619/ai_new_project_name_811619.json,Invalid JSON syntax
/home/hemduttdabral/Downloads/proj-api-volume-dump/64b124bd-241c-4cca-b79e-474d40d8de62/workspace/projects/new_project_name_944590/ai_new_project_name_944590.json,'$schema' is a required property
/home/hemduttdabral/Downloads/proj-api-volume-dump/64b124bd-241c-4cca-b79e-474d40d8de62/workspace/projects/new_project_name_531538/ai_new_project_name_531538.json,'$schema' is a required property
/home/hemduttdabral/Downloads/proj-api-volume-dump/64b124bd-241c-4cca-b79e-474d40d8de62/workspace/projects/new_project_name_295117/ai_new_project_name_295117.json,'$schema' is a required property
/home/hemduttdabral/Downloads/proj-api-volume-dump/64b124bd-241c-4cca-b79e-474d40d8de62/workspace/projects/new_project_name_453107/ai_new_project_name_453107.json,'$schema' is a required property
/home/hemduttdabral/Downloads/proj-api-volume-dump/64b124bd-241c-4cca-b79e-474d40d8de62/workspace/projects/new_project_name_192686/ai_new_project_name_192686.json,'$schema' is a required property
/home/hemduttdabral/Downloads/proj-api-volume-dump/64b124bd-241c-4cca-b79e-474d40d8de62/workspace/projects/new_project_name_311115/ai_new_project_name_311115.json,Invalid JSON syntax
/home/hemduttdabral/Downloads/proj-api-volume-dump/64b124bd-241c-4cca-b79e-474d40d8de62/workspace/projects/new_project_name_452018/ai_new_project_name_452018.json,'$schema' is a required property
/home/hemduttdabral/Downloads/proj-api-volume-dump/64b124bd-241c-4cca-b79e-474d40d8de62/workspace/projects/new_project_name_831610/ai_new_project_name_831610.json,Invalid JSON syntax
/home/hemduttdabral/Downloads/proj-api-volume-dump/64b124bd-241c-4cca-b79e-474d40d8de62/workspace/projects/new_project_name_244386/ai_new_project_name_244386.json,Invalid JSON syntax
/home/hemduttdabral/Downloads/proj-api-volume-dump/64b124bd-241c-4cca-b79e-474d40d8de62/workspace/projects/new_project_name_807358/ai_new_project_name_807358.json,Invalid JSON syntax
/home/hemduttdabral/Downloads/proj-api-volume-dump/64b124bd-241c-4cca-b79e-474d40d8de62/workspace/projects/new_project_name_989934/ai_new_project_name_989934.json,Invalid JSON syntax
/home/hemduttdabral/Downloads/proj-api-volume-dump/64b124bd-241c-4cca-b79e-474d40d8de62/workspace/projects/new_project_name_980625/ai_new_project_name_980625.json,Invalid JSON syntax
/home/hemduttdabral/Downloads/proj-api-volume-dump/64b124bd-241c-4cca-b79e-474d40d8de62/workspace/projects/new_project_name_391218/ai_new_project_name_391218.json,'$schema' is a required property
/home/hemduttdabral/Downloads/proj-api-volume-dump/64b124bd-241c-4cca-b79e-474d40d8de62/workspace/projects/new_project_name_856231/ai_new_project_name_856231.json,Invalid JSON syntax
/home/hemduttdabral/Downloads/proj-api-volume-dump/64b124bd-241c-4cca-b79e-474d40d8de62/workspace/projects/new_project_name_182365/ai_new_project_name_182365.json,'$schema' is a required property
/home/hemduttdabral/Downloads/proj-api-volume-dump/64b124bd-241c-4cca-b79e-474d40d8de62/workspace/projects/new_project_name_162322/ai_new_project_name_162322.json,Invalid JSON syntax
/home/hemduttdabral/Downloads/proj-api-volume-dump/64b124bd-241c-4cca-b79e-474d40d8de62/workspace/projects/new_project_name_209902/ai_new_project_name_209902.json,'$schema' is a required property
/home/hemduttdabral/Downloads/proj-api-volume-dump/64b124bd-241c-4cca-b79e-474d40d8de62/workspace/projects/new_project_name_945184/ai_new_project_name_945184.json,'$schema' is a required property
/home/hemduttdabral/Downloads/proj-api-volume-dump/64b124bd-241c-4cca-b79e-474d40d8de62/workspace/projects/new_project_name_722825/ai_new_project_name_722825.json,Invalid JSON syntax
/home/hemduttdabral/Downloads/proj-api-volume-dump/64b124bd-241c-4cca-b79e-474d40d8de62/workspace/projects/new_project_name_536428/ai_new_project_name_536428.json,Invalid JSON syntax
/home/hemduttdabral/Downloads/proj-api-volume-dump/64b124bd-241c-4cca-b79e-474d40d8de62/workspace/projects/new_project_name_182571/ai_new_project_name_182571.json,'$schema' is a required property
/home/hemduttdabral/Downloads/proj-api-volume-dump/64b124bd-241c-4cca-b79e-474d40d8de62/workspace/projects/new_project_name_465476/ai_new_project_name_465476.json,Invalid JSON syntax
/home/hemduttdabral/Downloads/proj-api-volume-dump/64b124bd-241c-4cca-b79e-474d40d8de62/workspace/projects/new_project_name_337120/ai_new_project_name_337120.json,Invalid JSON syntax
/home/hemduttdabral/Downloads/proj-api-volume-dump/64b124bd-241c-4cca-b79e-474d40d8de62/workspace/projects/new_project_name_168123/ai_new_project_name_168123.json,Invalid JSON syntax
/home/hemduttdabral/Downloads/proj-api-volume-dump/64b124bd-241c-4cca-b79e-474d40d8de62/workspace/projects/new_project_name_953198/ai_new_project_name_953198.json,'$schema' is a required property
/home/hemduttdabral/Downloads/proj-api-volume-dump/64b124bd-241c-4cca-b79e-474d40d8de62/workspace/projects/new_project_name_661884/ai_new_project_name_661884.json,Invalid JSON syntax
/home/hemduttdabral/Downloads/proj-api-volume-dump/64b124bd-241c-4cca-b79e-474d40d8de62/workspace/projects/new_project_name_812671/ai_new_project_name_812671.json,'$schema' is a required property
/home/hemduttdabral/Downloads/proj-api-volume-dump/64b124bd-241c-4cca-b79e-474d40d8de62/workspace/projects/new_project_name_889593/ai_new_project_name_889593.json,Invalid JSON syntax
/home/hemduttdabral/Downloads/proj-api-volume-dump/64b124bd-241c-4cca-b79e-474d40d8de62/workspace/projects/new_project_name_237070/ai_new_project_name_237070.json,'$schema' is a required property
/home/hemduttdabral/Downloads/proj-api-volume-dump/64b124bd-241c-4cca-b79e-474d40d8de62/workspace/projects/new_project_name_855440/ai_new_project_name_855440.json,Invalid JSON syntax
/home/hemduttdabral/Downloads/proj-api-volume-dump/64b124bd-241c-4cca-b79e-474d40d8de62/workspace/projects/Project_name_456476/ai_Project_name_456476.json,'project_owner_uuid' is a required property
/home/hemduttdabral/Downloads/proj-api-volume-dump/64b124bd-241c-4cca-b79e-474d40d8de62/workspace/projects/new_project_name_155960/ai_new_project_name_155960.json,'$schema' is a required property
/home/hemduttdabral/Downloads/proj-api-volume-dump/64b124bd-241c-4cca-b79e-474d40d8de62/workspace/projects/new_project_name_678870/ai_new_project_name_678870.json,'$schema' is a required property
/home/hemduttdabral/Downloads/proj-api-volume-dump/64b124bd-241c-4cca-b79e-474d40d8de62/workspace/projects/new_project_name_193715/ai_new_project_name_193715.json,Invalid JSON syntax
/home/hemduttdabral/Downloads/proj-api-volume-dump/64b124bd-241c-4cca-b79e-474d40d8de62/workspace/projects/new_project_name_276210/ai_new_project_name_276210.json,Invalid JSON syntax
/home/hemduttdabral/Downloads/proj-api-volume-dump/64b124bd-241c-4cca-b79e-474d40d8de62/workspace/projects/new_project_name_890444/ai_new_project_name_890444.json,Invalid JSON syntax
/home/hemduttdabral/Downloads/proj-api-volume-dump/64b124bd-241c-4cca-b79e-474d40d8de62/workspace/projects/new_project_name_911404/ai_new_project_name_911404.json,Invalid JSON syntax
/home/hemduttdabral/Downloads/proj-api-volume-dump/64b124bd-241c-4cca-b79e-474d40d8de62/workspace/projects/new_project_name_414335/ai_new_project_name_414335.json,Invalid JSON syntax
/home/hemduttdabral/Downloads/proj-api-volume-dump/64b124bd-241c-4cca-b79e-474d40d8de62/workspace/projects/new_project_name_157291/ai_new_project_name_157291.json,Invalid JSON syntax
/home/hemduttdabral/Downloads/proj-api-volume-dump/64b124bd-241c-4cca-b79e-474d40d8de62/workspace/projects/new_project_name_250504/ai_new_project_name_250504.json,Invalid JSON syntax
/home/hemduttdabral/Downloads/proj-api-volume-dump/64b124bd-241c-4cca-b79e-474d40d8de62/workspace/projects/new_project_name_762885/ai_new_project_name_762885.json,Invalid JSON syntax
/home/hemduttdabral/Downloads/proj-api-volume-dump/1c0afe7a-2c3a-4f5e-8820-56ed2186ad03/workspace/projects/Project_name_487050/ai_Project_name_487050.json,'project_owner_uuid' is a required property
/home/hemduttdabral/Downloads/proj-api-volume-dump/1c0afe7a-2c3a-4f5e-8820-56ed2186ad03/workspace/projects/Project_name_481370/ai_Project_name_481370.json,'project_owner_uuid' is a required property
/home/hemduttdabral/Downloads/proj-api-volume-dump/1c0afe7a-2c3a-4f5e-8820-56ed2186ad03/workspace/projects/Project_name_677814/ai_Project_name_677814.json,'project_owner_uuid' is a required property
/home/hemduttdabral/Downloads/proj-api-volume-dump/1c0afe7a-2c3a-4f5e-8820-56ed2186ad03/workspace/projects/Project_name_668549/ai_Project_name_668549.json,'project_owner_uuid' is a required property
/home/hemduttdabral/Downloads/proj-api-volume-dump/f20dcf45-1699-41a2-a94d-0b63aa059bec/workspace/projects/Project_name_797131/ai_Project_name_797131.json,'project_owner_uuid' is a required property
/home/hemduttdabral/Downloads/proj-api-volume-dump/22e766fe-88b4-413c-a0ec-f87f14d00483/workspace/projects/Project_name_688553/ai_Project_name_688553.json,'project_owner_uuid' is a required property
/home/hemduttdabral/Downloads/proj-api-volume-dump/22e766fe-88b4-413c-a0ec-f87f14d00483/workspace/projects/Project_name_910422/ai_Project_name_910422.json,'project_owner_uuid' is a required property
/home/hemduttdabral/Downloads/proj-api-volume-dump/287bcd84-54cd-4a2d-9d2d-109af71be563/workspace/projects/Project_name_312259/ai_Project_name_312259.json,'project_owner_uuid' is a required property
/home/hemduttdabral/Downloads/proj-api-volume-dump/287bcd84-54cd-4a2d-9d2d-109af71be563/workspace/projects/Project_name_865994/ai_Project_name_865994.json,'project_owner_uuid' is a required property
/home/hemduttdabral/Downloads/proj-api-volume-dump/2c8f91d0-4bee-4e93-8e4a-0e47b31ed595/workspace/projects/Project_name_16848/ai_Project_name_16848.json,'project_owner_uuid' is a required property
/home/hemduttdabral/Downloads/proj-api-volume-dump/fv7er6m9prcy7emqeb531xwj10/workspace/projects/prjModelAndDataset/ai_prjModelAndDataset.json,'$schema' is a required property
/home/hemduttdabral/Downloads/proj-api-volume-dump/fv7er6m9prcy7emqeb531xwj10/workspace/projects/prj1_hd_6june2026/ai_prj1_hd_6june2026.json,'$schema' is a required property
/home/hemduttdabral/Downloads/proj-api-volume-dump/fv7er6m9prcy7emqeb531xwj10/workspace/projects/prjOnly/ai_prjOnly.json,'$schema' is a required property
/home/hemduttdabral/Downloads/proj-api-volume-dump/fv7er6m9prcy7emqeb531xwj10/workspace/projects/prjAndModel/ai_prjAndModel.json,'$schema' is a required property
/home/hemduttdabral/Downloads/proj-api-volume-dump/fv7er6m9prcy7emqeb531xwj10/workspace/projects/datalog2_31_project/ai_datalog2_31_project.json,'$schema' is a required property
/home/hemduttdabral/Downloads/proj-api-volume-dump/fv7er6m9prcy7emqeb531xwj10/workspace/projects/TestPrj/ai_TestPrj.json,'$schema' is a required property
/home/hemduttdabral/Downloads/proj-api-volume-dump/fv7er6m9prcy7emqeb531xwj10/workspace/projects/shared-test-prj/ai_shared-test-prj.json,'$schema' is a required property
/home/hemduttdabral/Downloads/proj-api-volume-dump/fv7er6m9prcy7emqeb531xwj10/workspace/projects/test21_clone/ai_test21_clone.json,'supported_applications' is a required property
/home/hemduttdabral/Downloads/proj-api-volume-dump/73dd2f22-6f54-431e-a42c-fca7db9d0eb4/workspace/testSTWIN/ai_testSTWIN.json,'applications' is a required property
/home/hemduttdabral/Downloads/proj-api-volume-dump/73dd2f22-6f54-431e-a42c-fca7db9d0eb4/workspace/testBOXPRO/ai_testBOXPRO.json,'applications' is a required property
/home/hemduttdabral/Downloads/proj-api-volume-dump/73dd2f22-6f54-431e-a42c-fca7db9d0eb4/workspace/projects/bbbbbbbbbbb/ai_bbbbbbbbbbb.json,'$schema' is a required property
/home/hemduttdabral/Downloads/proj-api-volume-dump/d6b945b7-e341-425f-9078-bbea33be00ff/workspace/projects/Project_name_413007/ai_Project_name_413007.json,'project_owner_uuid' is a required property
/home/hemduttdabral/Downloads/proj-api-volume-dump/19914b11-9b3f-4528-84a0-42c34a92d6ba/workspace/projects/Project_name_659479/ai_Project_name_659479.json,'project_owner_uuid' is a required property
/home/hemduttdabral/Downloads/proj-api-volume-dump/19914b11-9b3f-4528-84a0-42c34a92d6ba/workspace/projects/Project_name_11720/ai_Project_name_11720.json,'project_owner_uuid' is a required property
/home/hemduttdabral/Downloads/proj-api-volume-dump/569aefb2-c200-4676-bb57-4f706966e677/workspace/projects/Project_name_813940/ai_Project_name_813940.json,'project_owner_uuid' is a required property
/home/hemduttdabral/Downloads/proj-api-volume-dump/569aefb2-c200-4676-bb57-4f706966e677/workspace/projects/Project_name_688902/ai_Project_name_688902.json,'project_owner_uuid' is a required property
/home/hemduttdabral/Downloads/proj-api-volume-dump/b60ad28c-7a57-49c8-a427-5981b41399b2/workspace/projects/Project_name_544994/ai_Project_name_544994.json,'project_owner_uuid' is a required property
/home/hemduttdabral/Downloads/proj-api-volume-dump/b60ad28c-7a57-49c8-a427-5981b41399b2/workspace/projects/Project_name_748867/ai_Project_name_748867.json,'project_owner_uuid' is a required property
/home/hemduttdabral/Downloads/proj-api-volume-dump/0d7520bc-c240-4abe-8126-331251333e6f/workspace/projects/Project_name_376210/ai_Project_name_376210.json,'project_owner_uuid' is a required property
/home/hemduttdabral/Downloads/proj-api-volume-dump/0d7520bc-c240-4abe-8126-331251333e6f/workspace/projects/Project_name_608834/ai_Project_name_608834.json,'project_owner_uuid' is a required property
/home/hemduttdabral/Downloads/proj-api-volume-dump/0d7520bc-c240-4abe-8126-331251333e6f/workspace/projects/Project_name_376403/ai_Project_name_376403.json,'project_owner_uuid' is a required property
/home/hemduttdabral/Downloads/proj-api-volume-dump/0d7520bc-c240-4abe-8126-331251333e6f/workspace/projects/Project_name_766530/ai_Project_name_766530.json,'project_owner_uuid' is a required property
/home/hemduttdabral/Downloads/proj-api-volume-dump/0d7520bc-c240-4abe-8126-331251333e6f/workspace/projects/Project_name_834012/ai_Project_name_834012.json,'project_owner_uuid' is a required property
/home/hemduttdabral/Downloads/proj-api-volume-dump/8d122eb3-9057-4b46-ad5b-c4145665b68d/workspace/projects/Project_name_37954/ai_Project_name_37954.json,'project_owner_uuid' is a required property
/home/hemduttdabral/Downloads/proj-api-volume-dump/a9864e1a-eab7-4b2d-8a7b-cbf3af094e6f/workspace/projects/Project_name_590137/ai_Project_name_590137.json,'project_owner_uuid' is a required property
/home/hemduttdabral/Downloads/proj-api-volume-dump/a9864e1a-eab7-4b2d-8a7b-cbf3af094e6f/workspace/projects/Project_name_187984/ai_Project_name_187984.json,'project_owner_uuid' is a required property
/home/hemduttdabral/Downloads/proj-api-volume-dump/22508586-6333-48ab-b645-a28bfb453b2f/workspace/shake_test/ai_shake_test.json,'$schema' is a required property
/home/hemduttdabral/Downloads/proj-api-volume-dump/22508586-6333-48ab-b645-a28bfb453b2f/workspace/get_started_mlc_asset_tracking/ai_get_started_mlc_asset_tracking.json,'applications' is a required property
/home/hemduttdabral/Downloads/proj-api-volume-dump/22508586-6333-48ab-b645-a28bfb453b2f/workspace/Frequency Detection/ai_Frequency Detection.json,'$schema' is a required property
/home/hemduttdabral/Downloads/proj-api-volume-dump/22508586-6333-48ab-b645-a28bfb453b2f/workspace/projects/MyTestProject/ai_MyTestProject.json,'$schema' is a required property
/home/hemduttdabral/Downloads/proj-api-volume-dump/22508586-6333-48ab-b645-a28bfb453b2f/workspace/projects/Asset-Tracking/ai_Asset-Tracking.json,'applications' is a required property
/home/hemduttdabral/Downloads/proj-api-volume-dump/22508586-6333-48ab-b645-a28bfb453b2f/workspace/projects/MyTestProject2/ai_MyTestProject2.json,'$schema' is a required property
/home/hemduttdabral/Downloads/proj-api-volume-dump/f8a13d17-ff86-4b12-a725-4fd92b0ad4e1/workspace/projects/Project_name_975001/ai_Project_name_975001.json,'project_owner_uuid' is a required property
/home/hemduttdabral/Downloads/proj-api-volume-dump/f8a13d17-ff86-4b12-a725-4fd92b0ad4e1/workspace/projects/Project_name_841169/ai_Project_name_841169.json,'project_owner_uuid' is a required property
/home/hemduttdabral/Downloads/proj-api-volume-dump/f8a13d17-ff86-4b12-a725-4fd92b0ad4e1/workspace/projects/Project_name_442369/ai_Project_name_442369.json,'project_owner_uuid' is a required property
/home/hemduttdabral/Downloads/proj-api-volume-dump/f8a13d17-ff86-4b12-a725-4fd92b0ad4e1/workspace/projects/Project_name_673825/ai_Project_name_673825.json,'project_owner_uuid' is a required property
/home/hemduttdabral/Downloads/proj-api-volume-dump/a118e589-b71d-476c-97cf-c60973c316f0/workspace/projects/Project_name_331460/ai_Project_name_331460.json,'project_owner_uuid' is a required property
/home/hemduttdabral/Downloads/proj-api-volume-dump/a118e589-b71d-476c-97cf-c60973c316f0/workspace/projects/Project_name_423126/ai_Project_name_423126.json,'project_owner_uuid' is a required property
/home/hemduttdabral/Downloads/proj-api-volume-dump/053b422c-b512-4cda-b3c8-fa125dcf4a50/workspace/get_started_asset_tracking_mlc/ai_get_started_asset_tracking_mlc.json,'applications' is a required property
/home/hemduttdabral/Downloads/proj-api-volume-dump/053b422c-b512-4cda-b3c8-fa125dcf4a50/workspace/projects/cloned_project/ai_cloned_project.json,'applications' is a required property
/home/hemduttdabral/Downloads/proj-api-volume-dump/053b422c-b512-4cda-b3c8-fa125dcf4a50/workspace/projects/Asset_Tracking/ai_Asset_Tracking.json,'applications' is a required property
/home/hemduttdabral/Downloads/proj-api-volume-dump/b907a9e8-7dfa-43b4-b77d-7bfebdbb3677/workspace/projects/Project_name_828164/ai_Project_name_828164.json,'project_owner_uuid' is a required property
/home/hemduttdabral/Downloads/proj-api-volume-dump/b907a9e8-7dfa-43b4-b77d-7bfebdbb3677/workspace/projects/Project_name_981247/ai_Project_name_981247.json,'project_owner_uuid' is a required property
/home/hemduttdabral/Downloads/proj-api-volume-dump/b907a9e8-7dfa-43b4-b77d-7bfebdbb3677/workspace/projects/Project_name_487676/ai_Project_name_487676.json,'project_owner_uuid' is a required property
/home/hemduttdabral/Downloads/proj-api-volume-dump/b907a9e8-7dfa-43b4-b77d-7bfebdbb3677/workspace/projects/Project_name_933398/ai_Project_name_933398.json,'project_owner_uuid' is a required property
/home/hemduttdabral/Downloads/proj-api-volume-dump/f881e94b-7fee-4a9d-9154-f201daac3113/workspace/projects/Project_name_713175/ai_Project_name_713175.json,'project_owner_uuid' is a required property
/home/hemduttdabral/Downloads/proj-api-volume-dump/f881e94b-7fee-4a9d-9154-f201daac3113/workspace/projects/Project_name_924727/ai_Project_name_924727.json,'project_owner_uuid' is a required property
/home/hemduttdabral/Downloads/proj-api-volume-dump/f881e94b-7fee-4a9d-9154-f201daac3113/workspace/projects/Project_name_602882/ai_Project_name_602882.json,'project_owner_uuid' is a required property
/home/hemduttdabral/Downloads/proj-api-volume-dump/f881e94b-7fee-4a9d-9154-f201daac3113/workspace/projects/Project_name_575152/ai_Project_name_575152.json,'project_owner_uuid' is a required property
/home/hemduttdabral/Downloads/proj-api-volume-dump/f881e94b-7fee-4a9d-9154-f201daac3113/workspace/projects/Project_name_990069/ai_Project_name_990069.json,'project_owner_uuid' is a required property
/home/hemduttdabral/Downloads/proj-api-volume-dump/d3ddc7fc-3be7-4a6d-b275-ee19307ccf8b/workspace/projects/Project_name_644299/ai_Project_name_644299.json,'project_owner_uuid' is a required property
/home/hemduttdabral/Downloads/proj-api-volume-dump/8fcc0999-2bcd-4424-baf2-eb9098f473c6/workspace/projects/Project_name_235965/ai_Project_name_235965.json,'project_owner_uuid' is a required property
/home/hemduttdabral/Downloads/proj-api-volume-dump/21b1e489-d89d-43ff-ad94-0ad34d9e7111/workspace/projects/Project_name_243024/ai_Project_name_243024.json,'project_owner_uuid' is a required property
/home/hemduttdabral/Downloads/proj-api-volume-dump/21b1e489-d89d-43ff-ad94-0ad34d9e7111/workspace/projects/Project_name_954185/ai_Project_name_954185.json,'project_owner_uuid' is a required property
/home/hemduttdabral/Downloads/proj-api-volume-dump/21b1e489-d89d-43ff-ad94-0ad34d9e7111/workspace/projects/Project_name_815760/ai_Project_name_815760.json,'project_owner_uuid' is a required property
/home/hemduttdabral/Downloads/proj-api-volume-dump/21b1e489-d89d-43ff-ad94-0ad34d9e7111/workspace/projects/Project_name_428983/ai_Project_name_428983.json,'project_owner_uuid' is a required property
/home/hemduttdabral/Downloads/proj-api-volume-dump/e4b5df4e-b44b-4eba-b8cb-5b9ad23b66c2/workspace/projects/test/ai_test.json,'project_owner_uuid' is a required property
/home/hemduttdabral/Downloads/proj-api-volume-dump/efae6304-2a1d-4d9c-8c85-41f11b787895/workspace/projects/Project_name_382716/ai_Project_name_382716.json,'project_owner_uuid' is a required property
/home/hemduttdabral/Downloads/proj-api-volume-dump/efae6304-2a1d-4d9c-8c85-41f11b787895/workspace/projects/Project_name_998465/ai_Project_name_998465.json,'project_owner_uuid' is a required property
/home/hemduttdabral/Downloads/proj-api-volume-dump/b9339277-e596-4e98-9ef1-d6dd4d74fd29/workspace/projects/Project_name_918433/ai_Project_name_918433.json,'project_owner_uuid' is a required property
/home/hemduttdabral/Downloads/proj-api-volume-dump/b9339277-e596-4e98-9ef1-d6dd4d74fd29/workspace/projects/Project_name_46624/ai_Project_name_46624.json,'project_owner_uuid' is a required property
/home/hemduttdabral/Downloads/proj-api-volume-dump/3d13d5fa-e3c1-4316-a53b-ffa52e3ad3e9/workspace/projects/Project_name_94440/ai_Project_name_94440.json,'project_owner_uuid' is a required property
/home/hemduttdabral/Downloads/proj-api-volume-dump/3d13d5fa-e3c1-4316-a53b-ffa52e3ad3e9/workspace/projects/Project_name_763979/ai_Project_name_763979.json,'project_owner_uuid' is a required property
/home/hemduttdabral/Downloads/proj-api-volume-dump/3d13d5fa-e3c1-4316-a53b-ffa52e3ad3e9/workspace/projects/Project_name_802712/ai_Project_name_802712.json,'project_owner_uuid' is a required property
/home/hemduttdabral/Downloads/proj-api-volume-dump/50792cc0-993a-40c9-b47e-0d7c481001cf/workspace/projects/kettle/ai_kettle.json,'$schema' is a required property
/home/hemduttdabral/Downloads/proj-api-volume-dump/823c7d98-40ba-4b60-976e-64592a88774f/workspace/projects/Project_name_477046/ai_Project_name_477046.json,'project_owner_uuid' is a required property
/home/hemduttdabral/Downloads/proj-api-volume-dump/823c7d98-40ba-4b60-976e-64592a88774f/workspace/projects/Project_name_993937/ai_Project_name_993937.json,'project_owner_uuid' is a required property
/home/hemduttdabral/Downloads/proj-api-volume-dump/823c7d98-40ba-4b60-976e-64592a88774f/workspace/projects/Project_name_230097/ai_Project_name_230097.json,'project_owner_uuid' is a required property
/home/hemduttdabral/Downloads/proj-api-volume-dump/77917ee3-6cb6-4986-93df-f2716baf2912/workspace/projects/Project_name_450613/ai_Project_name_450613.json,'project_owner_uuid' is a required property
/home/hemduttdabral/Downloads/proj-api-volume-dump/fe6538ed-db0a-49f7-84b4-f15c4e3f60ed/workspace/projects/Project_name_890119/ai_Project_name_890119.json,'project_owner_uuid' is a required property
/home/hemduttdabral/Downloads/proj-api-volume-dump/fe6538ed-db0a-49f7-84b4-f15c4e3f60ed/workspace/projects/Project_name_536296/ai_Project_name_536296.json,'project_owner_uuid' is a required property
/home/hemduttdabral/Downloads/proj-api-volume-dump/663748ef-ddd6-4ee4-b844-0b6c4d3da3dd/workspace/projects/Project_name_916317/ai_Project_name_916317.json,'project_owner_uuid' is a required property
/home/hemduttdabral/Downloads/proj-api-volume-dump/663748ef-ddd6-4ee4-b844-0b6c4d3da3dd/workspace/projects/Project_name_168749/ai_Project_name_168749.json,'project_owner_uuid' is a required property
/home/hemduttdabral/Downloads/proj-api-volume-dump/663748ef-ddd6-4ee4-b844-0b6c4d3da3dd/workspace/projects/Project_name_305908/ai_Project_name_305908.json,'project_owner_uuid' is a required property
/home/hemduttdabral/Downloads/proj-api-volume-dump/663748ef-ddd6-4ee4-b844-0b6c4d3da3dd/workspace/projects/Project_name_536647/ai_Project_name_536647.json,'project_owner_uuid' is a required property
/home/hemduttdabral/Downloads/proj-api-volume-dump/aed31954-4c82-48f0-83ed-e38060620782/get_started_image_classification/ai_get_started_image_classification.json,'applications' is a required property
/home/hemduttdabral/Downloads/proj-api-volume-dump/aed31954-4c82-48f0-83ed-e38060620782/get_started_mlc/ai_get_started_mlc.json,'$schema' is a required property
/home/hemduttdabral/Downloads/proj-api-volume-dump/aed31954-4c82-48f0-83ed-e38060620782/get_started_vibration_classification/ai_get_started_vibration_classification.json,'applications' is a required property
/home/hemduttdabral/Downloads/proj-api-volume-dump/bb52b7ed-9a64-43e4-aefb-e41560fef815/workspace/projects/Project_name_261216/ai_Project_name_261216.json,'project_owner_uuid' is a required property
/home/hemduttdabral/Downloads/proj-api-volume-dump/bb52b7ed-9a64-43e4-aefb-e41560fef815/workspace/projects/Project_name_242897/ai_Project_name_242897.json,'project_owner_uuid' is a required property
/home/hemduttdabral/Downloads/proj-api-volume-dump/bb52b7ed-9a64-43e4-aefb-e41560fef815/workspace/projects/Project_name_872604/ai_Project_name_872604.json,'project_owner_uuid' is a required property
/home/hemduttdabral/Downloads/proj-api-volume-dump/4d7a1555-5040-4f55-9390-55cdc90cb59c/workspace/get_started_har_monitor_mlc/ai_get_started_har_monitor_mlc.json,'applications' is a required property
/home/hemduttdabral/Downloads/proj-api-volume-dump/4d7a1555-5040-4f55-9390-55cdc90cb59c/workspace/model_zoo_v2/modelzoo/stm32ai_modelzoo/common/stm_ai_driver/resources/ai_runtime_libs.json,Invalid JSON syntax
/home/hemduttdabral/Downloads/proj-api-volume-dump/4d7a1555-5040-4f55-9390-55cdc90cb59c/workspace/model_zoo_v2/publicSTModelZooRepo/stm32ai-modelzoo/common/stm_ai_driver/resources/ai_runtime_libs.json,Invalid JSON syntax
/home/hemduttdabral/Downloads/proj-api-volume-dump/25202596-c478-4b45-b158-4208f957dd77/workspace/projects/Project_name_531836/ai_Project_name_531836.json,'project_owner_uuid' is a required property
/home/hemduttdabral/Downloads/proj-api-volume-dump/cc5e60fa-3d75-4dda-b1cf-4ae88cbfe007/workspace/projects/test_project_qIjvp5pW57_TC_603/ai_test_project_qIjvp5pW57_TC_603.json,'$schema' is a required property
/home/hemduttdabral/Downloads/proj-api-volume-dump/cc5e60fa-3d75-4dda-b1cf-4ae88cbfe007/workspace/projects/test_project/ai_test_project.json,'$schema' is a required property
/home/hemduttdabral/Downloads/proj-api-volume-dump/6v4mj2nec2t6kw0d2yc1symk10/workspace/projects/TODELETE/ai_TODELETE.json,'$schema' is a required property
/home/hemduttdabral/Downloads/proj-api-volume-dump/6v4mj2nec2t6kw0d2yc1symk10/workspace/projects/SharedPjForNucleo/ai_SharedPjForNucleo.json,'$schema' is a required property
/home/hemduttdabral/Downloads/proj-api-volume-dump/e897b470-2c3a-4e70-92d9-680bd4e7db9b/workspace/projects/Project_name_236681/ai_Project_name_236681.json,'project_owner_uuid' is a required property
/home/hemduttdabral/Downloads/proj-api-volume-dump/e897b470-2c3a-4e70-92d9-680bd4e7db9b/workspace/projects/Project_name_836629/ai_Project_name_836629.json,'project_owner_uuid' is a required property
/home/hemduttdabral/Downloads/proj-api-volume-dump/64467dac-6ee1-41b9-99a4-c70ce9ca7c75/workspace/projects/Project_name_516031/ai_Project_name_516031.json,'project_owner_uuid' is a required property
/home/hemduttdabral/Downloads/proj-api-volume-dump/64467dac-6ee1-41b9-99a4-c70ce9ca7c75/workspace/projects/Project_name_950655/ai_Project_name_950655.json,'project_owner_uuid' is a required property
/home/hemduttdabral/Downloads/proj-api-volume-dump/64467dac-6ee1-41b9-99a4-c70ce9ca7c75/workspace/projects/Project_name_889647/ai_Project_name_889647.json,'project_owner_uuid' is a required property
/home/hemduttdabral/Downloads/proj-api-volume-dump/64467dac-6ee1-41b9-99a4-c70ce9ca7c75/workspace/projects/Project_name_136738/ai_Project_name_136738.json,'project_owner_uuid' is a required property
/home/hemduttdabral/Downloads/proj-api-volume-dump/64467dac-6ee1-41b9-99a4-c70ce9ca7c75/workspace/projects/Project_name_68677/ai_Project_name_68677.json,'project_owner_uuid' is a required property
/home/hemduttdabral/Downloads/proj-api-volume-dump/5275a4e4-10d1-7046-7198-1ed4ac061522/workspace/projects/Test/ai_Test.json,'$schema' is a required property
/home/hemduttdabral/Downloads/proj-api-volume-dump/1e114f0d-841c-4b17-87a2-64da1af2de38/workspace/projects/Project_name_218494/ai_Project_name_218494.json,'project_owner_uuid' is a required property
/home/hemduttdabral/Downloads/proj-api-volume-dump/1e114f0d-841c-4b17-87a2-64da1af2de38/workspace/projects/Project_name_422151/ai_Project_name_422151.json,'project_owner_uuid' is a required property
/home/hemduttdabral/Downloads/proj-api-volume-dump/baks2fj30qw59873q2mtvakj10/workspace/projects/TEst/ai_TEst.json,'$schema' is a required property
/home/hemduttdabral/Downloads/proj-api-volume-dump/914116f8-a5a3-4d23-882f-d749756204c5/workspace/projects/Project_name_94777/ai_Project_name_94777.json,'project_owner_uuid' is a required property
/home/hemduttdabral/Downloads/proj-api-volume-dump/914116f8-a5a3-4d23-882f-d749756204c5/workspace/projects/Project_name_295604/ai_Project_name_295604.json,'project_owner_uuid' is a required property
/home/hemduttdabral/Downloads/proj-api-volume-dump/037b7f7a-40a9-4b41-8e6e-5ca7d952b037/workspace/projects/Project_name_502393/ai_Project_name_502393.json,'project_owner_uuid' is a required property
/home/hemduttdabral/Downloads/proj-api-volume-dump/9188c159-99f5-4ad9-83c3-21891826a8d8/workspace/projects/Project_name_992525/ai_Project_name_992525.json,'project_owner_uuid' is a required property
/home/hemduttdabral/Downloads/proj-api-volume-dump/9188c159-99f5-4ad9-83c3-21891826a8d8/workspace/projects/Project_name_255161/ai_Project_name_255161.json,'project_owner_uuid' is a required property
/home/hemduttdabral/Downloads/proj-api-volume-dump/9188c159-99f5-4ad9-83c3-21891826a8d8/workspace/projects/Project_name_591337/ai_Project_name_591337.json,'project_owner_uuid' is a required property
/home/hemduttdabral/Downloads/proj-api-volume-dump/9188c159-99f5-4ad9-83c3-21891826a8d8/workspace/projects/Project_name_548906/ai_Project_name_548906.json,'project_owner_uuid' is a required property
/home/hemduttdabral/Downloads/proj-api-volume-dump/81ebfe9e-2b11-48ee-9f25-de190f509ef4/workspace/projects/Project_name_143536/ai_Project_name_143536.json,'project_owner_uuid' is a required property
/home/hemduttdabral/Downloads/proj-api-volume-dump/81ebfe9e-2b11-48ee-9f25-de190f509ef4/workspace/projects/Project_name_646739/ai_Project_name_646739.json,'project_owner_uuid' is a required property
/home/hemduttdabral/Downloads/proj-api-volume-dump/81ebfe9e-2b11-48ee-9f25-de190f509ef4/workspace/projects/Project_name_795799/ai_Project_name_795799.json,'project_owner_uuid' is a required property
/home/hemduttdabral/Downloads/proj-api-volume-dump/zcx9qer6eb4gpe8kqfxethqk10/workspace/projects/JsonTest/ai_JsonTest.json,'$schema' is a required property
/home/hemduttdabral/Downloads/proj-api-volume-dump/zcx9qer6eb4gpe8kqfxethqk10/workspace/projects/svg_script/ai_svg_script.json,'$schema' is a required property
/home/hemduttdabral/Downloads/proj-api-volume-dump/zcx9qer6eb4gpe8kqfxethqk10/workspace/projects/svg/ai_svg.json,'$schema' is a required property
/home/hemduttdabral/Downloads/proj-api-volume-dump/zcx9qer6eb4gpe8kqfxethqk10/workspace/projects/Image_Payload/ai_Image_Payload.json,'$schema' is a required property
/home/hemduttdabral/Downloads/proj-api-volume-dump/zcx9qer6eb4gpe8kqfxethqk10/workspace/projects/TestJS_Script/ai_TestJS_Script.json,'$schema' is a required property
/home/hemduttdabral/Downloads/proj-api-volume-dump/8yvafa5v7cyz8z8skzw7jdfk10/workspace/projects/test/ai_test.json,'$schema' is a required property
/home/hemduttdabral/Downloads/proj-api-volume-dump/qb3qcxcg7ewya7b00kqwxdfk10/workspace/projects/Dataset_Project_984856/ai_Dataset_Project_984856.json,'$schema' is a required property
/home/hemduttdabral/Downloads/proj-api-volume-dump/68435784-0e85-44b4-8b3c-f399d4a3b439/workspace/projects/Project_name_626872/ai_Project_name_626872.json,'project_owner_uuid' is a required property
/home/hemduttdabral/Downloads/proj-api-volume-dump/667b2148-3743-4c57-b692-55d020c994e8/workspace/projects/Project_name_422707/ai_Project_name_422707.json,'project_owner_uuid' is a required property
/home/hemduttdabral/Downloads/proj-api-volume-dump/667b2148-3743-4c57-b692-55d020c994e8/workspace/projects/Project_name_897145/ai_Project_name_897145.json,'project_owner_uuid' is a required property
/home/hemduttdabral/Downloads/proj-api-volume-dump/667b2148-3743-4c57-b692-55d020c994e8/workspace/projects/Project_name_334913/ai_Project_name_334913.json,'project_owner_uuid' is a required property
/home/hemduttdabral/Downloads/proj-api-volume-dump/f76e25b6-490c-42d6-85ba-51cba736d42a/workspace/projects/Project_name_860776/ai_Project_name_860776.json,'project_owner_uuid' is a required property
/home/hemduttdabral/Downloads/proj-api-volume-dump/f76e25b6-490c-42d6-85ba-51cba736d42a/workspace/projects/Project_name_528934/ai_Project_name_528934.json,'project_owner_uuid' is a required property
/home/hemduttdabral/Downloads/proj-api-volume-dump/2e0f533d-cefc-4840-bc1b-eae4d08c8e56/workspace/project_1/ai_project_1.json,'$schema' is a required property
/home/hemduttdabral/Downloads/proj-api-volume-dump/b4f94579-77b4-4e55-b7ae-73097d05ff45/workspace/projects/Project_name_591865/ai_Project_name_591865.json,'project_owner_uuid' is a required property
/home/hemduttdabral/Downloads/proj-api-volume-dump/b4f94579-77b4-4e55-b7ae-73097d05ff45/workspace/projects/Project_name_729707/ai_Project_name_729707.json,'project_owner_uuid' is a required property
/home/hemduttdabral/Downloads/proj-api-volume-dump/h4jxrgtyqpz08xpk1v9g5bkk10/workspace/projects/sat4/ai_sat4.json,'$schema' is a required property
/home/hemduttdabral/Downloads/proj-api-volume-dump/a75ffeb8-bb4e-4e41-82a7-b016e27ba74c/workspace/projects/Project_name_126459/ai_Project_name_126459.json,'project_owner_uuid' is a required property
/home/hemduttdabral/Downloads/proj-api-volume-dump/a75ffeb8-bb4e-4e41-82a7-b016e27ba74c/workspace/projects/Project_name_260757/ai_Project_name_260757.json,'project_owner_uuid' is a required property
/home/hemduttdabral/Downloads/proj-api-volume-dump/a75ffeb8-bb4e-4e41-82a7-b016e27ba74c/workspace/projects/Project_name_124527/ai_Project_name_124527.json,'project_owner_uuid' is a required property
/home/hemduttdabral/Downloads/proj-api-volume-dump/a75ffeb8-bb4e-4e41-82a7-b016e27ba74c/workspace/projects/Project_name_79740/ai_Project_name_79740.json,'project_owner_uuid' is a required property
/home/hemduttdabral/Downloads/proj-api-volume-dump/a75ffeb8-bb4e-4e41-82a7-b016e27ba74c/workspace/projects/Project_name_725874/ai_Project_name_725874.json,'project_owner_uuid' is a required property
/home/hemduttdabral/Downloads/proj-api-volume-dump/d30yrzs2g2sxd2kq809k5c4k10/workspace/projects/p/ai_p.json,'$schema' is a required property
/home/hemduttdabral/Downloads/proj-api-volume-dump/0e68a6cc-126a-402b-bfd6-0536f26eb145/workspace/projects/Project_name_631353/ai_Project_name_631353.json,'project_owner_uuid' is a required property
/home/hemduttdabral/Downloads/proj-api-volume-dump/0e68a6cc-126a-402b-bfd6-0536f26eb145/workspace/projects/Project_name_803357/ai_Project_name_803357.json,'project_owner_uuid' is a required property
/home/hemduttdabral/Downloads/proj-api-volume-dump/0e68a6cc-126a-402b-bfd6-0536f26eb145/workspace/projects/Project_name_462986/ai_Project_name_462986.json,'project_owner_uuid' is a required property
/home/hemduttdabral/Downloads/proj-api-volume-dump/0e68a6cc-126a-402b-bfd6-0536f26eb145/workspace/projects/Project_name_540884/ai_Project_name_540884.json,'project_owner_uuid' is a required property
/home/hemduttdabral/Downloads/proj-api-volume-dump/0e68a6cc-126a-402b-bfd6-0536f26eb145/workspace/projects/Project_name_40048/ai_Project_name_40048.json,'project_owner_uuid' is a required property
/home/hemduttdabral/Downloads/proj-api-volume-dump/13633f27-fd29-40e8-9708-ba8af813ede3/workspace/projects/Project_name_400447/ai_Project_name_400447.json,'project_owner_uuid' is a required property
/home/hemduttdabral/Downloads/proj-api-volume-dump/13633f27-fd29-40e8-9708-ba8af813ede3/workspace/projects/Project_name_83669/ai_Project_name_83669.json,'project_owner_uuid' is a required property
/home/hemduttdabral/Downloads/proj-api-volume-dump/13633f27-fd29-40e8-9708-ba8af813ede3/workspace/projects/Project_name_146003/ai_Project_name_146003.json,'project_owner_uuid' is a required property
/home/hemduttdabral/Downloads/proj-api-volume-dump/13633f27-fd29-40e8-9708-ba8af813ede3/workspace/projects/Project_name_912360/ai_Project_name_912360.json,'project_owner_uuid' is a required property
/home/hemduttdabral/Downloads/proj-api-volume-dump/30dcef80-28c0-45f1-b0ef-fc4597643771/workspace/projects/Project_name_88608/ai_Project_name_88608.json,'project_owner_uuid' is a required property
/home/hemduttdabral/Downloads/proj-api-volume-dump/649a124a-af73-46ca-8d6c-16d0cf3901d6/workspace/get_started_asset_tracking_mlc/ai_get_started_asset_tracking_mlc.json,'applications' is a required property
/home/hemduttdabral/Downloads/proj-api-volume-dump/649a124a-af73-46ca-8d6c-16d0cf3901d6/workspace/get_started_har_monitor_mlc/ai_get_started_har_monitor_mlc.json,'applications' is a required property
/home/hemduttdabral/Downloads/proj-api-volume-dump/649a124a-af73-46ca-8d6c-16d0cf3901d6/workspace/Vale Test/ai_Vale Test.json,'$schema' is a required property
/home/hemduttdabral/Downloads/proj-api-volume-dump/649a124a-af73-46ca-8d6c-16d0cf3901d6/workspace/get_started_image_classification_1/ai_get_started_image_classification_1.json,'applications' is a required property
/home/hemduttdabral/Downloads/proj-api-volume-dump/649a124a-af73-46ca-8d6c-16d0cf3901d6/workspace/nuovo/ai_nuovo.json,'$schema' is a required property
/home/hemduttdabral/Downloads/proj-api-volume-dump/649a124a-af73-46ca-8d6c-16d0cf3901d6/workspace/get_started_ispu_ai_fan_monitor/ai_get_started_ispu_ai_fan_monitor.json,'applications' is a required property
/home/hemduttdabral/Downloads/proj-api-volume-dump/649a124a-af73-46ca-8d6c-16d0cf3901d6/workspace/MYMCproject/ai_MYMCproject.json,'applications' is a required property
/home/hemduttdabral/Downloads/proj-api-volume-dump/ae41bbc2-689a-4f4f-979b-b64a2a703175/workspace/projects/Project_name_372758/ai_Project_name_372758.json,'project_owner_uuid' is a required property
/home/hemduttdabral/Downloads/proj-api-volume-dump/e8ce0cb9-042d-4982-9a07-fa2e3c7524a4/workspace/projects/Project_name_50162/ai_Project_name_50162.json,'project_owner_uuid' is a required property
/home/hemduttdabral/Downloads/proj-api-volume-dump/e8ce0cb9-042d-4982-9a07-fa2e3c7524a4/workspace/projects/Project_name_500129/ai_Project_name_500129.json,'project_owner_uuid' is a required property
/home/hemduttdabral/Downloads/proj-api-volume-dump/e8ce0cb9-042d-4982-9a07-fa2e3c7524a4/workspace/projects/Project_name_86457/ai_Project_name_86457.json,'project_owner_uuid' is a required property
/home/hemduttdabral/Downloads/proj-api-volume-dump/e8ce0cb9-042d-4982-9a07-fa2e3c7524a4/workspace/projects/Project_name_576024/ai_Project_name_576024.json,'project_owner_uuid' is a required property
/home/hemduttdabral/Downloads/proj-api-volume-dump/68ft57t9zqhmnt83akw69xhk10/workspace/projects/AirBlowerStateRecognition/ai_AirBlowerStateRecognition.json,'$schema' is a required property
/home/hemduttdabral/Downloads/proj-api-volume-dump/68ft57t9zqhmnt83akw69xhk10/workspace/projects/SmartAssetTrackingNucleoPj/ai_SmartAssetTrackingNucleoPj.json,'$schema' is a required property
/home/hemduttdabral/Downloads/proj-api-volume-dump/68ft57t9zqhmnt83akw69xhk10/workspace/projects/BackpackMonitoringTEST/ai_BackpackMonitoringTEST.json,'$schema' is a required property
/home/hemduttdabral/Downloads/proj-api-volume-dump/0571882e-dc40-4635-89e2-0514548402c0/workspace/projects/Project_name_357904/ai_Project_name_357904.json,'project_owner_uuid' is a required property
/home/hemduttdabral/Downloads/proj-api-volume-dump/0571882e-dc40-4635-89e2-0514548402c0/workspace/projects/Project_name_626522/ai_Project_name_626522.json,'project_owner_uuid' is a required property
/home/hemduttdabral/Downloads/proj-api-volume-dump/0571882e-dc40-4635-89e2-0514548402c0/workspace/projects/Project_name_592405/ai_Project_name_592405.json,'project_owner_uuid' is a required property
/home/hemduttdabral/Downloads/proj-api-volume-dump/0f6fb13c-300d-4247-a739-8836fe081c86/workspace/projects/Project_name_422032/ai_Project_name_422032.json,'project_owner_uuid' is a required property
/home/hemduttdabral/Downloads/proj-api-volume-dump/af0d582a-eb60-4813-a53b-d03ea5ba52b4/get_started_image_classification/ai_get_started_image_classification.json,'applications' is a required property
/home/hemduttdabral/Downloads/proj-api-volume-dump/af0d582a-eb60-4813-a53b-d03ea5ba52b4/get_started_mlc/ai_get_started_mlc.json,'$schema' is a required property
/home/hemduttdabral/Downloads/proj-api-volume-dump/af0d582a-eb60-4813-a53b-d03ea5ba52b4/get_started_vibration_classification/ai_get_started_vibration_classification.json,'applications' is a required property
/home/hemduttdabral/Downloads/proj-api-volume-dump/af0d582a-eb60-4813-a53b-d03ea5ba52b4/workspace/231011_hvac/ai_231011_hvac.json,'applications' is a required property
/home/hemduttdabral/Downloads/proj-api-volume-dump/af0d582a-eb60-4813-a53b-d03ea5ba52b4/workspace/230824_atr/ai_230824_atr.json,'applications' is a required property
/home/hemduttdabral/Downloads/proj-api-volume-dump/af0d582a-eb60-4813-a53b-d03ea5ba52b4/workspace/240118_atr/ai_240118_atr.json,'applications' is a required property
/home/hemduttdabral/Downloads/proj-api-volume-dump/af0d582a-eb60-4813-a53b-d03ea5ba52b4/workspace/230928_motor/ai_230928_motor.json,'applications' is a required property
/home/hemduttdabral/Downloads/proj-api-volume-dump/af0d582a-eb60-4813-a53b-d03ea5ba52b4/workspace/240112_myhar/ai_240112_myhar.json,'applications' is a required property
/home/hemduttdabral/Downloads/proj-api-volume-dump/af0d582a-eb60-4813-a53b-d03ea5ba52b4/workspace/dev_har/ai_dev_har.json,'applications' is a required property
/home/hemduttdabral/Downloads/proj-api-volume-dump/af0d582a-eb60-4813-a53b-d03ea5ba52b4/workspace/projects/Manu/ai_Manu.json,'project_owner_uuid' is a required property
/home/hemduttdabral/Downloads/proj-api-volume-dump/af0d582a-eb60-4813-a53b-d03ea5ba52b4/workspace/projects/satr2/ai_satr2.json,'project_owner_uuid' is a required property
/home/hemduttdabral/Downloads/proj-api-volume-dump/af0d582a-eb60-4813-a53b-d03ea5ba52b4/workspace/projects/MEMS_characterisation/ai_MEMS_characterisation.json,'$schema' is a required property
/home/hemduttdabral/Downloads/proj-api-volume-dump/af0d582a-eb60-4813-a53b-d03ea5ba52b4/workspace/projects/my_satr/ai_my_satr.json,'project_owner_uuid' is a required property
/home/hemduttdabral/Downloads/proj-api-volume-dump/fbbaaa02-4ca9-4c70-90c4-8260cb82c9ce/workspace/projects/Project_name_17884/ai_Project_name_17884.json,'project_owner_uuid' is a required property
/home/hemduttdabral/Downloads/proj-api-volume-dump/ffb6e520-1471-46b6-836e-22939f09ca40/workspace/projects/Project_name_426469/ai_Project_name_426469.json,'project_owner_uuid' is a required property
/home/hemduttdabral/Downloads/proj-api-volume-dump/ffb6e520-1471-46b6-836e-22939f09ca40/workspace/projects/Project_name_242394/ai_Project_name_242394.json,'project_owner_uuid' is a required property
/home/hemduttdabral/Downloads/proj-api-volume-dump/ffb6e520-1471-46b6-836e-22939f09ca40/workspace/projects/Project_name_473059/ai_Project_name_473059.json,'project_owner_uuid' is a required property
/home/hemduttdabral/Downloads/proj-api-volume-dump/ffb6e520-1471-46b6-836e-22939f09ca40/workspace/projects/Project_name_938069/ai_Project_name_938069.json,'project_owner_uuid' is a required property
/home/hemduttdabral/Downloads/proj-api-volume-dump/5rhwh430ds00rb5ne6mbfa4k10/workspace/projects/shareD/ai_shareD.json,'supported_applications' is a required property
/home/hemduttdabral/Downloads/proj-api-volume-dump/a22e457c-e772-4e51-a372-0eb338486245/workspace/projects/Project_name_30594/ai_Project_name_30594.json,'project_owner_uuid' is a required property
/home/hemduttdabral/Downloads/proj-api-volume-dump/a22e457c-e772-4e51-a372-0eb338486245/workspace/projects/Project_name_527677/ai_Project_name_527677.json,'project_owner_uuid' is a required property
/home/hemduttdabral/Downloads/proj-api-volume-dump/a22e457c-e772-4e51-a372-0eb338486245/workspace/projects/Project_name_107201/ai_Project_name_107201.json,'project_owner_uuid' is a required property
/home/hemduttdabral/Downloads/proj-api-volume-dump/a22e457c-e772-4e51-a372-0eb338486245/workspace/projects/Project_name_562323/ai_Project_name_562323.json,'project_owner_uuid' is a required property
/home/hemduttdabral/Downloads/proj-api-volume-dump/a22e457c-e772-4e51-a372-0eb338486245/workspace/projects/Project_name_237966/ai_Project_name_237966.json,'project_owner_uuid' is a required property
/home/hemduttdabral/Downloads/proj-api-volume-dump/2731dd0c-de31-460f-bd8d-cd6e5e70e3eb/workspace/projects/In_pocket/ai_In_pocket.json,'$schema' is a required property
/home/hemduttdabral/Downloads/proj-api-volume-dump/2731dd0c-de31-460f-bd8d-cd6e5e70e3eb/workspace/projects/In_pocket_Diverse/ai_In_pocket_Diverse.json,'$schema' is a required property
/home/hemduttdabral/Downloads/proj-api-volume-dump/2731dd0c-de31-460f-bd8d-cd6e5e70e3eb/workspace/projects/In_pocket_reduced_ODR/ai_In_pocket_reduced_ODR.json,'$schema' is a required property
/home/hemduttdabral/Downloads/proj-api-volume-dump/2731dd0c-de31-460f-bd8d-cd6e5e70e3eb/workspace/projects/Extra_labels/ai_Extra_labels.json,'$schema' is a required property
/home/hemduttdabral/Downloads/proj-api-volume-dump/2731dd0c-de31-460f-bd8d-cd6e5e70e3eb/workspace/projects/Center_Top/ai_Center_Top.json,'$schema' is a required property
/home/hemduttdabral/Downloads/proj-api-volume-dump/c1b0a627-ce6a-4c3f-b71c-887172e93973/workspace/projects/Project_name_876496/ai_Project_name_876496.json,'project_owner_uuid' is a required property
/home/hemduttdabral/Downloads/proj-api-volume-dump/pr43rmenh6mm69gzvy0exdfk10/workspace/projects/DatasetProject_865188/ai_DatasetProject_865188.json,'$schema' is a required property
/home/hemduttdabral/Downloads/proj-api-volume-dump/017e85d9-d1ba-4086-a4c8-946820dd33a2/workspace/projects/Project_name_310655/ai_Project_name_310655.json,'project_owner_uuid' is a required property
/home/hemduttdabral/Downloads/proj-api-volume-dump/d4f6606c-89e7-4674-9685-945b1fc77049/workspace/projects/Project_name_613583/ai_Project_name_613583.json,'project_owner_uuid' is a required property
/home/hemduttdabral/Downloads/proj-api-volume-dump/d4f6606c-89e7-4674-9685-945b1fc77049/workspace/projects/Project_name_170807/ai_Project_name_170807.json,'project_owner_uuid' is a required property
/home/hemduttdabral/Downloads/proj-api-volume-dump/d4f6606c-89e7-4674-9685-945b1fc77049/workspace/projects/Project_name_533944/ai_Project_name_533944.json,'project_owner_uuid' is a required property
/home/hemduttdabral/Downloads/proj-api-volume-dump/d4f6606c-89e7-4674-9685-945b1fc77049/workspace/projects/Project_name_392807/ai_Project_name_392807.json,'project_owner_uuid' is a required property
/home/hemduttdabral/Downloads/proj-api-volume-dump/349334c0-7d93-413d-a80a-6a3156e5f18e/workspace/projects/Project_name_785628/ai_Project_name_785628.json,'project_owner_uuid' is a required property
/home/hemduttdabral/Downloads/proj-api-volume-dump/349334c0-7d93-413d-a80a-6a3156e5f18e/workspace/projects/Project_name_592946/ai_Project_name_592946.json,'project_owner_uuid' is a required property
/home/hemduttdabral/Downloads/proj-api-volume-dump/aab86cf7-3ad0-4d52-9da4-691684688346/workspace/projects/Project_name_826053/ai_Project_name_826053.json,'project_owner_uuid' is a required property
/home/hemduttdabral/Downloads/proj-api-volume-dump/9a8a8m0r4d21ymavm2hda6pk10/workspace/projects/High-G-Shocks/ai_High-G-Shocks.json,'$schema' is a required property
/home/hemduttdabral/Downloads/proj-api-volume-dump/baa68ef5-6e04-4292-9d4e-759339b479e9/workspace/projects/Project_name_143028/ai_Project_name_143028.json,'project_owner_uuid' is a required property
/home/hemduttdabral/Downloads/proj-api-volume-dump/baa68ef5-6e04-4292-9d4e-759339b479e9/workspace/projects/Project_name_692221/ai_Project_name_692221.json,'project_owner_uuid' is a required property
/home/hemduttdabral/Downloads/proj-api-volume-dump/baa68ef5-6e04-4292-9d4e-759339b479e9/workspace/projects/Project_name_167272/ai_Project_name_167272.json,'project_owner_uuid' is a required property
/home/hemduttdabral/Downloads/proj-api-volume-dump/1ca53e7b-336a-4ac7-ab1b-b0ac75b0329e/workspace/projects/Project_name_851791/ai_Project_name_851791.json,'project_owner_uuid' is a required property
/home/hemduttdabral/Downloads/proj-api-volume-dump/2b4e45b0-0835-420a-b81e-00c7c96e6a74/workspace/projects/proj_1779786687448/ai_proj_1779786687448.json,'$schema' is a required property
/home/hemduttdabral/Downloads/proj-api-volume-dump/2b4e45b0-0835-420a-b81e-00c7c96e6a74/workspace/projects/proj_1779446604944/ai_proj_1779446604944.json,'$schema' is a required property
/home/hemduttdabral/Downloads/proj-api-volume-dump/2b4e45b0-0835-420a-b81e-00c7c96e6a74/workspace/projects/proj_1778235784469/ai_proj_1778235784469.json,'$schema' is a required property
/home/hemduttdabral/Downloads/proj-api-volume-dump/2b4e45b0-0835-420a-b81e-00c7c96e6a74/workspace/projects/proj_1781708514290/ai_proj_1781708514290.json,'$schema' is a required property
/home/hemduttdabral/Downloads/proj-api-volume-dump/2b4e45b0-0835-420a-b81e-00c7c96e6a74/workspace/projects/proj_1778491658694/ai_proj_1778491658694.json,'$schema' is a required property
/home/hemduttdabral/Downloads/proj-api-volume-dump/2b4e45b0-0835-420a-b81e-00c7c96e6a74/workspace/projects/proj_1779367307320/ai_proj_1779367307320.json,'$schema' is a required property
/home/hemduttdabral/Downloads/proj-api-volume-dump/2b4e45b0-0835-420a-b81e-00c7c96e6a74/workspace/projects/proj_1778236459724/ai_proj_1778236459724.json,'$schema' is a required property
/home/hemduttdabral/Downloads/proj-api-volume-dump/2b4e45b0-0835-420a-b81e-00c7c96e6a74/workspace/projects/proj_1779367878797/ai_proj_1779367878797.json,'$schema' is a required property
/home/hemduttdabral/Downloads/proj-api-volume-dump/16986b79-a957-4306-9530-14b304becb94/workspace/projects/Project_name_37016/ai_Project_name_37016.json,'project_owner_uuid' is a required property
/home/hemduttdabral/Downloads/proj-api-volume-dump/16986b79-a957-4306-9530-14b304becb94/workspace/projects/Project_name_358059/ai_Project_name_358059.json,'project_owner_uuid' is a required property
/home/hemduttdabral/Downloads/proj-api-volume-dump/16986b79-a957-4306-9530-14b304becb94/workspace/projects/Project_name_45012/ai_Project_name_45012.json,'project_owner_uuid' is a required property
/home/hemduttdabral/Downloads/proj-api-volume-dump/16986b79-a957-4306-9530-14b304becb94/workspace/projects/Project_name_355966/ai_Project_name_355966.json,'project_owner_uuid' is a required property
/home/hemduttdabral/Downloads/proj-api-volume-dump/16986b79-a957-4306-9530-14b304becb94/workspace/projects/Project_name_45379/ai_Project_name_45379.json,'project_owner_uuid' is a required property
/home/hemduttdabral/Downloads/proj-api-volume-dump/b51bd269-cc90-4d4a-97f3-6bf57ecc241b/workspace/projects/Project_name_488001/ai_Project_name_488001.json,'project_owner_uuid' is a required property
/home/hemduttdabral/Downloads/proj-api-volume-dump/b51bd269-cc90-4d4a-97f3-6bf57ecc241b/workspace/projects/Project_name_644366/ai_Project_name_644366.json,'project_owner_uuid' is a required property
/home/hemduttdabral/Downloads/proj-api-volume-dump/b51bd269-cc90-4d4a-97f3-6bf57ecc241b/workspace/projects/Project_name_831761/ai_Project_name_831761.json,'project_owner_uuid' is a required property
/home/hemduttdabral/Downloads/proj-api-volume-dump/b51bd269-cc90-4d4a-97f3-6bf57ecc241b/workspace/projects/Project_name_677017/ai_Project_name_677017.json,'project_owner_uuid' is a required property
/home/hemduttdabral/Downloads/proj-api-volume-dump/dd554919-f3f8-4479-b01d-1cc3962ac278/workspace/projects/Project_name_683329/ai_Project_name_683329.json,'project_owner_uuid' is a required property
/home/hemduttdabral/Downloads/proj-api-volume-dump/dd554919-f3f8-4479-b01d-1cc3962ac278/workspace/projects/Project_name_207539/ai_Project_name_207539.json,'project_owner_uuid' is a required property
/home/hemduttdabral/Downloads/proj-api-volume-dump/dd554919-f3f8-4479-b01d-1cc3962ac278/workspace/projects/Project_name_228024/ai_Project_name_228024.json,'project_owner_uuid' is a required property
/home/hemduttdabral/Downloads/proj-api-volume-dump/dd554919-f3f8-4479-b01d-1cc3962ac278/workspace/projects/Project_name_749669/ai_Project_name_749669.json,'project_owner_uuid' is a required property
/home/hemduttdabral/Downloads/proj-api-volume-dump/dd554919-f3f8-4479-b01d-1cc3962ac278/workspace/projects/Project_name_86860/ai_Project_name_86860.json,'project_owner_uuid' is a required property
/home/hemduttdabral/Downloads/proj-api-volume-dump/ea9b629b-bcab-4d80-b540-b961ae227cae/workspace/projects/20240705_automode_ux_test/ai_20240705_automode_ux_test.json,'$schema' is a required property
/home/hemduttdabral/Downloads/proj-api-volume-dump/7b9982b1-b4fe-455f-a776-ef65c061bee8/workspace/projects/test_project_name_170398/ai_test_project_name_170398.json,'$schema' is a required property
/home/hemduttdabral/Downloads/proj-api-volume-dump/7b9982b1-b4fe-455f-a776-ef65c061bee8/workspace/projects/test_project_name_236808/ai_test_project_name_236808.json,'$schema' is a required property
/home/hemduttdabral/Downloads/proj-api-volume-dump/7b9982b1-b4fe-455f-a776-ef65c061bee8/workspace/projects/test_project_name_122265/ai_test_project_name_122265.json,'$schema' is a required property
/home/hemduttdabral/Downloads/proj-api-volume-dump/7b9982b1-b4fe-455f-a776-ef65c061bee8/workspace/projects/test_project_name_890862/ai_test_project_name_890862.json,'$schema' is a required property
/home/hemduttdabral/Downloads/proj-api-volume-dump/7b9982b1-b4fe-455f-a776-ef65c061bee8/workspace/projects/test_project_name_117579/ai_test_project_name_117579.json,'$schema' is a required property
/home/hemduttdabral/Downloads/proj-api-volume-dump/a3635117-9d43-4e69-9bdc-c731b3321cd6/workspace/projects/Project_name_357237/ai_Project_name_357237.json,'project_owner_uuid' is a required property
/home/hemduttdabral/Downloads/proj-api-volume-dump/31f6ccc6-dcf0-49c7-9e50-d150e7ecdffd/workspace/projects/Project_name_445782/ai_Project_name_445782.json,'project_owner_uuid' is a required property
/home/hemduttdabral/Downloads/proj-api-volume-dump/f7d5842c-5312-4485-8b83-8c84cc0d2761/workspace/projects/test/ai_test.json,'$schema' is a required property
/home/hemduttdabral/Downloads/proj-api-volume-dump/fcdef292-c680-47cc-8cd9-c6c3f87d0340/workspace/projects/Project_name_206604/ai_Project_name_206604.json,'project_owner_uuid' is a required property
/home/hemduttdabral/Downloads/proj-api-volume-dump/51a2ab18-f297-43e3-8e70-86b83078690f/workspace/projects/Project_name_319530/ai_Project_name_319530.json,'project_owner_uuid' is a required property
/home/hemduttdabral/Downloads/proj-api-volume-dump/51a2ab18-f297-43e3-8e70-86b83078690f/workspace/projects/Project_name_658160/ai_Project_name_658160.json,'project_owner_uuid' is a required property
/home/hemduttdabral/Downloads/proj-api-volume-dump/51a2ab18-f297-43e3-8e70-86b83078690f/workspace/projects/Project_name_207830/ai_Project_name_207830.json,'project_owner_uuid' is a required property
/home/hemduttdabral/Downloads/proj-api-volume-dump/51a2ab18-f297-43e3-8e70-86b83078690f/workspace/projects/Project_name_653849/ai_Project_name_653849.json,'project_owner_uuid' is a required property
/home/hemduttdabral/Downloads/proj-api-volume-dump/d40f425d-e259-4796-bc8b-fbade2c00be2/workspace/test_demo_motor_classification_mcu/ai_test_demo_motor_classification_mcu.json,'applications' is a required property
/home/hemduttdabral/Downloads/proj-api-volume-dump/d40f425d-e259-4796-bc8b-fbade2c00be2/workspace/projects/testing_project/ai_testing_project.json,'$schema' is a required property
/home/hemduttdabral/Downloads/proj-api-volume-dump/893f7e71-47f9-4dee-8a71-77d27a8b7d28/workspace/projects/Project_name_103006/ai_Project_name_103006.json,'project_owner_uuid' is a required property
/home/hemduttdabral/Downloads/proj-api-volume-dump/893f7e71-47f9-4dee-8a71-77d27a8b7d28/workspace/projects/Project_name_935011/ai_Project_name_935011.json,'project_owner_uuid' is a required property
/home/hemduttdabral/Downloads/proj-api-volume-dump/893f7e71-47f9-4dee-8a71-77d27a8b7d28/workspace/projects/Project_name_696470/ai_Project_name_696470.json,'project_owner_uuid' is a required property
/home/hemduttdabral/Downloads/proj-api-volume-dump/893f7e71-47f9-4dee-8a71-77d27a8b7d28/workspace/projects/Project_name_218874/ai_Project_name_218874.json,'project_owner_uuid' is a required property
/home/hemduttdabral/Downloads/proj-api-volume-dump/893f7e71-47f9-4dee-8a71-77d27a8b7d28/workspace/projects/Project_name_117123/ai_Project_name_117123.json,'project_owner_uuid' is a required property
/home/hemduttdabral/Downloads/proj-api-volume-dump/mq1zcse1zpzjff9bxpmwsg2k10/workspace/projects/smart_asset_tracking_clone-1/ai_smart_asset_tracking_clone-1.json,'supported_applications' is a required property
/home/hemduttdabral/Downloads/proj-api-volume-dump/mq1zcse1zpzjff9bxpmwsg2k10/workspace/projects/Testing-grp-2-hd-project/ai_Testing-grp-2-hd-project.json,'supported_applications' is a required property
/home/hemduttdabral/Downloads/proj-api-volume-dump/aebe5b5f-9168-4b2a-b30e-b8ce41390a0e/workspace/projects/Project_name_892454/ai_Project_name_892454.json,'project_owner_uuid' is a required property
/home/hemduttdabral/Downloads/proj-api-volume-dump/aebe5b5f-9168-4b2a-b30e-b8ce41390a0e/workspace/projects/Project_name_586691/ai_Project_name_586691.json,'project_owner_uuid' is a required property
/home/hemduttdabral/Downloads/proj-api-volume-dump/aebe5b5f-9168-4b2a-b30e-b8ce41390a0e/workspace/projects/Project_name_322579/ai_Project_name_322579.json,'project_owner_uuid' is a required property
/home/hemduttdabral/Downloads/proj-api-volume-dump/aebe5b5f-9168-4b2a-b30e-b8ce41390a0e/workspace/projects/Project_name_744821/ai_Project_name_744821.json,'project_owner_uuid' is a required property
/home/hemduttdabral/Downloads/proj-api-volume-dump/aebe5b5f-9168-4b2a-b30e-b8ce41390a0e/workspace/projects/Project_name_968408/ai_Project_name_968408.json,'project_owner_uuid' is a required property
/home/hemduttdabral/Downloads/proj-api-volume-dump/74989bf7-26c1-4dd6-b80c-ff1589ef2d99/workspace/projects/Project_name_467171/ai_Project_name_467171.json,'project_owner_uuid' is a required property
/home/hemduttdabral/Downloads/proj-api-volume-dump/74989bf7-26c1-4dd6-b80c-ff1589ef2d99/workspace/projects/Project_name_669635/ai_Project_name_669635.json,'project_owner_uuid' is a required property
/home/hemduttdabral/Downloads/proj-api-volume-dump/74989bf7-26c1-4dd6-b80c-ff1589ef2d99/workspace/projects/Project_name_838684/ai_Project_name_838684.json,'project_owner_uuid' is a required property
/home/hemduttdabral/Downloads/proj-api-volume-dump/74989bf7-26c1-4dd6-b80c-ff1589ef2d99/workspace/projects/Project_name_386773/ai_Project_name_386773.json,'project_owner_uuid' is a required property
/home/hemduttdabral/Downloads/proj-api-volume-dump/74989bf7-26c1-4dd6-b80c-ff1589ef2d99/workspace/projects/Project_name_569991/ai_Project_name_569991.json,'project_owner_uuid' is a required property
/home/hemduttdabral/Downloads/proj-api-volume-dump/ab71b116-574e-4e62-ad2d-8e991963ce3a/workspace/projects/new_project_name_272856/ai_new_project_name_272856.json,'$schema' is a required property
/home/hemduttdabral/Downloads/proj-api-volume-dump/ab71b116-574e-4e62-ad2d-8e991963ce3a/workspace/projects/FanCoil/ai_FanCoil.json,'project_owner_uuid' is a required property
/home/hemduttdabral/Downloads/proj-api-volume-dump/ab71b116-574e-4e62-ad2d-8e991963ce3a/workspace/projects/new_project_name_440045/ai_new_project_name_440045.json,'$schema' is a required property
/home/hemduttdabral/Downloads/proj-api-volume-dump/ab71b116-574e-4e62-ad2d-8e991963ce3a/workspace/projects/new_project_name_491870/ai_new_project_name_491870.json,'$schema' is a required property
/home/hemduttdabral/Downloads/proj-api-volume-dump/ab71b116-574e-4e62-ad2d-8e991963ce3a/workspace/projects/Test/ai_Test.json,'project_owner_uuid' is a required property
/home/hemduttdabral/Downloads/proj-api-volume-dump/ab71b116-574e-4e62-ad2d-8e991963ce3a/workspace/projects/new_project_name_923182/ai_new_project_name_923182.json,'$schema' is a required property
/home/hemduttdabral/Downloads/proj-api-volume-dump/ab71b116-574e-4e62-ad2d-8e991963ce3a/workspace/projects/test/ai_test.json,'$schema' is a required property
/home/hemduttdabral/Downloads/proj-api-volume-dump/ab71b116-574e-4e62-ad2d-8e991963ce3a/workspace/projects/ActivityRecognitionForMobile/ai_ActivityRecognitionForMobile.json,'project_owner_uuid' is a required property
/home/hemduttdabral/Downloads/proj-api-volume-dump/ab71b116-574e-4e62-ad2d-8e991963ce3a/workspace/projects/altrotest/ai_altrotest.json,'project_owner_uuid' is a required property
/home/hemduttdabral/Downloads/proj-api-volume-dump/ab71b116-574e-4e62-ad2d-8e991963ce3a/workspace/projects/new_project_name_642989/ai_new_project_name_642989.json,'$schema' is a required property
/home/hemduttdabral/Downloads/proj-api-volume-dump/ab71b116-574e-4e62-ad2d-8e991963ce3a/workspace/projects/DishwasherActivityRecognition/ai_DishwasherActivityRecognition.json,'project_owner_uuid' is a required property
/home/hemduttdabral/Downloads/proj-api-volume-dump/ab71b116-574e-4e62-ad2d-8e991963ce3a/workspace/projects/new-project-test/ai_new-project-test.json,'project_owner_uuid' is a required property
/home/hemduttdabral/Downloads/proj-api-volume-dump/ab71b116-574e-4e62-ad2d-8e991963ce3a/workspace/projects/new_project_name_399745/ai_new_project_name_399745.json,'$schema' is a required property
/home/hemduttdabral/Downloads/proj-api-volume-dump/ab71b116-574e-4e62-ad2d-8e991963ce3a/workspace/projects/new_project_name_798795/ai_new_project_name_798795.json,'$schema' is a required property
/home/hemduttdabral/Downloads/proj-api-volume-dump/71ebec5f-6c03-41d2-97db-38f8ae8fcd65/workspace/projects/Project_name_174955/ai_Project_name_174955.json,'project_owner_uuid' is a required property
/home/hemduttdabral/Downloads/proj-api-volume-dump/71ebec5f-6c03-41d2-97db-38f8ae8fcd65/workspace/projects/Project_name_981553/ai_Project_name_981553.json,'project_owner_uuid' is a required property
/home/hemduttdabral/Downloads/proj-api-volume-dump/71ebec5f-6c03-41d2-97db-38f8ae8fcd65/workspace/projects/Project_name_520678/ai_Project_name_520678.json,'project_owner_uuid' is a required property
/home/hemduttdabral/Downloads/proj-api-volume-dump/f6f7f579-7840-4e3a-a0f5-d4719565664e/workspace/projects/Project_name_298208/ai_Project_name_298208.json,'project_owner_uuid' is a required property
/home/hemduttdabral/Downloads/proj-api-volume-dump/f6f7f579-7840-4e3a-a0f5-d4719565664e/workspace/projects/Project_name_388660/ai_Project_name_388660.json,'project_owner_uuid' is a required property
/home/hemduttdabral/Downloads/proj-api-volume-dump/f6f7f579-7840-4e3a-a0f5-d4719565664e/workspace/projects/Project_name_972997/ai_Project_name_972997.json,'project_owner_uuid' is a required property
/home/hemduttdabral/Downloads/proj-api-volume-dump/218b2001-1ffc-4795-a247-18fef7e630af/workspace/Door Knock Detection/ai_Door Knock Detection.json,'$schema' is a required property
/home/hemduttdabral/Downloads/proj-api-volume-dump/3ed9d28e-3ebc-4227-8575-86f7a68eb600/workspace/projects/Project_name_818151/ai_Project_name_818151.json,'project_owner_uuid' is a required property
/home/hemduttdabral/Downloads/proj-api-volume-dump/3372d7ac-ab01-48e2-926f-20f810c70644/workspace/get_started_mlc_asset_tracking/ai_get_started_mlc_asset_tracking.json,'applications' is a required property
/home/hemduttdabral/Downloads/proj-api-volume-dump/e846e79f-079d-4b0c-9d5b-beb127b84012/workspace/projects/SmartDrillOrientation/ai_SmartDrillOrientation.json,'$schema' is a required property
/home/hemduttdabral/Downloads/proj-api-volume-dump/2b3a5fab-d810-469c-b79b-ae405b5fa00a/workspace/projects/Project_name_143830/ai_Project_name_143830.json,'project_owner_uuid' is a required property
/home/hemduttdabral/Downloads/proj-api-volume-dump/b9fcb547-fb34-432f-88ba-702e813b7278/workspace/projects/Project_name_416647/ai_Project_name_416647.json,'project_owner_uuid' is a required property
/home/hemduttdabral/Downloads/proj-api-volume-dump/b9fcb547-fb34-432f-88ba-702e813b7278/workspace/projects/Project_name_920955/ai_Project_name_920955.json,'project_owner_uuid' is a required property
/home/hemduttdabral/Downloads/proj-api-volume-dump/b18ab048-1f48-45a0-926c-96572a350de5/workspace/projects/Project_name_777664/ai_Project_name_777664.json,'project_owner_uuid' is a required property
/home/hemduttdabral/Downloads/proj-api-volume-dump/b18ab048-1f48-45a0-926c-96572a350de5/workspace/projects/Project_name_454823/ai_Project_name_454823.json,'project_owner_uuid' is a required property
/home/hemduttdabral/Downloads/proj-api-volume-dump/42514386-2eaf-4f06-8a35-c15a3b8fd952/workspace/projects/Project_name_916914/ai_Project_name_916914.json,'project_owner_uuid' is a required property
/home/hemduttdabral/Downloads/proj-api-volume-dump/8d8175ca-7275-4449-9bcd-a3f90189b300/workspace/projects/Project_name_921221/ai_Project_name_921221.json,'project_owner_uuid' is a required property
/home/hemduttdabral/Downloads/proj-api-volume-dump/8d8175ca-7275-4449-9bcd-a3f90189b300/workspace/projects/Project_name_752587/ai_Project_name_752587.json,'project_owner_uuid' is a required property
/home/hemduttdabral/Downloads/proj-api-volume-dump/2f3332d5-f54d-417b-9eb9-9be1a4045b5e/workspace/projects/Project_name_651303/ai_Project_name_651303.json,'project_owner_uuid' is a required property
/home/hemduttdabral/Downloads/proj-api-volume-dump/2f3332d5-f54d-417b-9eb9-9be1a4045b5e/workspace/projects/Project_name_501128/ai_Project_name_501128.json,'project_owner_uuid' is a required property
/home/hemduttdabral/Downloads/proj-api-volume-dump/2f3332d5-f54d-417b-9eb9-9be1a4045b5e/workspace/projects/Project_name_725054/ai_Project_name_725054.json,'project_owner_uuid' is a required property
/home/hemduttdabral/Downloads/proj-api-volume-dump/2f3332d5-f54d-417b-9eb9-9be1a4045b5e/workspace/projects/Project_name_812778/ai_Project_name_812778.json,'project_owner_uuid' is a required property
/home/hemduttdabral/Downloads/proj-api-volume-dump/2f3332d5-f54d-417b-9eb9-9be1a4045b5e/workspace/projects/Project_name_686663/ai_Project_name_686663.json,'project_owner_uuid' is a required property
/home/hemduttdabral/Downloads/proj-api-volume-dump/f52bc342-4a7d-4b82-b9c2-91479ac32d11/workspace/prova/ai_prova.json,'applications' is a required property
/home/hemduttdabral/Downloads/proj-api-volume-dump/fb4010f3-0748-433d-ba35-0d457687b070/workspace/projects/Project_name_967018/ai_Project_name_967018.json,'project_owner_uuid' is a required property
/home/hemduttdabral/Downloads/proj-api-volume-dump/de0eb902-d762-4cbf-9f26-159cd511b9c1/workspace/projects/Project_name_707743/ai_Project_name_707743.json,'project_owner_uuid' is a required property
/home/hemduttdabral/Downloads/proj-api-volume-dump/de0eb902-d762-4cbf-9f26-159cd511b9c1/workspace/projects/Project_name_362197/ai_Project_name_362197.json,'project_owner_uuid' is a required property
/home/hemduttdabral/Downloads/proj-api-volume-dump/de0eb902-d762-4cbf-9f26-159cd511b9c1/workspace/projects/Project_name_154029/ai_Project_name_154029.json,'project_owner_uuid' is a required property
/home/hemduttdabral/Downloads/proj-api-volume-dump/de0eb902-d762-4cbf-9f26-159cd511b9c1/workspace/projects/Project_name_866228/ai_Project_name_866228.json,'project_owner_uuid' is a required property
/home/hemduttdabral/Downloads/proj-api-volume-dump/yysyzjq4p4jvq4gjjp60ydfk10/workspace/projects/Dataset_Project_611809/ai_Dataset_Project_611809.json,'$schema' is a required property
/home/hemduttdabral/Downloads/proj-api-volume-dump/e4ffbfaa-fdb3-4e89-8b9d-c901273885f3/workspace/YOLO/ai_YOLO.json,'$schema' is a required property
/home/hemduttdabral/Downloads/proj-api-volume-dump/e655c736-0dac-458e-9dcd-f97d42bb6024/workspace/projects/Project_name_832683/ai_Project_name_832683.json,'project_owner_uuid' is a required property
/home/hemduttdabral/Downloads/proj-api-volume-dump/e655c736-0dac-458e-9dcd-f97d42bb6024/workspace/projects/Project_name_239637/ai_Project_name_239637.json,'project_owner_uuid' is a required property
/home/hemduttdabral/Downloads/proj-api-volume-dump/f87055b2-b0f8-456a-9548-90a075f8bea7/workspace/projects/Project_name_876103/ai_Project_name_876103.json,'project_owner_uuid' is a required property
/home/hemduttdabral/Downloads/proj-api-volume-dump/f87055b2-b0f8-456a-9548-90a075f8bea7/workspace/projects/Project_name_885718/ai_Project_name_885718.json,'project_owner_uuid' is a required property
/home/hemduttdabral/Downloads/proj-api-volume-dump/f87055b2-b0f8-456a-9548-90a075f8bea7/workspace/projects/Project_name_853049/ai_Project_name_853049.json,'project_owner_uuid' is a required property
/home/hemduttdabral/Downloads/proj-api-volume-dump/c496f6b5-5ef4-4cab-93d4-0d619639753c/workspace/projects/Project_name_68866/ai_Project_name_68866.json,'project_owner_uuid' is a required property
/home/hemduttdabral/Downloads/proj-api-volume-dump/c496f6b5-5ef4-4cab-93d4-0d619639753c/workspace/projects/Project_name_690260/ai_Project_name_690260.json,'project_owner_uuid' is a required property
/home/hemduttdabral/Downloads/proj-api-volume-dump/c496f6b5-5ef4-4cab-93d4-0d619639753c/workspace/projects/Project_name_142404/ai_Project_name_142404.json,'project_owner_uuid' is a required property
/home/hemduttdabral/Downloads/proj-api-volume-dump/c496f6b5-5ef4-4cab-93d4-0d619639753c/workspace/projects/Project_name_444551/ai_Project_name_444551.json,'project_owner_uuid' is a required property
/home/hemduttdabral/Downloads/proj-api-volume-dump/c496f6b5-5ef4-4cab-93d4-0d619639753c/workspace/projects/Project_name_301638/ai_Project_name_301638.json,'project_owner_uuid' is a required property
/home/hemduttdabral/Downloads/proj-api-volume-dump/f20ac81c-a3ff-4d1a-9ba3-e391f22fa6e1/workspace/projects/Project_name_190128/ai_Project_name_190128.json,'project_owner_uuid' is a required property
/home/hemduttdabral/Downloads/proj-api-volume-dump/30973e57-2c1c-4139-9005-0bac55de5847/workspace/projects/Project_name_507701/ai_Project_name_507701.json,'project_owner_uuid' is a required property
/home/hemduttdabral/Downloads/proj-api-volume-dump/zc8raewh3bnzen8pvk8rxdfk10/workspace/projects/DatasetProject_780152/ai_DatasetProject_780152.json,'$schema' is a required property
/home/hemduttdabral/Downloads/proj-api-volume-dump/870c52c5-fe40-4fca-9ff5-0ef5f12c39cc/workspace/projects/Project_name_485965/ai_Project_name_485965.json,'project_owner_uuid' is a required property
/home/hemduttdabral/Downloads/proj-api-volume-dump/870c52c5-fe40-4fca-9ff5-0ef5f12c39cc/workspace/projects/Project_name_363599/ai_Project_name_363599.json,'project_owner_uuid' is a required property
/home/hemduttdabral/Downloads/proj-api-volume-dump/86e3986f-bd2c-4080-9240-a31a8c6dd6ae/workspace/projects/Project_name_899203/ai_Project_name_899203.json,'project_owner_uuid' is a required property
/home/hemduttdabral/Downloads/proj-api-volume-dump/86e3986f-bd2c-4080-9240-a31a8c6dd6ae/workspace/projects/Project_name_194291/ai_Project_name_194291.json,'project_owner_uuid' is a required property
/home/hemduttdabral/Downloads/proj-api-volume-dump/f5ce4384-8e1d-4cdc-b186-825f19d824ec/workspace/projects/Project_name_544253/ai_Project_name_544253.json,'project_owner_uuid' is a required property
/home/hemduttdabral/Downloads/proj-api-volume-dump/771624ef-afc2-4270-a03d-deeffb76cc0c/workspace/projects/Project_name_502535/ai_Project_name_502535.json,'project_owner_uuid' is a required property
/home/hemduttdabral/Downloads/proj-api-volume-dump/00da9f2f-2047-48a5-b474-144d145476b3/workspace/projects/Project_name_234062/ai_Project_name_234062.json,'project_owner_uuid' is a required property
/home/hemduttdabral/Downloads/proj-api-volume-dump/00da9f2f-2047-48a5-b474-144d145476b3/workspace/projects/Project_name_254658/ai_Project_name_254658.json,'project_owner_uuid' is a required property
/home/hemduttdabral/Downloads/proj-api-volume-dump/00da9f2f-2047-48a5-b474-144d145476b3/workspace/projects/Project_name_678932/ai_Project_name_678932.json,'project_owner_uuid' is a required property
/home/hemduttdabral/Downloads/proj-api-volume-dump/00da9f2f-2047-48a5-b474-144d145476b3/workspace/projects/Project_name_792345/ai_Project_name_792345.json,'project_owner_uuid' is a required property
/home/hemduttdabral/Downloads/proj-api-volume-dump/1f129770-7c9d-4635-9f2d-3a8e52d0703c/workspace/projects/Project_name_677869/ai_Project_name_677869.json,'project_owner_uuid' is a required property
/home/hemduttdabral/Downloads/proj-api-volume-dump/wav5ndzp5e89pe210zbqnqzj10/workspace/projects/test-project-1/ai_test-project-1.json,'supported_applications' is a required property
/home/hemduttdabral/Downloads/proj-api-volume-dump/wav5ndzp5e89pe210zbqnqzj10/workspace/projects/testMember/ai_testMember.json,'$schema' is a required property
/home/hemduttdabral/Downloads/proj-api-volume-dump/wav5ndzp5e89pe210zbqnqzj10/workspace/projects/sharedTest/ai_sharedTest.json,'supported_applications' is a required property
/home/hemduttdabral/Downloads/proj-api-volume-dump/wav5ndzp5e89pe210zbqnqzj10/workspace/projects/test-shared1/ai_test-shared1.json,'supported_applications' is a required property
/home/hemduttdabral/Downloads/proj-api-volume-dump/wav5ndzp5e89pe210zbqnqzj10/workspace/projects/test-project-1-hd/ai_test-project-1-hd.json,'supported_applications' is a required property
/home/hemduttdabral/Downloads/proj-api-volume-dump/wav5ndzp5e89pe210zbqnqzj10/workspace/projects/testDrill/ai_testDrill.json,'supported_applications' is a required property
/home/hemduttdabral/Downloads/proj-api-volume-dump/90ab4947-c200-4776-a316-d02c3041c4b8/workspace/test/ai_test.json,'applications' is a required property
/home/hemduttdabral/Downloads/proj-api-volume-dump/ee6b4ea7-fee9-4aef-bf1b-7413adb41006/workspace/projects/Project_name_392568/ai_Project_name_392568.json,'project_owner_uuid' is a required property
/home/hemduttdabral/Downloads/proj-api-volume-dump/945eed5b-64c2-469c-83d6-ce6821a49c4b/workspace/projects/Project_name_979783/ai_Project_name_979783.json,'project_owner_uuid' is a required property
/home/hemduttdabral/Downloads/proj-api-volume-dump/945eed5b-64c2-469c-83d6-ce6821a49c4b/workspace/projects/Project_name_820192/ai_Project_name_820192.json,'project_owner_uuid' is a required property
/home/hemduttdabral/Downloads/proj-api-volume-dump/945eed5b-64c2-469c-83d6-ce6821a49c4b/workspace/projects/Project_name_62769/ai_Project_name_62769.json,'project_owner_uuid' is a required property
/home/hemduttdabral/Downloads/proj-api-volume-dump/36dd2c82-ec27-476e-8ff6-61a901e7e4fa/workspace/get_started_mlc_ai_hvac_monitor/ai_get_started_mlc_ai_hvac_monitor.json,'applications' is a required property
/home/hemduttdabral/Downloads/proj-api-volume-dump/36dd2c82-ec27-476e-8ff6-61a901e7e4fa/workspace/MLCAssetTracking/ai_MLCAssetTracking.json,'applications' is a required property
/home/hemduttdabral/Downloads/proj-api-volume-dump/19230e22-6127-4750-ad6b-dacd3ea4aa75/workspace/projects/Project_name_380041/ai_Project_name_380041.json,'project_owner_uuid' is a required property
/home/hemduttdabral/Downloads/proj-api-volume-dump/19230e22-6127-4750-ad6b-dacd3ea4aa75/workspace/projects/Project_name_138757/ai_Project_name_138757.json,'project_owner_uuid' is a required property
/home/hemduttdabral/Downloads/proj-api-volume-dump/5bd2876d-a727-48e7-a34b-c651bc63b5f5/workspace/get_started_image_classification/ai_get_started_image_classification.json,'applications' is a required property
/home/hemduttdabral/Downloads/proj-api-volume-dump/5bd2876d-a727-48e7-a34b-c651bc63b5f5/workspace/get_started_mlc/ai_get_started_mlc.json,'$schema' is a required property
/home/hemduttdabral/Downloads/proj-api-volume-dump/5bd2876d-a727-48e7-a34b-c651bc63b5f5/workspace/get_started_vibration_classification/ai_get_started_vibration_classification.json,'applications' is a required property
/home/hemduttdabral/Downloads/proj-api-volume-dump/65da95a3-d24b-485a-a914-14f613b25370/workspace/projects/Project_name_217392/ai_Project_name_217392.json,'project_owner_uuid' is a required property
/home/hemduttdabral/Downloads/proj-api-volume-dump/65da95a3-d24b-485a-a914-14f613b25370/workspace/projects/Project_name_704056/ai_Project_name_704056.json,'project_owner_uuid' is a required property
/home/hemduttdabral/Downloads/proj-api-volume-dump/65da95a3-d24b-485a-a914-14f613b25370/workspace/projects/Project_name_968958/ai_Project_name_968958.json,'project_owner_uuid' is a required property
/home/hemduttdabral/Downloads/proj-api-volume-dump/65da95a3-d24b-485a-a914-14f613b25370/workspace/projects/Project_name_970178/ai_Project_name_970178.json,'project_owner_uuid' is a required property
/home/hemduttdabral/Downloads/proj-api-volume-dump/d316d96e-a667-4338-9c1f-a6c7fdb33fda/workspace/projects/Test/ai_Test.json,'$schema' is a required property
/home/hemduttdabral/Downloads/proj-api-volume-dump/r451sv2zetznhv77qwytk71k10/workspace/projects/test_project_tc-804_clone/ai_test_project_tc-804_clone.json,'supported_applications' is a required property
/home/hemduttdabral/Downloads/proj-api-volume-dump/r451sv2zetznhv77qwytk71k10/workspace/projects/test-project-2_TC_4_P/ai_test-project-2_TC_4_P.json,'supported_applications' is a required property
/home/hemduttdabral/Downloads/proj-api-volume-dump/r451sv2zetznhv77qwytk71k10/workspace/projects/test-project-group-from-scratch_TC_3_p/ai_test-project-group-from-scratch_TC_3_p.json,'$schema' is a required property
/home/hemduttdabral/Downloads/proj-api-volume-dump/r451sv2zetznhv77qwytk71k10/workspace/projects/test-project-group-from-scratch-2_TC_3_p/ai_test-project-group-from-scratch-2_TC_3_p.json,'$schema' is a required property
/home/hemduttdabral/Downloads/proj-api-volume-dump/r451sv2zetznhv77qwytk71k10/workspace/projects/group-project-101/ai_group-project-101.json,'creation_time' is a required property
/home/hemduttdabral/Downloads/proj-api-volume-dump/r451sv2zetznhv77qwytk71k10/workspace/projects/test-project-2/ai_test-project-2.json,'supported_applications' is a required property
/home/hemduttdabral/Downloads/proj-api-volume-dump/d6904216-36d8-4566-b05e-cbbaab66a6a8/workspace/projects/Project_name_736374/ai_Project_name_736374.json,'project_owner_uuid' is a required property
/home/hemduttdabral/Downloads/proj-api-volume-dump/48128766-6d0b-48c2-b688-a1af4947a6a1/workspace/projects/Project_name_501744/ai_Project_name_501744.json,'project_owner_uuid' is a required property
/home/hemduttdabral/Downloads/proj-api-volume-dump/48128766-6d0b-48c2-b688-a1af4947a6a1/workspace/projects/Project_name_75482/ai_Project_name_75482.json,'project_owner_uuid' is a required property
/home/hemduttdabral/Downloads/proj-api-volume-dump/48128766-6d0b-48c2-b688-a1af4947a6a1/workspace/projects/Project_name_533077/ai_Project_name_533077.json,'project_owner_uuid' is a required property
/home/hemduttdabral/Downloads/proj-api-volume-dump/6d02e656-1d3d-470c-a9b5-c1101f018678/workspace/projects/Project_name_428485/ai_Project_name_428485.json,'project_owner_uuid' is a required property
/home/hemduttdabral/Downloads/proj-api-volume-dump/6d02e656-1d3d-470c-a9b5-c1101f018678/workspace/projects/Project_name_875879/ai_Project_name_875879.json,'project_owner_uuid' is a required property
/home/hemduttdabral/Downloads/proj-api-volume-dump/6d02e656-1d3d-470c-a9b5-c1101f018678/workspace/projects/Project_name_637625/ai_Project_name_637625.json,'project_owner_uuid' is a required property
/home/hemduttdabral/Downloads/proj-api-volume-dump/73ac0e89-c1f3-41d9-b892-58aaabffdd47/workspace/projects/Project_name_493026/ai_Project_name_493026.json,'project_owner_uuid' is a required property
/home/hemduttdabral/Downloads/proj-api-volume-dump/73ac0e89-c1f3-41d9-b892-58aaabffdd47/workspace/projects/Project_name_170449/ai_Project_name_170449.json,'project_owner_uuid' is a required property
/home/hemduttdabral/Downloads/proj-api-volume-dump/1ebe94ef-2245-43d0-a2f4-31d322dd128f/workspace/projects/Project_name_463227/ai_Project_name_463227.json,'project_owner_uuid' is a required property
/home/hemduttdabral/Downloads/proj-api-volume-dump/1ebe94ef-2245-43d0-a2f4-31d322dd128f/workspace/projects/Project_name_105734/ai_Project_name_105734.json,'project_owner_uuid' is a required property
/home/hemduttdabral/Downloads/proj-api-volume-dump/1ebe94ef-2245-43d0-a2f4-31d322dd128f/workspace/projects/Project_name_926448/ai_Project_name_926448.json,'project_owner_uuid' is a required property
/home/hemduttdabral/Downloads/proj-api-volume-dump/1ebe94ef-2245-43d0-a2f4-31d322dd128f/workspace/projects/Project_name_503619/ai_Project_name_503619.json,'project_owner_uuid' is a required property
/home/hemduttdabral/Downloads/proj-api-volume-dump/1ebe94ef-2245-43d0-a2f4-31d322dd128f/workspace/projects/Project_name_761353/ai_Project_name_761353.json,'project_owner_uuid' is a required property
/home/hemduttdabral/Downloads/proj-api-volume-dump/eeb24300-66d0-49f3-8ba2-66505daa09b0/workspace/projects/PrivateProject2/ai_PrivateProject2.json,'$schema' is a required property
/home/hemduttdabral/Downloads/proj-api-volume-dump/eeb24300-66d0-49f3-8ba2-66505daa09b0/workspace/projects/Test/ai_Test.json,'project_owner_uuid' is a required property
/home/hemduttdabral/Downloads/proj-api-volume-dump/eeb24300-66d0-49f3-8ba2-66505daa09b0/workspace/projects/Test2/ai_Test2.json,'project_owner_uuid' is a required property
/home/hemduttdabral/Downloads/proj-api-volume-dump/eeb24300-66d0-49f3-8ba2-66505daa09b0/workspace/projects/PrivateTest/ai_PrivateTest.json,'$schema' is a required property
/home/hemduttdabral/Downloads/proj-api-volume-dump/137ded34-865f-4a8e-9a56-64dca48bf8b4/workspace/projects/Project_name_885051/ai_Project_name_885051.json,'project_owner_uuid' is a required property
/home/hemduttdabral/Downloads/proj-api-volume-dump/137ded34-865f-4a8e-9a56-64dca48bf8b4/workspace/projects/Project_name_162360/ai_Project_name_162360.json,'project_owner_uuid' is a required property
/home/hemduttdabral/Downloads/proj-api-volume-dump/137ded34-865f-4a8e-9a56-64dca48bf8b4/workspace/projects/Project_name_398143/ai_Project_name_398143.json,'project_owner_uuid' is a required property
/home/hemduttdabral/Downloads/proj-api-volume-dump/137ded34-865f-4a8e-9a56-64dca48bf8b4/workspace/projects/Project_name_201349/ai_Project_name_201349.json,'project_owner_uuid' is a required property
/home/hemduttdabral/Downloads/proj-api-volume-dump/b8437c03-3ad5-4239-bc15-49731f939ca2/workspace/projects/Project_name_432427/ai_Project_name_432427.json,'project_owner_uuid' is a required property
/home/hemduttdabral/Downloads/proj-api-volume-dump/b8437c03-3ad5-4239-bc15-49731f939ca2/workspace/projects/Project_name_406882/ai_Project_name_406882.json,'project_owner_uuid' is a required property
/home/hemduttdabral/Downloads/proj-api-volume-dump/b8437c03-3ad5-4239-bc15-49731f939ca2/workspace/projects/Project_name_99447/ai_Project_name_99447.json,'project_owner_uuid' is a required property
/home/hemduttdabral/Downloads/proj-api-volume-dump/b8437c03-3ad5-4239-bc15-49731f939ca2/workspace/projects/Project_name_88433/ai_Project_name_88433.json,'project_owner_uuid' is a required property
/home/hemduttdabral/Downloads/proj-api-volume-dump/1de01000-2de8-4dc8-88e7-5add99abca07/workspace/man_down_new/ai_man_down_new.json,'applications' is a required property
/home/hemduttdabral/Downloads/proj-api-volume-dump/6e684fd0-a4df-49fc-bf24-84819f653b22/workspace/projects/Project_name_692165/ai_Project_name_692165.json,'project_owner_uuid' is a required property
/home/hemduttdabral/Downloads/proj-api-volume-dump/34fe45b9-f514-42dc-8fba-031d9df7204d/workspace/test/ai_test.json,'applications' is a required property
/home/hemduttdabral/Downloads/proj-api-volume-dump/334c65a5-1495-453a-a6de-4d384a781000/workspace/get_started_image_classification/ai_get_started_image_classification.json,'applications' is a required property
/home/hemduttdabral/Downloads/proj-api-volume-dump/334c65a5-1495-453a-a6de-4d384a781000/workspace/get_started_mlc/ai_get_started_mlc.json,'applications' is a required property
/home/hemduttdabral/Downloads/proj-api-volume-dump/334c65a5-1495-453a-a6de-4d384a781000/workspace/get_started_mlc_asset_tracking/ai_get_started_mlc_asset_tracking.json,'applications' is a required property
/home/hemduttdabral/Downloads/proj-api-volume-dump/334c65a5-1495-453a-a6de-4d384a781000/workspace/anomaly/ai_anomaly.json,'applications' is a required property
/home/hemduttdabral/Downloads/proj-api-volume-dump/334c65a5-1495-453a-a6de-4d384a781000/workspace/get_started_ispu_ai_fan_monitor/ai_get_started_ispu_ai_fan_monitor.json,'applications' is a required property
/home/hemduttdabral/Downloads/proj-api-volume-dump/334c65a5-1495-453a-a6de-4d384a781000/workspace/get_started_vibration_classification/ai_get_started_vibration_classification.json,'applications' is a required property
/home/hemduttdabral/Downloads/proj-api-volume-dump/334c65a5-1495-453a-a6de-4d384a781000/workspace/projects/proj_1779445322690/ai_proj_1779445322690.json,'$schema' is a required property
/home/hemduttdabral/Downloads/proj-api-volume-dump/334c65a5-1495-453a-a6de-4d384a781000/workspace/projects/proj_1778053090848/ai_proj_1778053090848.json,'$schema' is a required property
/home/hemduttdabral/Downloads/proj-api-volume-dump/95e84257-d78b-4d22-9f45-c102e95a0f66/workspace/projects/Project_name_230990/ai_Project_name_230990.json,'project_owner_uuid' is a required property
/home/hemduttdabral/Downloads/proj-api-volume-dump/f961c877-f3f7-4294-8db6-3fbdecabecdb/workspace/projects/Project_name_72653/ai_Project_name_72653.json,'project_owner_uuid' is a required property
/home/hemduttdabral/Downloads/proj-api-volume-dump/f961c877-f3f7-4294-8db6-3fbdecabecdb/workspace/projects/Project_name_596292/ai_Project_name_596292.json,'project_owner_uuid' is a required property
/home/hemduttdabral/Downloads/proj-api-volume-dump/6f81ca79-917c-42b3-b5e7-c5d7fbc12fb2/workspace/projects/Project_name_389578/ai_Project_name_389578.json,'project_owner_uuid' is a required property
/home/hemduttdabral/Downloads/proj-api-volume-dump/6f81ca79-917c-42b3-b5e7-c5d7fbc12fb2/workspace/projects/Project_name_88803/ai_Project_name_88803.json,'project_owner_uuid' is a required property
/home/hemduttdabral/Downloads/proj-api-volume-dump/6f81ca79-917c-42b3-b5e7-c5d7fbc12fb2/workspace/projects/Project_name_137316/ai_Project_name_137316.json,'project_owner_uuid' is a required property
/home/hemduttdabral/Downloads/proj-api-volume-dump/ryvjd288pwsp6qneyfte2gfk10/workspace/projects/err/ai_err.json,'$schema' is a required property
/home/hemduttdabral/Downloads/proj-api-volume-dump/98891f423fhkvnj9c98p9dfk10/workspace/projects/test/ai_test.json,'$schema' is a required property
/home/hemduttdabral/Downloads/proj-api-volume-dump/ef13b057-941f-4fe0-a374-e940cfd41f55/workspace/projects/Prova_2/ai_Prova_2.json,'applications' is a required property
/home/hemduttdabral/Downloads/proj-api-volume-dump/ef13b057-941f-4fe0-a374-e940cfd41f55/workspace/projects/TestForVespucci/ai_TestForVespucci.json,'applications' is a required property
/home/hemduttdabral/Downloads/proj-api-volume-dump/ef13b057-941f-4fe0-a374-e940cfd41f55/workspace/projects/asd/ai_asd.json,'applications' is a required property
/home/hemduttdabral/Downloads/proj-api-volume-dump/ef13b057-941f-4fe0-a374-e940cfd41f55/workspace/projects/Project1/ai_Project1.json,'applications' is a required property
/home/hemduttdabral/Downloads/proj-api-volume-dump/ef13b057-941f-4fe0-a374-e940cfd41f55/workspace/projects/Giovanni-test/ai_Giovanni-test.json,'applications' is a required property
/home/hemduttdabral/Downloads/proj-api-volume-dump/phea0jb5eepxr1bh1ahwjsvj10/workspace/projects/sat-iot-system-1/ai_sat-iot-system-1.json,'supported_applications' is a required property
/home/hemduttdabral/Downloads/proj-api-volume-dump/35271bf3-c000-4647-9534-4eb075cd9ef7/workspace/projects/Project_name_718505/ai_Project_name_718505.json,'project_owner_uuid' is a required property
/home/hemduttdabral/Downloads/proj-api-volume-dump/af59ae83-1d8c-4c71-878b-f92bdf815287/workspace/projects/Project_name_266622/ai_Project_name_266622.json,'project_owner_uuid' is a required property
/home/hemduttdabral/Downloads/proj-api-volume-dump/e928a5da-1ff0-40ef-b001-f24c4a6beec4/workspace/projects/Project_name_798329/ai_Project_name_798329.json,'project_owner_uuid' is a required property
/home/hemduttdabral/Downloads/proj-api-volume-dump/e928a5da-1ff0-40ef-b001-f24c4a6beec4/workspace/projects/Project_name_971747/ai_Project_name_971747.json,'project_owner_uuid' is a required property
/home/hemduttdabral/Downloads/proj-api-volume-dump/e928a5da-1ff0-40ef-b001-f24c4a6beec4/workspace/projects/Project_name_47890/ai_Project_name_47890.json,'project_owner_uuid' is a required property
/home/hemduttdabral/Downloads/proj-api-volume-dump/c7e5ede8-3ff4-4493-af1b-e00d934c309a/workspace/projects/Project_name_704939/ai_Project_name_704939.json,'project_owner_uuid' is a required property
/home/hemduttdabral/Downloads/proj-api-volume-dump/c7e5ede8-3ff4-4493-af1b-e00d934c309a/workspace/projects/Project_name_239379/ai_Project_name_239379.json,'project_owner_uuid' is a required property
/home/hemduttdabral/Downloads/proj-api-volume-dump/c7e5ede8-3ff4-4493-af1b-e00d934c309a/workspace/projects/Project_name_128762/ai_Project_name_128762.json,'project_owner_uuid' is a required property
/home/hemduttdabral/Downloads/proj-api-volume-dump/c7e5ede8-3ff4-4493-af1b-e00d934c309a/workspace/projects/Project_name_339517/ai_Project_name_339517.json,'project_owner_uuid' is a required property
/home/hemduttdabral/Downloads/proj-api-volume-dump/c7e5ede8-3ff4-4493-af1b-e00d934c309a/workspace/projects/Project_name_369719/ai_Project_name_369719.json,'project_owner_uuid' is a required property
/home/hemduttdabral/Downloads/proj-api-volume-dump/9dbcdb22-d591-45d8-aea4-765af1466ec6/workspace/projects/20240705_automode_ux_test/ai_20240705_automode_ux_test.json,'$schema' is a required property
/home/hemduttdabral/Downloads/proj-api-volume-dump/09b64331-eada-413a-a98b-aa7edb9b65a8/workspace/get_started_image_classification_mcu/ai_get_started_image_classification_mcu.json,'applications' is a required property
/home/hemduttdabral/Downloads/proj-api-volume-dump/09b64331-eada-413a-a98b-aa7edb9b65a8/workspace/Test/ai_Test.json,'$schema' is a required property
/home/hemduttdabral/Downloads/proj-api-volume-dump/6fdb444f-8e87-4743-8f2e-ceb44c46a3f0/workspace/projects/beniamino/ai_beniamino.json,'project_owner_uuid' is a required property
/home/hemduttdabral/Downloads/proj-api-volume-dump/6fdb444f-8e87-4743-8f2e-ceb44c46a3f0/workspace/projects/fra/ai_fra.json,'project_owner_uuid' is a required property
/home/hemduttdabral/Downloads/proj-api-volume-dump/6fdb444f-8e87-4743-8f2e-ceb44c46a3f0/workspace/projects/fan/ai_fan.json,'project_owner_uuid' is a required property
/home/hemduttdabral/Downloads/proj-api-volume-dump/6fdb444f-8e87-4743-8f2e-ceb44c46a3f0/workspace/projects/after_delete/ai_after_delete.json,'project_owner_uuid' is a required property
/home/hemduttdabral/Downloads/proj-api-volume-dump/e1ebb7de-d88f-48d9-9465-861929517a32/workspace/projects/Project_name_401613/ai_Project_name_401613.json,'project_owner_uuid' is a required property
/home/hemduttdabral/Downloads/proj-api-volume-dump/e1ebb7de-d88f-48d9-9465-861929517a32/workspace/projects/Project_name_200564/ai_Project_name_200564.json,'project_owner_uuid' is a required property
/home/hemduttdabral/Downloads/proj-api-volume-dump/e1ebb7de-d88f-48d9-9465-861929517a32/workspace/projects/Project_name_837342/ai_Project_name_837342.json,'project_owner_uuid' is a required property
/home/hemduttdabral/Downloads/proj-api-volume-dump/e1ebb7de-d88f-48d9-9465-861929517a32/workspace/projects/Project_name_24150/ai_Project_name_24150.json,'project_owner_uuid' is a required property
/home/hemduttdabral/Downloads/proj-api-volume-dump/4e37bf45-27e3-47a9-afab-c778af31ded9/workspace/projects/Project_name_784432/ai_Project_name_784432.json,'project_owner_uuid' is a required property
/home/hemduttdabral/Downloads/proj-api-volume-dump/4e37bf45-27e3-47a9-afab-c778af31ded9/workspace/projects/Project_name_243945/ai_Project_name_243945.json,'project_owner_uuid' is a required property
/home/hemduttdabral/Downloads/proj-api-volume-dump/4e37bf45-27e3-47a9-afab-c778af31ded9/workspace/projects/Project_name_772990/ai_Project_name_772990.json,'project_owner_uuid' is a required property
/home/hemduttdabral/Downloads/proj-api-volume-dump/4e37bf45-27e3-47a9-afab-c778af31ded9/workspace/projects/Project_name_873978/ai_Project_name_873978.json,'project_owner_uuid' is a required property
/home/hemduttdabral/Downloads/proj-api-volume-dump/d5362f3a-0b17-4659-a6eb-7fc610652189/workspace/projects/try/ai_try.json,'$schema' is a required property
/home/hemduttdabral/Downloads/proj-api-volume-dump/ed1f73ec-73e0-4bb8-becc-c70862b6fd9f/workspace/projects/Project_name_466943/ai_Project_name_466943.json,'project_owner_uuid' is a required property
/home/hemduttdabral/Downloads/proj-api-volume-dump/ed1f73ec-73e0-4bb8-becc-c70862b6fd9f/workspace/projects/Project_name_42370/ai_Project_name_42370.json,'project_owner_uuid' is a required property
/home/hemduttdabral/Downloads/proj-api-volume-dump/ed1f73ec-73e0-4bb8-becc-c70862b6fd9f/workspace/projects/Project_name_462872/ai_Project_name_462872.json,'project_owner_uuid' is a required property
/home/hemduttdabral/Downloads/proj-api-volume-dump/ed1f73ec-73e0-4bb8-becc-c70862b6fd9f/workspace/projects/Project_name_684173/ai_Project_name_684173.json,'project_owner_uuid' is a required property
/home/hemduttdabral/Downloads/proj-api-volume-dump/ed1f73ec-73e0-4bb8-becc-c70862b6fd9f/workspace/projects/Project_name_243010/ai_Project_name_243010.json,'project_owner_uuid' is a required property
/home/hemduttdabral/Downloads/proj-api-volume-dump/60996b90-39dc-4a05-b7a7-ca9501a0d397/workspace/projects/Project_name_122837/ai_Project_name_122837.json,'project_owner_uuid' is a required property
/home/hemduttdabral/Downloads/proj-api-volume-dump/60996b90-39dc-4a05-b7a7-ca9501a0d397/workspace/projects/Project_name_170480/ai_Project_name_170480.json,'project_owner_uuid' is a required property
/home/hemduttdabral/Downloads/proj-api-volume-dump/880e6383-6647-478c-a214-c8a22c44da55/workspace/projects/Project_name_113151/ai_Project_name_113151.json,'project_owner_uuid' is a required property
/home/hemduttdabral/Downloads/proj-api-volume-dump/880e6383-6647-478c-a214-c8a22c44da55/workspace/projects/Project_name_229170/ai_Project_name_229170.json,'project_owner_uuid' is a required property
/home/hemduttdabral/Downloads/proj-api-volume-dump/880e6383-6647-478c-a214-c8a22c44da55/workspace/projects/Project_name_356880/ai_Project_name_356880.json,'project_owner_uuid' is a required property
/home/hemduttdabral/Downloads/proj-api-volume-dump/880e6383-6647-478c-a214-c8a22c44da55/workspace/projects/Project_name_165169/ai_Project_name_165169.json,'project_owner_uuid' is a required property
/home/hemduttdabral/Downloads/proj-api-volume-dump/880e6383-6647-478c-a214-c8a22c44da55/workspace/projects/Project_name_704940/ai_Project_name_704940.json,'project_owner_uuid' is a required property
/home/hemduttdabral/Downloads/proj-api-volume-dump/39d38b42-2608-4d39-b9eb-04416cccf65d/workspace/projects/Project_name_878537/ai_Project_name_878537.json,'project_owner_uuid' is a required property
/home/hemduttdabral/Downloads/proj-api-volume-dump/1hrf8jjtcggfrdaa4bh8jdfk10/workspace/projects/tew/ai_tew.json,'$schema' is a required property
/home/hemduttdabral/Downloads/proj-api-volume-dump/70ed0efb-db44-4a5e-8c77-8368a50c049c/workspace/projects/Project_name_235320/ai_Project_name_235320.json,'project_owner_uuid' is a required property
/home/hemduttdabral/Downloads/proj-api-volume-dump/70ed0efb-db44-4a5e-8c77-8368a50c049c/workspace/projects/Project_name_982216/ai_Project_name_982216.json,'project_owner_uuid' is a required property
/home/hemduttdabral/Downloads/proj-api-volume-dump/70ed0efb-db44-4a5e-8c77-8368a50c049c/workspace/projects/Project_name_475331/ai_Project_name_475331.json,'project_owner_uuid' is a required property
/home/hemduttdabral/Downloads/proj-api-volume-dump/70ed0efb-db44-4a5e-8c77-8368a50c049c/workspace/projects/Project_name_132308/ai_Project_name_132308.json,'project_owner_uuid' is a required property
/home/hemduttdabral/Downloads/proj-api-volume-dump/70ed0efb-db44-4a5e-8c77-8368a50c049c/workspace/projects/Project_name_897448/ai_Project_name_897448.json,'project_owner_uuid' is a required property
/home/hemduttdabral/Downloads/proj-api-volume-dump/e7118517-cb03-4320-bcbb-fc9ec648caf4/workspace/projects/Project_name_517031/ai_Project_name_517031.json,'project_owner_uuid' is a required property
/home/hemduttdabral/Downloads/proj-api-volume-dump/e7118517-cb03-4320-bcbb-fc9ec648caf4/workspace/projects/Project_name_116264/ai_Project_name_116264.json,'project_owner_uuid' is a required property
/home/hemduttdabral/Downloads/proj-api-volume-dump/e7118517-cb03-4320-bcbb-fc9ec648caf4/workspace/projects/Project_name_813180/ai_Project_name_813180.json,'project_owner_uuid' is a required property
/home/hemduttdabral/Downloads/proj-api-volume-dump/e7118517-cb03-4320-bcbb-fc9ec648caf4/workspace/projects/Project_name_159953/ai_Project_name_159953.json,'project_owner_uuid' is a required property
/home/hemduttdabral/Downloads/proj-api-volume-dump/e7118517-cb03-4320-bcbb-fc9ec648caf4/workspace/projects/Project_name_16695/ai_Project_name_16695.json,'project_owner_uuid' is a required property
/home/hemduttdabral/Downloads/proj-api-volume-dump/04a3d7b0-4d2d-49d2-b9ea-efb75381641f/workspace/projects/Project_name_511641/ai_Project_name_511641.json,'project_owner_uuid' is a required property
/home/hemduttdabral/Downloads/proj-api-volume-dump/1947d031-8d5b-4f7a-9703-420cb3a711ba/workspace/projects/Project_name_791671/ai_Project_name_791671.json,'project_owner_uuid' is a required property
/home/hemduttdabral/Downloads/proj-api-volume-dump/1947d031-8d5b-4f7a-9703-420cb3a711ba/workspace/projects/Project_name_501128/ai_Project_name_501128.json,'project_owner_uuid' is a required property
/home/hemduttdabral/Downloads/proj-api-volume-dump/1947d031-8d5b-4f7a-9703-420cb3a711ba/workspace/projects/Project_name_418365/ai_Project_name_418365.json,'project_owner_uuid' is a required property
/home/hemduttdabral/Downloads/proj-api-volume-dump/c2004281-6ab3-4fa2-874d-1da865203169/workspace/projects/Project_name_612709/ai_Project_name_612709.json,'project_owner_uuid' is a required property
/home/hemduttdabral/Downloads/proj-api-volume-dump/3acec46e-3086-4b62-bf42-0a5fd3ad6398/workspace/projects/Project_name_164436/ai_Project_name_164436.json,'project_owner_uuid' is a required property
/home/hemduttdabral/Downloads/proj-api-volume-dump/b288df2d-2a72-4e46-93db-2cc83a393f19/workspace/projects/Project_name_315362/ai_Project_name_315362.json,'project_owner_uuid' is a required property
/home/hemduttdabral/Downloads/proj-api-volume-dump/b288df2d-2a72-4e46-93db-2cc83a393f19/workspace/projects/Project_name_501870/ai_Project_name_501870.json,'project_owner_uuid' is a required property
/home/hemduttdabral/Downloads/proj-api-volume-dump/b73e676c-ce77-4ade-84f5-31cc4b4a9ae6/workspace/projects/Test_Project/ai_Test_Project.json,'project_owner_uuid' is a required property
/home/hemduttdabral/Downloads/proj-api-volume-dump/5ce81222-21ff-4ae4-b92c-7f8575618d86/workspace/projects/Project_name_513823/ai_Project_name_513823.json,'project_owner_uuid' is a required property
/home/hemduttdabral/Downloads/proj-api-volume-dump/5ce81222-21ff-4ae4-b92c-7f8575618d86/workspace/projects/Project_name_545024/ai_Project_name_545024.json,'project_owner_uuid' is a required property
/home/hemduttdabral/Downloads/proj-api-volume-dump/5ce81222-21ff-4ae4-b92c-7f8575618d86/workspace/projects/Project_name_862126/ai_Project_name_862126.json,'project_owner_uuid' is a required property
/home/hemduttdabral/Downloads/proj-api-volume-dump/5ce81222-21ff-4ae4-b92c-7f8575618d86/workspace/projects/Project_name_542124/ai_Project_name_542124.json,'project_owner_uuid' is a required property
/home/hemduttdabral/Downloads/proj-api-volume-dump/5ce81222-21ff-4ae4-b92c-7f8575618d86/workspace/projects/Project_name_542919/ai_Project_name_542919.json,'project_owner_uuid' is a required property
/home/hemduttdabral/Downloads/proj-api-volume-dump/2fef6c13-512c-4827-b057-e12c16376149/workspace/projects/Project_name_549908/ai_Project_name_549908.json,'project_owner_uuid' is a required property
/home/hemduttdabral/Downloads/proj-api-volume-dump/a9f4eabe-8e56-4f72-bc64-6d889a24cbfa/workspace/stm32ai-modelzoo/ai_stm32ai-modelzoo.json,'$schema' is a required property
/home/hemduttdabral/Downloads/proj-api-volume-dump/a9f4eabe-8e56-4f72-bc64-6d889a24cbfa/workspace/stm32ai-modelzoo/stm32ai-modelzoo/common/stm_ai_driver/resources/ai_runtime_libs.json,Invalid JSON syntax
/home/hemduttdabral/Downloads/proj-api-volume-dump/05534a6a-b0fa-462d-8d34-00aaf8dff9bf/workspace/projects/Project_name_328244/ai_Project_name_328244.json,'project_owner_uuid' is a required property
/home/hemduttdabral/Downloads/proj-api-volume-dump/05534a6a-b0fa-462d-8d34-00aaf8dff9bf/workspace/projects/Project_name_722277/ai_Project_name_722277.json,'project_owner_uuid' is a required property
/home/hemduttdabral/Downloads/proj-api-volume-dump/cbfcc259-3ab9-42c6-8b8e-f339a95fea2a/workspace/projects/Project_name_152355/ai_Project_name_152355.json,'project_owner_uuid' is a required property
/home/hemduttdabral/Downloads/proj-api-volume-dump/cbfcc259-3ab9-42c6-8b8e-f339a95fea2a/workspace/projects/Project_name_449804/ai_Project_name_449804.json,'project_owner_uuid' is a required property
/home/hemduttdabral/Downloads/proj-api-volume-dump/cbfcc259-3ab9-42c6-8b8e-f339a95fea2a/workspace/projects/Project_name_530194/ai_Project_name_530194.json,'project_owner_uuid' is a required property
/home/hemduttdabral/Downloads/proj-api-volume-dump/cc178604-3f3e-4194-a3e5-65bf3c219a75/workspace/projects/Project_name_957315/ai_Project_name_957315.json,'project_owner_uuid' is a required property
/home/hemduttdabral/Downloads/proj-api-volume-dump/cc178604-3f3e-4194-a3e5-65bf3c219a75/workspace/projects/Project_name_118420/ai_Project_name_118420.json,'project_owner_uuid' is a required property
/home/hemduttdabral/Downloads/proj-api-volume-dump/cc178604-3f3e-4194-a3e5-65bf3c219a75/workspace/projects/Project_name_804322/ai_Project_name_804322.json,'project_owner_uuid' is a required property
/home/hemduttdabral/Downloads/proj-api-volume-dump/190d94d2-cd39-4929-92f7-da62939ac036/workspace/get_started_image_classification/ai_get_started_image_classification.json,'applications' is a required property
/home/hemduttdabral/Downloads/proj-api-volume-dump/190d94d2-cd39-4929-92f7-da62939ac036/workspace/get_started_hvac_monitor_mlc/ai_get_started_hvac_monitor_mlc.json,'applications' is a required property
/home/hemduttdabral/Downloads/proj-api-volume-dump/190d94d2-cd39-4929-92f7-da62939ac036/workspace/hvac_monitor/ai_hvac_monitor.json,'applications' is a required property
/home/hemduttdabral/Downloads/proj-api-volume-dump/190d94d2-cd39-4929-92f7-da62939ac036/workspace/get_started_chair_monitor_ispu/ai_get_started_chair_monitor_ispu.json,'applications' is a required property
/home/hemduttdabral/Downloads/proj-api-volume-dump/190d94d2-cd39-4929-92f7-da62939ac036/workspace/get_started_mlc/ai_get_started_mlc.json,'applications' is a required property
/home/hemduttdabral/Downloads/proj-api-volume-dump/190d94d2-cd39-4929-92f7-da62939ac036/workspace/get_started_desk_monitor_ispu/ai_get_started_desk_monitor_ispu.json,'applications' is a required property
/home/hemduttdabral/Downloads/proj-api-volume-dump/190d94d2-cd39-4929-92f7-da62939ac036/workspace/get_started_ispu_ai_fan_monitor/ai_get_started_ispu_ai_fan_monitor.json,'applications' is a required property
/home/hemduttdabral/Downloads/proj-api-volume-dump/190d94d2-cd39-4929-92f7-da62939ac036/workspace/get_started_vibration_classification/ai_get_started_vibration_classification.json,'applications' is a required property
/home/hemduttdabral/Downloads/proj-api-volume-dump/86f09629-6dea-4c3d-96a9-8045b803a691/workspace/projects/Project_name_798557/ai_Project_name_798557.json,'project_owner_uuid' is a required property
/home/hemduttdabral/Downloads/proj-api-volume-dump/86f09629-6dea-4c3d-96a9-8045b803a691/workspace/projects/Project_name_254496/ai_Project_name_254496.json,'project_owner_uuid' is a required property
/home/hemduttdabral/Downloads/proj-api-volume-dump/b18b5458-e92b-4ac8-ba3f-2015fe53b82c/workspace/projects/Project_name_683171/ai_Project_name_683171.json,'project_owner_uuid' is a required property
/home/hemduttdabral/Downloads/proj-api-volume-dump/b18b5458-e92b-4ac8-ba3f-2015fe53b82c/workspace/projects/Project_name_504401/ai_Project_name_504401.json,'project_owner_uuid' is a required property
/home/hemduttdabral/Downloads/proj-api-volume-dump/b18b5458-e92b-4ac8-ba3f-2015fe53b82c/workspace/projects/Project_name_528459/ai_Project_name_528459.json,'project_owner_uuid' is a required property
/home/hemduttdabral/Downloads/proj-api-volume-dump/88f91ca5-5a5d-4c7c-8f54-013f873826f3/workspace/projects/Project_name_223368/ai_Project_name_223368.json,'project_owner_uuid' is a required property
/home/hemduttdabral/Downloads/proj-api-volume-dump/88f91ca5-5a5d-4c7c-8f54-013f873826f3/workspace/projects/Project_name_36556/ai_Project_name_36556.json,'project_owner_uuid' is a required property
/home/hemduttdabral/Downloads/proj-api-volume-dump/3d31f000-c0fe-46d1-8fd2-816ea653647d/workspace/projects/Project_name_411297/ai_Project_name_411297.json,'project_owner_uuid' is a required property
/home/hemduttdabral/Downloads/proj-api-volume-dump/3d31f000-c0fe-46d1-8fd2-816ea653647d/workspace/projects/Project_name_302866/ai_Project_name_302866.json,'project_owner_uuid' is a required property
/home/hemduttdabral/Downloads/proj-api-volume-dump/3d31f000-c0fe-46d1-8fd2-816ea653647d/workspace/projects/Project_name_494653/ai_Project_name_494653.json,'project_owner_uuid' is a required property
/home/hemduttdabral/Downloads/proj-api-volume-dump/f87be57a-961f-431f-b005-2bf47c0517b5/workspace/projects/Project_name_534306/ai_Project_name_534306.json,'project_owner_uuid' is a required property
/home/hemduttdabral/Downloads/proj-api-volume-dump/3f49c67c-d630-4743-a3b7-8155223adf20/workspace/projects/Project_name_630623/ai_Project_name_630623.json,'project_owner_uuid' is a required property
/home/hemduttdabral/Downloads/proj-api-volume-dump/3f49c67c-d630-4743-a3b7-8155223adf20/workspace/projects/Project_name_379050/ai_Project_name_379050.json,'project_owner_uuid' is a required property
/home/hemduttdabral/Downloads/proj-api-volume-dump/3f49c67c-d630-4743-a3b7-8155223adf20/workspace/projects/Project_name_330959/ai_Project_name_330959.json,'project_owner_uuid' is a required property
/home/hemduttdabral/Downloads/proj-api-volume-dump/1bdf5802-558d-4df1-88d5-2277d96efd01/workspace/projects/demo-project/ai_demo-project.json,'$schema' is a required property
/home/hemduttdabral/Downloads/proj-api-volume-dump/1bdf5802-558d-4df1-88d5-2277d96efd01/workspace/projects/test/ai_test.json,'$schema' is a required property
/home/hemduttdabral/Downloads/proj-api-volume-dump/5bbe9b38-42af-4ce9-885b-2f888679d248/workspace/projects/proj_1778210822276/ai_proj_1778210822276.json,'$schema' is a required property
/home/hemduttdabral/Downloads/proj-api-volume-dump/5bbe9b38-42af-4ce9-885b-2f888679d248/workspace/projects/proj_1777960136188/ai_proj_1777960136188.json,'$schema' is a required property
/home/hemduttdabral/Downloads/proj-api-volume-dump/5bbe9b38-42af-4ce9-885b-2f888679d248/workspace/projects/proj_1778053531899/ai_proj_1778053531899.json,'$schema' is a required property
/home/hemduttdabral/Downloads/proj-api-volume-dump/5bbe9b38-42af-4ce9-885b-2f888679d248/workspace/projects/proj_1777977557618/ai_proj_1777977557618.json,'$schema' is a required property
/home/hemduttdabral/Downloads/proj-api-volume-dump/5bbe9b38-42af-4ce9-885b-2f888679d248/workspace/projects/proj_1779435713163/ai_proj_1779435713163.json,'$schema' is a required property
/home/hemduttdabral/Downloads/proj-api-volume-dump/5bbe9b38-42af-4ce9-885b-2f888679d248/workspace/projects/proj_1777964346832/ai_proj_1777964346832.json,'$schema' is a required property
/home/hemduttdabral/Downloads/proj-api-volume-dump/3c3aa695-380d-41ae-aa8b-5b9f2603a964/workspace/projects/Project_name_339010/ai_Project_name_339010.json,'project_owner_uuid' is a required property
/home/hemduttdabral/Downloads/proj-api-volume-dump/3c3aa695-380d-41ae-aa8b-5b9f2603a964/workspace/projects/Project_name_970530/ai_Project_name_970530.json,'project_owner_uuid' is a required property
/home/hemduttdabral/Downloads/proj-api-volume-dump/3c3aa695-380d-41ae-aa8b-5b9f2603a964/workspace/projects/Project_name_525968/ai_Project_name_525968.json,'project_owner_uuid' is a required property
/home/hemduttdabral/Downloads/proj-api-volume-dump/a25c550c-4443-427c-82dd-b2a1293b4015/get_started_image_classification/ai_get_started_image_classification.json,'applications' is a required property
/home/hemduttdabral/Downloads/proj-api-volume-dump/a25c550c-4443-427c-82dd-b2a1293b4015/get_started_mlc/ai_get_started_mlc.json,'$schema' is a required property
/home/hemduttdabral/Downloads/proj-api-volume-dump/a25c550c-4443-427c-82dd-b2a1293b4015/get_started_vibration_classification/ai_get_started_vibration_classification.json,'applications' is a required property
/home/hemduttdabral/Downloads/proj-api-volume-dump/vnfvhntq7fgj5s25tskn2gfk10/workspace/projects/tttt/ai_tttt.json,'$schema' is a required property
/home/hemduttdabral/Downloads/proj-api-volume-dump/d69835e1-4f8d-454d-bb07-5ab06c82085a/workspace/projects/Project_name_75346/ai_Project_name_75346.json,'project_owner_uuid' is a required property
/home/hemduttdabral/Downloads/proj-api-volume-dump/220b643d-c002-4ce5-be5c-1d182c44b1ae/workspace/projects/Project_name_565590/ai_Project_name_565590.json,'project_owner_uuid' is a required property
/home/hemduttdabral/Downloads/proj-api-volume-dump/220b643d-c002-4ce5-be5c-1d182c44b1ae/workspace/projects/Project_name_154385/ai_Project_name_154385.json,'project_owner_uuid' is a required property
/home/hemduttdabral/Downloads/proj-api-volume-dump/bd474fe1-99c8-4c6d-a8a7-8e978a791270/workspace/projects/project_name_921708/ai_project_name_921708.json,'supported_applications' is a required property
/home/hemduttdabral/Downloads/proj-api-volume-dump/bd474fe1-99c8-4c6d-a8a7-8e978a791270/workspace/projects/testing_project_929752/ai_testing_project_929752.json,'$schema' is a required property
/home/hemduttdabral/Downloads/proj-api-volume-dump/108d0ab4-e4a7-4ab3-bba3-13d0d86a86bd/workspace/projects/20240705_automode_ux_test/ai_20240705_automode_ux_test.json,'$schema' is a required property
/home/hemduttdabral/Downloads/proj-api-volume-dump/6462848c-c38c-431b-a8ed-9f0c2db58bb3/workspace/projects/Project_name_950630/ai_Project_name_950630.json,'project_owner_uuid' is a required property
/home/hemduttdabral/Downloads/proj-api-volume-dump/6462848c-c38c-431b-a8ed-9f0c2db58bb3/workspace/projects/Project_name_739473/ai_Project_name_739473.json,'project_owner_uuid' is a required property
/home/hemduttdabral/Downloads/proj-api-volume-dump/8ab84bfe-91f2-496c-8d36-092ace6c884e/workspace/projects/Project_name_943628/ai_Project_name_943628.json,'project_owner_uuid' is a required property
/home/hemduttdabral/Downloads/proj-api-volume-dump/8ab84bfe-91f2-496c-8d36-092ace6c884e/workspace/projects/Project_name_144479/ai_Project_name_144479.json,'project_owner_uuid' is a required property
/home/hemduttdabral/Downloads/proj-api-volume-dump/8ab84bfe-91f2-496c-8d36-092ace6c884e/workspace/projects/Project_name_90354/ai_Project_name_90354.json,'project_owner_uuid' is a required property
/home/hemduttdabral/Downloads/proj-api-volume-dump/8ab84bfe-91f2-496c-8d36-092ace6c884e/workspace/projects/Project_name_345045/ai_Project_name_345045.json,'project_owner_uuid' is a required property
/home/hemduttdabral/Downloads/proj-api-volume-dump/8ab84bfe-91f2-496c-8d36-092ace6c884e/workspace/projects/Project_name_649031/ai_Project_name_649031.json,'project_owner_uuid' is a required property
/home/hemduttdabral/Downloads/proj-api-volume-dump/c6350116-ea79-4568-a940-ca0f33559a4e/workspace/projects/Project_name_788203/ai_Project_name_788203.json,'project_owner_uuid' is a required property
/home/hemduttdabral/Downloads/proj-api-volume-dump/a2c60eb2-9291-4939-adb2-8a126d2b39f6/workspace/projects/Project_name_834081/ai_Project_name_834081.json,'project_owner_uuid' is a required property
/home/hemduttdabral/Downloads/proj-api-volume-dump/74d1c9a4-dbb4-45cb-a2e1-839adb40fd71/workspace/projects/20240705_automode_ux_test/ai_20240705_automode_ux_test.json,'$schema' is a required property
/home/hemduttdabral/Downloads/proj-api-volume-dump/280f4544-0c5a-41e8-9d75-9bd4fba4c445/workspace/projects/Project_name_917751/ai_Project_name_917751.json,'project_owner_uuid' is a required property
/home/hemduttdabral/Downloads/proj-api-volume-dump/280f4544-0c5a-41e8-9d75-9bd4fba4c445/workspace/projects/Project_name_188479/ai_Project_name_188479.json,'project_owner_uuid' is a required property
/home/hemduttdabral/Downloads/proj-api-volume-dump/280f4544-0c5a-41e8-9d75-9bd4fba4c445/workspace/projects/Project_name_483945/ai_Project_name_483945.json,'project_owner_uuid' is a required property
/home/hemduttdabral/Downloads/proj-api-volume-dump/280f4544-0c5a-41e8-9d75-9bd4fba4c445/workspace/projects/Project_name_272185/ai_Project_name_272185.json,'project_owner_uuid' is a required property
/home/hemduttdabral/Downloads/proj-api-volume-dump/72524e5d-dea4-4978-be48-7c22a0d77693/workspace/get_started_image_classification/ai_get_started_image_classification.json,'applications' is a required property
/home/hemduttdabral/Downloads/proj-api-volume-dump/72524e5d-dea4-4978-be48-7c22a0d77693/workspace/get_started_mlc_ai_hvac_monitor/ai_get_started_mlc_ai_hvac_monitor.json,'applications' is a required property
/home/hemduttdabral/Downloads/proj-api-volume-dump/72524e5d-dea4-4978-be48-7c22a0d77693/workspace/get_started_mlc/ai_get_started_mlc.json,'applications' is a required property
/home/hemduttdabral/Downloads/proj-api-volume-dump/72524e5d-dea4-4978-be48-7c22a0d77693/workspace/asset_tracking_mlc_Clone/ai_asset_tracking_mlc_Clone.json,'applications' is a required property
/home/hemduttdabral/Downloads/proj-api-volume-dump/72524e5d-dea4-4978-be48-7c22a0d77693/workspace/get_started_ispu_ai_fan_monitor_1/ai_get_started_ispu_ai_fan_monitor_1.json,'applications' is a required property
/home/hemduttdabral/Downloads/proj-api-volume-dump/72524e5d-dea4-4978-be48-7c22a0d77693/workspace/asset_tracking_24-01-29/ai_asset_tracking_24-01-29.json,'applications' is a required property
/home/hemduttdabral/Downloads/proj-api-volume-dump/72524e5d-dea4-4978-be48-7c22a0d77693/workspace/get_started_ispu_ai_fan_monitor/ai_get_started_ispu_ai_fan_monitor.json,'applications' is a required property
/home/hemduttdabral/Downloads/proj-api-volume-dump/72524e5d-dea4-4978-be48-7c22a0d77693/workspace/get_started_vibration_classification/ai_get_started_vibration_classification.json,'applications' is a required property
/home/hemduttdabral/Downloads/proj-api-volume-dump/72524e5d-dea4-4978-be48-7c22a0d77693/workspace/projects/test333/ai_test333.json,'applications' is a required property
/home/hemduttdabral/Downloads/proj-api-volume-dump/72524e5d-dea4-4978-be48-7c22a0d77693/workspace/projects/test/ai_test.json,'$schema' is a required property
/home/hemduttdabral/Downloads/proj-api-volume-dump/c6507e64-a314-44e2-ac4b-c6ccd795d912/workspace/projects/Project_name_170078/ai_Project_name_170078.json,'project_owner_uuid' is a required property
/home/hemduttdabral/Downloads/proj-api-volume-dump/c6507e64-a314-44e2-ac4b-c6ccd795d912/workspace/projects/Project_name_558327/ai_Project_name_558327.json,'project_owner_uuid' is a required property
/home/hemduttdabral/Downloads/proj-api-volume-dump/c08a6da7-9afd-4c39-8ddf-12b85066ba8c/workspace/projects/ClonedAssetTracking/ai_ClonedAssetTracking.json,'applications' is a required property
/home/hemduttdabral/Downloads/proj-api-volume-dump/c08a6da7-9afd-4c39-8ddf-12b85066ba8c/workspace/projects/ClonedAssetTracking/ai_get_started_asset_tracking_mlc_v10.json,Invalid JSON syntax
/home/hemduttdabral/Downloads/proj-api-volume-dump/c08a6da7-9afd-4c39-8ddf-12b85066ba8c/workspace/projects/ClonedAssetTracking/ai_get_started_asset_tracking_mlc_v10_multiple_models.json,Invalid JSON syntax
/home/hemduttdabral/Downloads/proj-api-volume-dump/802e1f44-121b-4e1e-b294-2fcfff01e018/workspace/projects/Project_name_523548/ai_Project_name_523548.json,'project_owner_uuid' is a required property
/home/hemduttdabral/Downloads/proj-api-volume-dump/802e1f44-121b-4e1e-b294-2fcfff01e018/workspace/projects/Project_name_546797/ai_Project_name_546797.json,'project_owner_uuid' is a required property
/home/hemduttdabral/Downloads/proj-api-volume-dump/e464f9f9-dd37-4599-ab04-a04b492549ea/workspace/projects/Project_name_480794/ai_Project_name_480794.json,'project_owner_uuid' is a required property
/home/hemduttdabral/Downloads/proj-api-volume-dump/e464f9f9-dd37-4599-ab04-a04b492549ea/workspace/projects/Project_name_312252/ai_Project_name_312252.json,'project_owner_uuid' is a required property
/home/hemduttdabral/Downloads/proj-api-volume-dump/0c46f6a9-d2ec-47c3-9a90-7175d095cbd9/workspace/projects/Project_name_914557/ai_Project_name_914557.json,'project_owner_uuid' is a required property
/home/hemduttdabral/Downloads/proj-api-volume-dump/d1798de7-d8d6-466c-97e1-dd6146e06a43/workspace/projects/Project_name_974392/ai_Project_name_974392.json,'project_owner_uuid' is a required property
/home/hemduttdabral/Downloads/proj-api-volume-dump/d1798de7-d8d6-466c-97e1-dd6146e06a43/workspace/projects/Project_name_491288/ai_Project_name_491288.json,'project_owner_uuid' is a required property
/home/hemduttdabral/Downloads/proj-api-volume-dump/d1798de7-d8d6-466c-97e1-dd6146e06a43/workspace/projects/Project_name_575480/ai_Project_name_575480.json,'project_owner_uuid' is a required property
/home/hemduttdabral/Downloads/proj-api-volume-dump/d8612b41-5e30-4b59-9e29-4cf922b5d654/workspace/projects/Project_name_399034/ai_Project_name_399034.json,'project_owner_uuid' is a required property
/home/hemduttdabral/Downloads/proj-api-volume-dump/065542shw19gxt44axvw15zj10/workspace/projects/clone1/ai_clone1.json,'supported_applications' is a required property
/home/hemduttdabral/Downloads/proj-api-volume-dump/b68069fd-2398-41dd-b473-297107fa396c/workspace/get_started_motor_classification_mcu/ai_get_started_motor_classification_mcu.json,'applications' is a required property
/home/hemduttdabral/Downloads/proj-api-volume-dump/b68069fd-2398-41dd-b473-297107fa396c/workspace/qrcode/ai_qrcode.json,'$schema' is a required property
/home/hemduttdabral/Downloads/proj-api-volume-dump/b68069fd-2398-41dd-b473-297107fa396c/workspace/coco-MLC/ai_coco-MLC.json,'$schema' is a required property
/home/hemduttdabral/Downloads/proj-api-volume-dump/b68069fd-2398-41dd-b473-297107fa396c/workspace/cubeai/ai_cubeai.json,'$schema' is a required property
/home/hemduttdabral/Downloads/proj-api-volume-dump/a78a742d-e675-46e4-bd49-814e765fd30b/workspace/projects/Project_name_183222/ai_Project_name_183222.json,'project_owner_uuid' is a required property
/home/hemduttdabral/Downloads/proj-api-volume-dump/f765d967-576b-4f0a-b79d-0976cf42584c/workspace/projects/Project_name_585417/ai_Project_name_585417.json,'project_owner_uuid' is a required property
/home/hemduttdabral/Downloads/proj-api-volume-dump/f765d967-576b-4f0a-b79d-0976cf42584c/workspace/projects/Project_name_319866/ai_Project_name_319866.json,'project_owner_uuid' is a required property
/home/hemduttdabral/Downloads/proj-api-volume-dump/f765d967-576b-4f0a-b79d-0976cf42584c/workspace/projects/Project_name_174428/ai_Project_name_174428.json,'project_owner_uuid' is a required property
/home/hemduttdabral/Downloads/proj-api-volume-dump/f765d967-576b-4f0a-b79d-0976cf42584c/workspace/projects/Project_name_440145/ai_Project_name_440145.json,'project_owner_uuid' is a required property
/home/hemduttdabral/Downloads/proj-api-volume-dump/f765d967-576b-4f0a-b79d-0976cf42584c/workspace/projects/Project_name_532919/ai_Project_name_532919.json,'project_owner_uuid' is a required property
/home/hemduttdabral/Downloads/proj-api-volume-dump/820e91ad-9dcd-4a47-bd64-112bda72fa3c/workspace/projects/Project_name_8318/ai_Project_name_8318.json,'project_owner_uuid' is a required property
/home/hemduttdabral/Downloads/proj-api-volume-dump/820e91ad-9dcd-4a47-bd64-112bda72fa3c/workspace/projects/Project_name_482452/ai_Project_name_482452.json,'project_owner_uuid' is a required property
/home/hemduttdabral/Downloads/proj-api-volume-dump/820e91ad-9dcd-4a47-bd64-112bda72fa3c/workspace/projects/Project_name_73182/ai_Project_name_73182.json,'project_owner_uuid' is a required property
/home/hemduttdabral/Downloads/proj-api-volume-dump/820e91ad-9dcd-4a47-bd64-112bda72fa3c/workspace/projects/Project_name_753862/ai_Project_name_753862.json,'project_owner_uuid' is a required property
/home/hemduttdabral/Downloads/proj-api-volume-dump/47deaeb9-685f-4ae0-ad1d-7571f9f03eb0/workspace/projects/Project_name_297049/ai_Project_name_297049.json,'project_owner_uuid' is a required property
/home/hemduttdabral/Downloads/proj-api-volume-dump/1aa456eb-a4d1-4df3-a0a8-ccb3821d6581/workspace/projects/Project_name_678605/ai_Project_name_678605.json,'project_owner_uuid' is a required property
/home/hemduttdabral/Downloads/proj-api-volume-dump/1aa456eb-a4d1-4df3-a0a8-ccb3821d6581/workspace/projects/Project_name_139680/ai_Project_name_139680.json,'project_owner_uuid' is a required property
/home/hemduttdabral/Downloads/proj-api-volume-dump/1aa456eb-a4d1-4df3-a0a8-ccb3821d6581/workspace/projects/Project_name_213801/ai_Project_name_213801.json,'project_owner_uuid' is a required property
/home/hemduttdabral/Downloads/proj-api-volume-dump/f9853d02-f461-4f19-a685-a2a398b4dec4/workspace/projects/Project_name_374971/ai_Project_name_374971.json,'project_owner_uuid' is a required property
/home/hemduttdabral/Downloads/proj-api-volume-dump/f9853d02-f461-4f19-a685-a2a398b4dec4/workspace/projects/Project_name_624988/ai_Project_name_624988.json,'project_owner_uuid' is a required property
/home/hemduttdabral/Downloads/proj-api-volume-dump/f9853d02-f461-4f19-a685-a2a398b4dec4/workspace/projects/Project_name_131532/ai_Project_name_131532.json,'project_owner_uuid' is a required property
/home/hemduttdabral/Downloads/proj-api-volume-dump/f9853d02-f461-4f19-a685-a2a398b4dec4/workspace/projects/Project_name_255038/ai_Project_name_255038.json,'project_owner_uuid' is a required property
/home/hemduttdabral/Downloads/proj-api-volume-dump/f9853d02-f461-4f19-a685-a2a398b4dec4/workspace/projects/Project_name_907644/ai_Project_name_907644.json,'project_owner_uuid' is a required property
/home/hemduttdabral/Downloads/proj-api-volume-dump/bc9e6028-7cce-4c1e-9bbc-affc0a765fb5/workspace/projects/Project_name_547174/ai_Project_name_547174.json,'project_owner_uuid' is a required property
/home/hemduttdabral/Downloads/proj-api-volume-dump/bc9e6028-7cce-4c1e-9bbc-affc0a765fb5/workspace/projects/Project_name_946868/ai_Project_name_946868.json,'project_owner_uuid' is a required property
/home/hemduttdabral/Downloads/proj-api-volume-dump/bc9e6028-7cce-4c1e-9bbc-affc0a765fb5/workspace/projects/Project_name_208730/ai_Project_name_208730.json,'project_owner_uuid' is a required property
/home/hemduttdabral/Downloads/proj-api-volume-dump/bc9e6028-7cce-4c1e-9bbc-affc0a765fb5/workspace/projects/Project_name_369047/ai_Project_name_369047.json,'project_owner_uuid' is a required property
/home/hemduttdabral/Downloads/proj-api-volume-dump/a0425f49-4ffb-4993-8bf2-865e536c1b38/workspace/projects/Project_name_421191/ai_Project_name_421191.json,'project_owner_uuid' is a required property
/home/hemduttdabral/Downloads/proj-api-volume-dump/04020797-55be-4846-a162-3e0450d780b6/workspace/projects/Project_name_564664/ai_Project_name_564664.json,'project_owner_uuid' is a required property
/home/hemduttdabral/Downloads/proj-api-volume-dump/15e564d4-3a4e-4b58-89fe-22c71ac47f6d/workspace/projects/Project_name_633037/ai_Project_name_633037.json,'project_owner_uuid' is a required property
/home/hemduttdabral/Downloads/proj-api-volume-dump/96eabaeb-b501-4854-aa31-28e465a61bb4/workspace/projects/Project_name_45939/ai_Project_name_45939.json,'project_owner_uuid' is a required property
/home/hemduttdabral/Downloads/proj-api-volume-dump/625ad8f2-3e3d-4899-b477-340ed03ed9e5/workspace/projects/test_project_name_463594/ai_test_project_name_463594.json,'$schema' is a required property
/home/hemduttdabral/Downloads/proj-api-volume-dump/625ad8f2-3e3d-4899-b477-340ed03ed9e5/workspace/projects/test_project_name_131372/ai_test_project_name_131372.json,'$schema' is a required property
/home/hemduttdabral/Downloads/proj-api-volume-dump/625ad8f2-3e3d-4899-b477-340ed03ed9e5/workspace/projects/new_project_name_772954/ai_new_project_name_772954.json,'$schema' is a required property
/home/hemduttdabral/Downloads/proj-api-volume-dump/625ad8f2-3e3d-4899-b477-340ed03ed9e5/workspace/projects/test_project_name_497000/ai_test_project_name_497000.json,'$schema' is a required property
/home/hemduttdabral/Downloads/proj-api-volume-dump/625ad8f2-3e3d-4899-b477-340ed03ed9e5/workspace/projects/new_project_name_806214/ai_new_project_name_806214.json,'$schema' is a required property
/home/hemduttdabral/Downloads/proj-api-volume-dump/625ad8f2-3e3d-4899-b477-340ed03ed9e5/workspace/projects/test_project_name_797333/ai_test_project_name_797333.json,'$schema' is a required property
/home/hemduttdabral/Downloads/proj-api-volume-dump/625ad8f2-3e3d-4899-b477-340ed03ed9e5/workspace/projects/new_project_name_340815/ai_new_project_name_340815.json,'$schema' is a required property
/home/hemduttdabral/Downloads/proj-api-volume-dump/625ad8f2-3e3d-4899-b477-340ed03ed9e5/workspace/projects/new_project_name_285488/ai_new_project_name_285488.json,'$schema' is a required property
/home/hemduttdabral/Downloads/proj-api-volume-dump/625ad8f2-3e3d-4899-b477-340ed03ed9e5/workspace/projects/new_project_name_411659/ai_new_project_name_411659.json,'$schema' is a required property
/home/hemduttdabral/Downloads/proj-api-volume-dump/625ad8f2-3e3d-4899-b477-340ed03ed9e5/workspace/projects/new_project_name_738501/ai_new_project_name_738501.json,'$schema' is a required property
/home/hemduttdabral/Downloads/proj-api-volume-dump/625ad8f2-3e3d-4899-b477-340ed03ed9e5/workspace/projects/new_project_name_624684/ai_new_project_name_624684.json,'$schema' is a required property
/home/hemduttdabral/Downloads/proj-api-volume-dump/625ad8f2-3e3d-4899-b477-340ed03ed9e5/workspace/projects/test_project_name_870861/ai_test_project_name_870861.json,'$schema' is a required property
/home/hemduttdabral/Downloads/proj-api-volume-dump/625ad8f2-3e3d-4899-b477-340ed03ed9e5/workspace/projects/new_project_name_460747/ai_new_project_name_460747.json,'$schema' is a required property
/home/hemduttdabral/Downloads/proj-api-volume-dump/625ad8f2-3e3d-4899-b477-340ed03ed9e5/workspace/projects/new_project_name_194495/ai_new_project_name_194495.json,'$schema' is a required property
/home/hemduttdabral/Downloads/proj-api-volume-dump/625ad8f2-3e3d-4899-b477-340ed03ed9e5/workspace/projects/new_project_name_200459/ai_new_project_name_200459.json,'$schema' is a required property
/home/hemduttdabral/Downloads/proj-api-volume-dump/625ad8f2-3e3d-4899-b477-340ed03ed9e5/workspace/projects/new_project_name_603570/ai_new_project_name_603570.json,'$schema' is a required property
/home/hemduttdabral/Downloads/proj-api-volume-dump/625ad8f2-3e3d-4899-b477-340ed03ed9e5/workspace/projects/new_project_name_530078/ai_new_project_name_530078.json,'$schema' is a required property
/home/hemduttdabral/Downloads/proj-api-volume-dump/625ad8f2-3e3d-4899-b477-340ed03ed9e5/workspace/projects/test_project_name_236392/ai_test_project_name_236392.json,'$schema' is a required property
/home/hemduttdabral/Downloads/proj-api-volume-dump/625ad8f2-3e3d-4899-b477-340ed03ed9e5/workspace/projects/new_project_name_672074/ai_new_project_name_672074.json,'$schema' is a required property
/home/hemduttdabral/Downloads/proj-api-volume-dump/625ad8f2-3e3d-4899-b477-340ed03ed9e5/workspace/projects/new_project_name_537083/ai_new_project_name_537083.json,'$schema' is a required property
/home/hemduttdabral/Downloads/proj-api-volume-dump/625ad8f2-3e3d-4899-b477-340ed03ed9e5/workspace/projects/new_project_name_531303/ai_new_project_name_531303.json,'$schema' is a required property
/home/hemduttdabral/Downloads/proj-api-volume-dump/625ad8f2-3e3d-4899-b477-340ed03ed9e5/workspace/projects/test_project_name_977746/ai_test_project_name_977746.json,'$schema' is a required property
/home/hemduttdabral/Downloads/proj-api-volume-dump/625ad8f2-3e3d-4899-b477-340ed03ed9e5/workspace/projects/test_project_name_267282/ai_test_project_name_267282.json,'$schema' is a required property
/home/hemduttdabral/Downloads/proj-api-volume-dump/625ad8f2-3e3d-4899-b477-340ed03ed9e5/workspace/projects/new_project_name_310830/ai_new_project_name_310830.json,'$schema' is a required property
/home/hemduttdabral/Downloads/proj-api-volume-dump/625ad8f2-3e3d-4899-b477-340ed03ed9e5/workspace/projects/new_project_name_402229/ai_new_project_name_402229.json,'$schema' is a required property
/home/hemduttdabral/Downloads/proj-api-volume-dump/625ad8f2-3e3d-4899-b477-340ed03ed9e5/workspace/projects/test_project_name_917145/ai_test_project_name_917145.json,'$schema' is a required property
/home/hemduttdabral/Downloads/proj-api-volume-dump/625ad8f2-3e3d-4899-b477-340ed03ed9e5/workspace/projects/test_project_name_669035/ai_test_project_name_669035.json,'$schema' is a required property
/home/hemduttdabral/Downloads/proj-api-volume-dump/625ad8f2-3e3d-4899-b477-340ed03ed9e5/workspace/projects/new_project_name_750775/ai_new_project_name_750775.json,'$schema' is a required property
/home/hemduttdabral/Downloads/proj-api-volume-dump/625ad8f2-3e3d-4899-b477-340ed03ed9e5/workspace/projects/test_project_name_698341/ai_test_project_name_698341.json,'$schema' is a required property
/home/hemduttdabral/Downloads/proj-api-volume-dump/625ad8f2-3e3d-4899-b477-340ed03ed9e5/workspace/projects/test_project_name_650009/ai_test_project_name_650009.json,'$schema' is a required property
/home/hemduttdabral/Downloads/proj-api-volume-dump/625ad8f2-3e3d-4899-b477-340ed03ed9e5/workspace/projects/new_project_name_462448/ai_new_project_name_462448.json,'$schema' is a required property
/home/hemduttdabral/Downloads/proj-api-volume-dump/625ad8f2-3e3d-4899-b477-340ed03ed9e5/workspace/projects/test_project_name_626600/ai_test_project_name_626600.json,'$schema' is a required property
/home/hemduttdabral/Downloads/proj-api-volume-dump/625ad8f2-3e3d-4899-b477-340ed03ed9e5/workspace/projects/new_project_name_841762/ai_new_project_name_841762.json,'$schema' is a required property
/home/hemduttdabral/Downloads/proj-api-volume-dump/625ad8f2-3e3d-4899-b477-340ed03ed9e5/workspace/projects/new_project_name_718486/ai_new_project_name_718486.json,'$schema' is a required property
/home/hemduttdabral/Downloads/proj-api-volume-dump/625ad8f2-3e3d-4899-b477-340ed03ed9e5/workspace/projects/test_project_name_977612/ai_test_project_name_977612.json,'$schema' is a required property
/home/hemduttdabral/Downloads/proj-api-volume-dump/625ad8f2-3e3d-4899-b477-340ed03ed9e5/workspace/projects/new_project_name_137207/ai_new_project_name_137207.json,'$schema' is a required property
/home/hemduttdabral/Downloads/proj-api-volume-dump/625ad8f2-3e3d-4899-b477-340ed03ed9e5/workspace/projects/test_project_name_443135/ai_test_project_name_443135.json,'$schema' is a required property
/home/hemduttdabral/Downloads/proj-api-volume-dump/625ad8f2-3e3d-4899-b477-340ed03ed9e5/workspace/projects/new_project_name_574039/ai_new_project_name_574039.json,'$schema' is a required property
/home/hemduttdabral/Downloads/proj-api-volume-dump/625ad8f2-3e3d-4899-b477-340ed03ed9e5/workspace/projects/test_project_name_775774/ai_test_project_name_775774.json,'$schema' is a required property
/home/hemduttdabral/Downloads/proj-api-volume-dump/625ad8f2-3e3d-4899-b477-340ed03ed9e5/workspace/projects/new_project_name_421479/ai_new_project_name_421479.json,'$schema' is a required property
/home/hemduttdabral/Downloads/proj-api-volume-dump/625ad8f2-3e3d-4899-b477-340ed03ed9e5/workspace/projects/new_project_name_519342/ai_new_project_name_519342.json,'$schema' is a required property
/home/hemduttdabral/Downloads/proj-api-volume-dump/625ad8f2-3e3d-4899-b477-340ed03ed9e5/workspace/projects/test_project_name_954253/ai_test_project_name_954253.json,'$schema' is a required property
/home/hemduttdabral/Downloads/proj-api-volume-dump/625ad8f2-3e3d-4899-b477-340ed03ed9e5/workspace/projects/test_project_name_659012/ai_test_project_name_659012.json,'$schema' is a required property
/home/hemduttdabral/Downloads/proj-api-volume-dump/625ad8f2-3e3d-4899-b477-340ed03ed9e5/workspace/projects/test_project_name_178085/ai_test_project_name_178085.json,'$schema' is a required property
/home/hemduttdabral/Downloads/proj-api-volume-dump/625ad8f2-3e3d-4899-b477-340ed03ed9e5/workspace/projects/test_project_name_691012/ai_test_project_name_691012.json,'$schema' is a required property
/home/hemduttdabral/Downloads/proj-api-volume-dump/625ad8f2-3e3d-4899-b477-340ed03ed9e5/workspace/projects/test_project_name_250651/ai_test_project_name_250651.json,'$schema' is a required property
/home/hemduttdabral/Downloads/proj-api-volume-dump/625ad8f2-3e3d-4899-b477-340ed03ed9e5/workspace/projects/new_project_name_126924/ai_new_project_name_126924.json,'$schema' is a required property
/home/hemduttdabral/Downloads/proj-api-volume-dump/625ad8f2-3e3d-4899-b477-340ed03ed9e5/workspace/projects/new_project_name_354653/ai_new_project_name_354653.json,'$schema' is a required property
/home/hemduttdabral/Downloads/proj-api-volume-dump/625ad8f2-3e3d-4899-b477-340ed03ed9e5/workspace/projects/new_project_name_460627/ai_new_project_name_460627.json,'$schema' is a required property
/home/hemduttdabral/Downloads/proj-api-volume-dump/625ad8f2-3e3d-4899-b477-340ed03ed9e5/workspace/projects/test_project_name_501751/ai_test_project_name_501751.json,'$schema' is a required property
/home/hemduttdabral/Downloads/proj-api-volume-dump/625ad8f2-3e3d-4899-b477-340ed03ed9e5/workspace/projects/test_project_name_943297/ai_test_project_name_943297.json,'$schema' is a required property
/home/hemduttdabral/Downloads/proj-api-volume-dump/625ad8f2-3e3d-4899-b477-340ed03ed9e5/workspace/projects/test_project_name_917125/ai_test_project_name_917125.json,'$schema' is a required property
/home/hemduttdabral/Downloads/proj-api-volume-dump/625ad8f2-3e3d-4899-b477-340ed03ed9e5/workspace/projects/test_project_name_923806/ai_test_project_name_923806.json,'$schema' is a required property
/home/hemduttdabral/Downloads/proj-api-volume-dump/625ad8f2-3e3d-4899-b477-340ed03ed9e5/workspace/projects/new_project_name_513007/ai_new_project_name_513007.json,'$schema' is a required property
/home/hemduttdabral/Downloads/proj-api-volume-dump/625ad8f2-3e3d-4899-b477-340ed03ed9e5/workspace/projects/test_project_name_631574/ai_test_project_name_631574.json,'$schema' is a required property
/home/hemduttdabral/Downloads/proj-api-volume-dump/625ad8f2-3e3d-4899-b477-340ed03ed9e5/workspace/projects/test_project_name_625364/ai_test_project_name_625364.json,'$schema' is a required property
/home/hemduttdabral/Downloads/proj-api-volume-dump/625ad8f2-3e3d-4899-b477-340ed03ed9e5/workspace/projects/new_project_name_363780/ai_new_project_name_363780.json,'$schema' is a required property
/home/hemduttdabral/Downloads/proj-api-volume-dump/625ad8f2-3e3d-4899-b477-340ed03ed9e5/workspace/projects/test_project_name_331356/ai_test_project_name_331356.json,'$schema' is a required property
/home/hemduttdabral/Downloads/proj-api-volume-dump/625ad8f2-3e3d-4899-b477-340ed03ed9e5/workspace/projects/new_project_name_718275/ai_new_project_name_718275.json,'$schema' is a required property
/home/hemduttdabral/Downloads/proj-api-volume-dump/625ad8f2-3e3d-4899-b477-340ed03ed9e5/workspace/projects/new_project_name_867730/ai_new_project_name_867730.json,'$schema' is a required property
/home/hemduttdabral/Downloads/proj-api-volume-dump/625ad8f2-3e3d-4899-b477-340ed03ed9e5/workspace/projects/new_project_name_408557/ai_new_project_name_408557.json,'$schema' is a required property
/home/hemduttdabral/Downloads/proj-api-volume-dump/625ad8f2-3e3d-4899-b477-340ed03ed9e5/workspace/projects/test_project_name_200698/ai_test_project_name_200698.json,'$schema' is a required property
/home/hemduttdabral/Downloads/proj-api-volume-dump/625ad8f2-3e3d-4899-b477-340ed03ed9e5/workspace/projects/new_project_name_324977/ai_new_project_name_324977.json,'$schema' is a required property
/home/hemduttdabral/Downloads/proj-api-volume-dump/625ad8f2-3e3d-4899-b477-340ed03ed9e5/workspace/projects/new_project_name_371273/ai_new_project_name_371273.json,'$schema' is a required property
/home/hemduttdabral/Downloads/proj-api-volume-dump/625ad8f2-3e3d-4899-b477-340ed03ed9e5/workspace/projects/new_project_name_349681/ai_new_project_name_349681.json,'$schema' is a required property
/home/hemduttdabral/Downloads/proj-api-volume-dump/625ad8f2-3e3d-4899-b477-340ed03ed9e5/workspace/projects/new_project_name_384145/ai_new_project_name_384145.json,'$schema' is a required property
/home/hemduttdabral/Downloads/proj-api-volume-dump/625ad8f2-3e3d-4899-b477-340ed03ed9e5/workspace/projects/test_project_name_102030/ai_test_project_name_102030.json,'$schema' is a required property
/home/hemduttdabral/Downloads/proj-api-volume-dump/625ad8f2-3e3d-4899-b477-340ed03ed9e5/workspace/projects/test_project_name_147787/ai_test_project_name_147787.json,'$schema' is a required property
/home/hemduttdabral/Downloads/proj-api-volume-dump/625ad8f2-3e3d-4899-b477-340ed03ed9e5/workspace/projects/test_project_name_939650/ai_test_project_name_939650.json,'$schema' is a required property
/home/hemduttdabral/Downloads/proj-api-volume-dump/625ad8f2-3e3d-4899-b477-340ed03ed9e5/workspace/projects/new_project_name_962432/ai_new_project_name_962432.json,'$schema' is a required property
/home/hemduttdabral/Downloads/proj-api-volume-dump/625ad8f2-3e3d-4899-b477-340ed03ed9e5/workspace/projects/test_project_name_540817/ai_test_project_name_540817.json,'$schema' is a required property
/home/hemduttdabral/Downloads/proj-api-volume-dump/625ad8f2-3e3d-4899-b477-340ed03ed9e5/workspace/projects/test_project_name_405837/ai_test_project_name_405837.json,'$schema' is a required property
/home/hemduttdabral/Downloads/proj-api-volume-dump/625ad8f2-3e3d-4899-b477-340ed03ed9e5/workspace/projects/new_project_name_523572/ai_new_project_name_523572.json,'$schema' is a required property
/home/hemduttdabral/Downloads/proj-api-volume-dump/625ad8f2-3e3d-4899-b477-340ed03ed9e5/workspace/projects/new_project_name_946660/ai_new_project_name_946660.json,'$schema' is a required property
/home/hemduttdabral/Downloads/proj-api-volume-dump/625ad8f2-3e3d-4899-b477-340ed03ed9e5/workspace/projects/test_project_name_687056/ai_test_project_name_687056.json,'$schema' is a required property
/home/hemduttdabral/Downloads/proj-api-volume-dump/625ad8f2-3e3d-4899-b477-340ed03ed9e5/workspace/projects/test_project_name_761015/ai_test_project_name_761015.json,'$schema' is a required property
/home/hemduttdabral/Downloads/proj-api-volume-dump/625ad8f2-3e3d-4899-b477-340ed03ed9e5/workspace/projects/new_project_name_566565/ai_new_project_name_566565.json,'$schema' is a required property
/home/hemduttdabral/Downloads/proj-api-volume-dump/625ad8f2-3e3d-4899-b477-340ed03ed9e5/workspace/projects/new_project_name_171535/ai_new_project_name_171535.json,'$schema' is a required property
/home/hemduttdabral/Downloads/proj-api-volume-dump/625ad8f2-3e3d-4899-b477-340ed03ed9e5/workspace/projects/new_project_name_906912/ai_new_project_name_906912.json,'$schema' is a required property
/home/hemduttdabral/Downloads/proj-api-volume-dump/625ad8f2-3e3d-4899-b477-340ed03ed9e5/workspace/projects/new_project_name_716152/ai_new_project_name_716152.json,'$schema' is a required property
/home/hemduttdabral/Downloads/proj-api-volume-dump/625ad8f2-3e3d-4899-b477-340ed03ed9e5/workspace/projects/new_project_name_780347/ai_new_project_name_780347.json,'$schema' is a required property
/home/hemduttdabral/Downloads/proj-api-volume-dump/625ad8f2-3e3d-4899-b477-340ed03ed9e5/workspace/projects/new_project_name_936376/ai_new_project_name_936376.json,'$schema' is a required property
/home/hemduttdabral/Downloads/proj-api-volume-dump/625ad8f2-3e3d-4899-b477-340ed03ed9e5/workspace/projects/test_project_name_406511/ai_test_project_name_406511.json,'$schema' is a required property
/home/hemduttdabral/Downloads/proj-api-volume-dump/625ad8f2-3e3d-4899-b477-340ed03ed9e5/workspace/projects/new_project_name_680956/ai_new_project_name_680956.json,'$schema' is a required property
/home/hemduttdabral/Downloads/proj-api-volume-dump/625ad8f2-3e3d-4899-b477-340ed03ed9e5/workspace/projects/new_project_name_697193/ai_new_project_name_697193.json,'$schema' is a required property
/home/hemduttdabral/Downloads/proj-api-volume-dump/625ad8f2-3e3d-4899-b477-340ed03ed9e5/workspace/projects/new_project_name_535153/ai_new_project_name_535153.json,'$schema' is a required property
/home/hemduttdabral/Downloads/proj-api-volume-dump/625ad8f2-3e3d-4899-b477-340ed03ed9e5/workspace/projects/new_project_name_441398/ai_new_project_name_441398.json,'$schema' is a required property
/home/hemduttdabral/Downloads/proj-api-volume-dump/625ad8f2-3e3d-4899-b477-340ed03ed9e5/workspace/projects/new_project_name_931827/ai_new_project_name_931827.json,'$schema' is a required property
/home/hemduttdabral/Downloads/proj-api-volume-dump/625ad8f2-3e3d-4899-b477-340ed03ed9e5/workspace/projects/new_project_name_876221/ai_new_project_name_876221.json,'$schema' is a required property
/home/hemduttdabral/Downloads/proj-api-volume-dump/625ad8f2-3e3d-4899-b477-340ed03ed9e5/workspace/projects/new_project_name_211004/ai_new_project_name_211004.json,'$schema' is a required property
/home/hemduttdabral/Downloads/proj-api-volume-dump/625ad8f2-3e3d-4899-b477-340ed03ed9e5/workspace/projects/new_project_name_672163/ai_new_project_name_672163.json,'$schema' is a required property
/home/hemduttdabral/Downloads/proj-api-volume-dump/625ad8f2-3e3d-4899-b477-340ed03ed9e5/workspace/projects/test_project_name_726379/ai_test_project_name_726379.json,'$schema' is a required property
/home/hemduttdabral/Downloads/proj-api-volume-dump/625ad8f2-3e3d-4899-b477-340ed03ed9e5/workspace/projects/test_project_name_522672/ai_test_project_name_522672.json,'$schema' is a required property
/home/hemduttdabral/Downloads/proj-api-volume-dump/625ad8f2-3e3d-4899-b477-340ed03ed9e5/workspace/projects/test_project_name_588006/ai_test_project_name_588006.json,'$schema' is a required property
/home/hemduttdabral/Downloads/proj-api-volume-dump/625ad8f2-3e3d-4899-b477-340ed03ed9e5/workspace/projects/new_project_name_237285/ai_new_project_name_237285.json,'$schema' is a required property
/home/hemduttdabral/Downloads/proj-api-volume-dump/625ad8f2-3e3d-4899-b477-340ed03ed9e5/workspace/projects/test_project_name_658320/ai_test_project_name_658320.json,'$schema' is a required property
/home/hemduttdabral/Downloads/proj-api-volume-dump/625ad8f2-3e3d-4899-b477-340ed03ed9e5/workspace/projects/test_project_name_304872/ai_test_project_name_304872.json,'$schema' is a required property
/home/hemduttdabral/Downloads/proj-api-volume-dump/625ad8f2-3e3d-4899-b477-340ed03ed9e5/workspace/projects/test_project_name_103676/ai_test_project_name_103676.json,'$schema' is a required property
/home/hemduttdabral/Downloads/proj-api-volume-dump/625ad8f2-3e3d-4899-b477-340ed03ed9e5/workspace/projects/new_project_name_985085/ai_new_project_name_985085.json,'$schema' is a required property
/home/hemduttdabral/Downloads/proj-api-volume-dump/625ad8f2-3e3d-4899-b477-340ed03ed9e5/workspace/projects/new_project_name_189868/ai_new_project_name_189868.json,'$schema' is a required property
/home/hemduttdabral/Downloads/proj-api-volume-dump/625ad8f2-3e3d-4899-b477-340ed03ed9e5/workspace/projects/test_project_name_245261/ai_test_project_name_245261.json,'$schema' is a required property
/home/hemduttdabral/Downloads/proj-api-volume-dump/625ad8f2-3e3d-4899-b477-340ed03ed9e5/workspace/projects/test_project_name_225710/ai_test_project_name_225710.json,'$schema' is a required property
/home/hemduttdabral/Downloads/proj-api-volume-dump/625ad8f2-3e3d-4899-b477-340ed03ed9e5/workspace/projects/test_project_name_851371/ai_test_project_name_851371.json,'$schema' is a required property
/home/hemduttdabral/Downloads/proj-api-volume-dump/625ad8f2-3e3d-4899-b477-340ed03ed9e5/workspace/projects/new_project_name_282735/ai_new_project_name_282735.json,'$schema' is a required property
/home/hemduttdabral/Downloads/proj-api-volume-dump/625ad8f2-3e3d-4899-b477-340ed03ed9e5/workspace/projects/new_project_name_357554/ai_new_project_name_357554.json,'$schema' is a required property
/home/hemduttdabral/Downloads/proj-api-volume-dump/625ad8f2-3e3d-4899-b477-340ed03ed9e5/workspace/projects/test_project_name_351015/ai_test_project_name_351015.json,'$schema' is a required property
/home/hemduttdabral/Downloads/proj-api-volume-dump/625ad8f2-3e3d-4899-b477-340ed03ed9e5/workspace/projects/new_project_name_684647/ai_new_project_name_684647.json,'$schema' is a required property
/home/hemduttdabral/Downloads/proj-api-volume-dump/625ad8f2-3e3d-4899-b477-340ed03ed9e5/workspace/projects/new_project_name_220489/ai_new_project_name_220489.json,'$schema' is a required property
/home/hemduttdabral/Downloads/proj-api-volume-dump/625ad8f2-3e3d-4899-b477-340ed03ed9e5/workspace/projects/test_project_name_976191/ai_test_project_name_976191.json,'$schema' is a required property
/home/hemduttdabral/Downloads/proj-api-volume-dump/625ad8f2-3e3d-4899-b477-340ed03ed9e5/workspace/projects/new_project_name_548288/ai_new_project_name_548288.json,'$schema' is a required property
/home/hemduttdabral/Downloads/proj-api-volume-dump/625ad8f2-3e3d-4899-b477-340ed03ed9e5/workspace/projects/test_project_name_314306/ai_test_project_name_314306.json,'$schema' is a required property
/home/hemduttdabral/Downloads/proj-api-volume-dump/625ad8f2-3e3d-4899-b477-340ed03ed9e5/workspace/projects/new_project_name_499979/ai_new_project_name_499979.json,'$schema' is a required property
/home/hemduttdabral/Downloads/proj-api-volume-dump/625ad8f2-3e3d-4899-b477-340ed03ed9e5/workspace/projects/test_project_name_769066/ai_test_project_name_769066.json,'$schema' is a required property
/home/hemduttdabral/Downloads/proj-api-volume-dump/625ad8f2-3e3d-4899-b477-340ed03ed9e5/workspace/projects/new_project_name_523580/ai_new_project_name_523580.json,'$schema' is a required property
/home/hemduttdabral/Downloads/proj-api-volume-dump/625ad8f2-3e3d-4899-b477-340ed03ed9e5/workspace/projects/new_project_name_311080/ai_new_project_name_311080.json,'$schema' is a required property
/home/hemduttdabral/Downloads/proj-api-volume-dump/625ad8f2-3e3d-4899-b477-340ed03ed9e5/workspace/projects/new_project_name_243333/ai_new_project_name_243333.json,'$schema' is a required property
/home/hemduttdabral/Downloads/proj-api-volume-dump/625ad8f2-3e3d-4899-b477-340ed03ed9e5/workspace/projects/new_project_name_590458/ai_new_project_name_590458.json,'$schema' is a required property
/home/hemduttdabral/Downloads/proj-api-volume-dump/625ad8f2-3e3d-4899-b477-340ed03ed9e5/workspace/projects/test_project_name_889129/ai_test_project_name_889129.json,'$schema' is a required property
/home/hemduttdabral/Downloads/proj-api-volume-dump/625ad8f2-3e3d-4899-b477-340ed03ed9e5/workspace/projects/new_project_name_472132/ai_new_project_name_472132.json,'$schema' is a required property
/home/hemduttdabral/Downloads/proj-api-volume-dump/625ad8f2-3e3d-4899-b477-340ed03ed9e5/workspace/projects/new_project_name_717870/ai_new_project_name_717870.json,'$schema' is a required property
/home/hemduttdabral/Downloads/proj-api-volume-dump/625ad8f2-3e3d-4899-b477-340ed03ed9e5/workspace/projects/test_project_name_298130/ai_test_project_name_298130.json,'$schema' is a required property
/home/hemduttdabral/Downloads/proj-api-volume-dump/625ad8f2-3e3d-4899-b477-340ed03ed9e5/workspace/projects/test_project_name_272887/ai_test_project_name_272887.json,'$schema' is a required property
/home/hemduttdabral/Downloads/proj-api-volume-dump/625ad8f2-3e3d-4899-b477-340ed03ed9e5/workspace/projects/test_project_name_689204/ai_test_project_name_689204.json,'$schema' is a required property
/home/hemduttdabral/Downloads/proj-api-volume-dump/625ad8f2-3e3d-4899-b477-340ed03ed9e5/workspace/projects/test_project_name_514743/ai_test_project_name_514743.json,'$schema' is a required property
/home/hemduttdabral/Downloads/proj-api-volume-dump/625ad8f2-3e3d-4899-b477-340ed03ed9e5/workspace/projects/test_project_name_387390/ai_test_project_name_387390.json,'$schema' is a required property
/home/hemduttdabral/Downloads/proj-api-volume-dump/625ad8f2-3e3d-4899-b477-340ed03ed9e5/workspace/projects/test_project_name_728808/ai_test_project_name_728808.json,'$schema' is a required property
/home/hemduttdabral/Downloads/proj-api-volume-dump/625ad8f2-3e3d-4899-b477-340ed03ed9e5/workspace/projects/test_project_name_894405/ai_test_project_name_894405.json,'$schema' is a required property
/home/hemduttdabral/Downloads/proj-api-volume-dump/625ad8f2-3e3d-4899-b477-340ed03ed9e5/workspace/projects/new_project_name_195360/ai_new_project_name_195360.json,'$schema' is a required property
/home/hemduttdabral/Downloads/proj-api-volume-dump/625ad8f2-3e3d-4899-b477-340ed03ed9e5/workspace/projects/new_project_name_637309/ai_new_project_name_637309.json,'$schema' is a required property
/home/hemduttdabral/Downloads/proj-api-volume-dump/625ad8f2-3e3d-4899-b477-340ed03ed9e5/workspace/projects/new_project_name_365127/ai_new_project_name_365127.json,'$schema' is a required property
/home/hemduttdabral/Downloads/proj-api-volume-dump/625ad8f2-3e3d-4899-b477-340ed03ed9e5/workspace/projects/new_project_name_356132/ai_new_project_name_356132.json,'$schema' is a required property
/home/hemduttdabral/Downloads/proj-api-volume-dump/625ad8f2-3e3d-4899-b477-340ed03ed9e5/workspace/projects/test_project_name_257429/ai_test_project_name_257429.json,'$schema' is a required property
/home/hemduttdabral/Downloads/proj-api-volume-dump/625ad8f2-3e3d-4899-b477-340ed03ed9e5/workspace/projects/test_project_name_398777/ai_test_project_name_398777.json,'$schema' is a required property
/home/hemduttdabral/Downloads/proj-api-volume-dump/625ad8f2-3e3d-4899-b477-340ed03ed9e5/workspace/projects/test_project_name_885738/ai_test_project_name_885738.json,'$schema' is a required property
/home/hemduttdabral/Downloads/proj-api-volume-dump/625ad8f2-3e3d-4899-b477-340ed03ed9e5/workspace/projects/new_project_name_472480/ai_new_project_name_472480.json,'$schema' is a required property
/home/hemduttdabral/Downloads/proj-api-volume-dump/625ad8f2-3e3d-4899-b477-340ed03ed9e5/workspace/projects/new_project_name_551568/ai_new_project_name_551568.json,'$schema' is a required property
/home/hemduttdabral/Downloads/proj-api-volume-dump/625ad8f2-3e3d-4899-b477-340ed03ed9e5/workspace/projects/test_project_name_507602/ai_test_project_name_507602.json,'$schema' is a required property
/home/hemduttdabral/Downloads/proj-api-volume-dump/625ad8f2-3e3d-4899-b477-340ed03ed9e5/workspace/projects/test_project_name_977497/ai_test_project_name_977497.json,'$schema' is a required property
/home/hemduttdabral/Downloads/proj-api-volume-dump/625ad8f2-3e3d-4899-b477-340ed03ed9e5/workspace/projects/test_project_name_963286/ai_test_project_name_963286.json,'$schema' is a required property
/home/hemduttdabral/Downloads/proj-api-volume-dump/625ad8f2-3e3d-4899-b477-340ed03ed9e5/workspace/projects/test_project_name_493342/ai_test_project_name_493342.json,'$schema' is a required property
/home/hemduttdabral/Downloads/proj-api-volume-dump/625ad8f2-3e3d-4899-b477-340ed03ed9e5/workspace/projects/test_project_name_742040/ai_test_project_name_742040.json,'$schema' is a required property
/home/hemduttdabral/Downloads/proj-api-volume-dump/625ad8f2-3e3d-4899-b477-340ed03ed9e5/workspace/projects/test_project_name_138645/ai_test_project_name_138645.json,'$schema' is a required property
/home/hemduttdabral/Downloads/proj-api-volume-dump/625ad8f2-3e3d-4899-b477-340ed03ed9e5/workspace/projects/test_project_name_504796/ai_test_project_name_504796.json,'$schema' is a required property
/home/hemduttdabral/Downloads/proj-api-volume-dump/625ad8f2-3e3d-4899-b477-340ed03ed9e5/workspace/projects/test_project_name_449304/ai_test_project_name_449304.json,'$schema' is a required property
/home/hemduttdabral/Downloads/proj-api-volume-dump/625ad8f2-3e3d-4899-b477-340ed03ed9e5/workspace/projects/new_project_name_536766/ai_new_project_name_536766.json,'$schema' is a required property
/home/hemduttdabral/Downloads/proj-api-volume-dump/625ad8f2-3e3d-4899-b477-340ed03ed9e5/workspace/projects/test_project_name_336149/ai_test_project_name_336149.json,'$schema' is a required property
/home/hemduttdabral/Downloads/proj-api-volume-dump/625ad8f2-3e3d-4899-b477-340ed03ed9e5/workspace/projects/test_project_name_574928/ai_test_project_name_574928.json,'$schema' is a required property
/home/hemduttdabral/Downloads/proj-api-volume-dump/625ad8f2-3e3d-4899-b477-340ed03ed9e5/workspace/projects/test_project_name_303621/ai_test_project_name_303621.json,'$schema' is a required property
/home/hemduttdabral/Downloads/proj-api-volume-dump/625ad8f2-3e3d-4899-b477-340ed03ed9e5/workspace/projects/test_project_name_650041/ai_test_project_name_650041.json,'$schema' is a required property
/home/hemduttdabral/Downloads/proj-api-volume-dump/625ad8f2-3e3d-4899-b477-340ed03ed9e5/workspace/projects/new_project_name_595923/ai_new_project_name_595923.json,'$schema' is a required property
/home/hemduttdabral/Downloads/proj-api-volume-dump/625ad8f2-3e3d-4899-b477-340ed03ed9e5/workspace/projects/new_project_name_959488/ai_new_project_name_959488.json,'$schema' is a required property
/home/hemduttdabral/Downloads/proj-api-volume-dump/625ad8f2-3e3d-4899-b477-340ed03ed9e5/workspace/projects/new_project_name_898410/ai_new_project_name_898410.json,'$schema' is a required property
/home/hemduttdabral/Downloads/proj-api-volume-dump/625ad8f2-3e3d-4899-b477-340ed03ed9e5/workspace/projects/new_project_name_428270/ai_new_project_name_428270.json,'$schema' is a required property
/home/hemduttdabral/Downloads/proj-api-volume-dump/625ad8f2-3e3d-4899-b477-340ed03ed9e5/workspace/projects/test_project_name_616638/ai_test_project_name_616638.json,'$schema' is a required property
/home/hemduttdabral/Downloads/proj-api-volume-dump/625ad8f2-3e3d-4899-b477-340ed03ed9e5/workspace/projects/test_project_name_471495/ai_test_project_name_471495.json,'$schema' is a required property
/home/hemduttdabral/Downloads/proj-api-volume-dump/625ad8f2-3e3d-4899-b477-340ed03ed9e5/workspace/projects/new_project_name_302405/ai_new_project_name_302405.json,'$schema' is a required property
/home/hemduttdabral/Downloads/proj-api-volume-dump/625ad8f2-3e3d-4899-b477-340ed03ed9e5/workspace/projects/test_project_name_426995/ai_test_project_name_426995.json,'$schema' is a required property
/home/hemduttdabral/Downloads/proj-api-volume-dump/625ad8f2-3e3d-4899-b477-340ed03ed9e5/workspace/projects/new_project_name_455126/ai_new_project_name_455126.json,'$schema' is a required property
/home/hemduttdabral/Downloads/proj-api-volume-dump/625ad8f2-3e3d-4899-b477-340ed03ed9e5/workspace/projects/test_project_name_510223/ai_test_project_name_510223.json,'$schema' is a required property
/home/hemduttdabral/Downloads/proj-api-volume-dump/625ad8f2-3e3d-4899-b477-340ed03ed9e5/workspace/projects/new_project_name_882789/ai_new_project_name_882789.json,'$schema' is a required property
/home/hemduttdabral/Downloads/proj-api-volume-dump/625ad8f2-3e3d-4899-b477-340ed03ed9e5/workspace/projects/test_project_name_152545/ai_test_project_name_152545.json,'$schema' is a required property
/home/hemduttdabral/Downloads/proj-api-volume-dump/625ad8f2-3e3d-4899-b477-340ed03ed9e5/workspace/projects/new_project_name_400835/ai_new_project_name_400835.json,'$schema' is a required property
/home/hemduttdabral/Downloads/proj-api-volume-dump/625ad8f2-3e3d-4899-b477-340ed03ed9e5/workspace/projects/new_project_name_955932/ai_new_project_name_955932.json,'$schema' is a required property
/home/hemduttdabral/Downloads/proj-api-volume-dump/625ad8f2-3e3d-4899-b477-340ed03ed9e5/workspace/projects/new_project_name_896350/ai_new_project_name_896350.json,'$schema' is a required property
/home/hemduttdabral/Downloads/proj-api-volume-dump/625ad8f2-3e3d-4899-b477-340ed03ed9e5/workspace/projects/new_project_name_629945/ai_new_project_name_629945.json,'$schema' is a required property
/home/hemduttdabral/Downloads/proj-api-volume-dump/625ad8f2-3e3d-4899-b477-340ed03ed9e5/workspace/projects/new_project_name_125723/ai_new_project_name_125723.json,'$schema' is a required property
/home/hemduttdabral/Downloads/proj-api-volume-dump/625ad8f2-3e3d-4899-b477-340ed03ed9e5/workspace/projects/test_project_name_817644/ai_test_project_name_817644.json,'$schema' is a required property
/home/hemduttdabral/Downloads/proj-api-volume-dump/625ad8f2-3e3d-4899-b477-340ed03ed9e5/workspace/projects/test_project_name_837077/ai_test_project_name_837077.json,'$schema' is a required property
/home/hemduttdabral/Downloads/proj-api-volume-dump/625ad8f2-3e3d-4899-b477-340ed03ed9e5/workspace/projects/new_project_name_302906/ai_new_project_name_302906.json,'$schema' is a required property
/home/hemduttdabral/Downloads/proj-api-volume-dump/625ad8f2-3e3d-4899-b477-340ed03ed9e5/workspace/projects/test_project_name_160361/ai_test_project_name_160361.json,'$schema' is a required property
/home/hemduttdabral/Downloads/proj-api-volume-dump/625ad8f2-3e3d-4899-b477-340ed03ed9e5/workspace/projects/test_project_name_543513/ai_test_project_name_543513.json,'$schema' is a required property
/home/hemduttdabral/Downloads/proj-api-volume-dump/625ad8f2-3e3d-4899-b477-340ed03ed9e5/workspace/projects/new_project_name_244798/ai_new_project_name_244798.json,'$schema' is a required property
/home/hemduttdabral/Downloads/proj-api-volume-dump/625ad8f2-3e3d-4899-b477-340ed03ed9e5/workspace/projects/new_project_name_640480/ai_new_project_name_640480.json,'$schema' is a required property
/home/hemduttdabral/Downloads/proj-api-volume-dump/625ad8f2-3e3d-4899-b477-340ed03ed9e5/workspace/projects/new_project_name_832519/ai_new_project_name_832519.json,'$schema' is a required property
/home/hemduttdabral/Downloads/proj-api-volume-dump/625ad8f2-3e3d-4899-b477-340ed03ed9e5/workspace/projects/test_project_name_172950/ai_test_project_name_172950.json,'$schema' is a required property
/home/hemduttdabral/Downloads/proj-api-volume-dump/625ad8f2-3e3d-4899-b477-340ed03ed9e5/workspace/projects/test_project_name_574603/ai_test_project_name_574603.json,'$schema' is a required property
/home/hemduttdabral/Downloads/proj-api-volume-dump/625ad8f2-3e3d-4899-b477-340ed03ed9e5/workspace/projects/new_project_name_148609/ai_new_project_name_148609.json,'$schema' is a required property
/home/hemduttdabral/Downloads/proj-api-volume-dump/625ad8f2-3e3d-4899-b477-340ed03ed9e5/workspace/projects/new_project_name_594690/ai_new_project_name_594690.json,'$schema' is a required property
/home/hemduttdabral/Downloads/proj-api-volume-dump/625ad8f2-3e3d-4899-b477-340ed03ed9e5/workspace/projects/test_project_name_106246/ai_test_project_name_106246.json,'$schema' is a required property
/home/hemduttdabral/Downloads/proj-api-volume-dump/625ad8f2-3e3d-4899-b477-340ed03ed9e5/workspace/projects/test_project_name_625611/ai_test_project_name_625611.json,'$schema' is a required property
/home/hemduttdabral/Downloads/proj-api-volume-dump/625ad8f2-3e3d-4899-b477-340ed03ed9e5/workspace/projects/test_project_name_693006/ai_test_project_name_693006.json,'$schema' is a required property
/home/hemduttdabral/Downloads/proj-api-volume-dump/625ad8f2-3e3d-4899-b477-340ed03ed9e5/workspace/projects/test_project_name_134493/ai_test_project_name_134493.json,'$schema' is a required property
/home/hemduttdabral/Downloads/proj-api-volume-dump/625ad8f2-3e3d-4899-b477-340ed03ed9e5/workspace/projects/new_project_name_978115/ai_new_project_name_978115.json,'$schema' is a required property
/home/hemduttdabral/Downloads/proj-api-volume-dump/625ad8f2-3e3d-4899-b477-340ed03ed9e5/workspace/projects/test_project_name_753861/ai_test_project_name_753861.json,'$schema' is a required property
/home/hemduttdabral/Downloads/proj-api-volume-dump/625ad8f2-3e3d-4899-b477-340ed03ed9e5/workspace/projects/test_project_name_910270/ai_test_project_name_910270.json,'$schema' is a required property
/home/hemduttdabral/Downloads/proj-api-volume-dump/625ad8f2-3e3d-4899-b477-340ed03ed9e5/workspace/projects/test_project_name_919676/ai_test_project_name_919676.json,'$schema' is a required property
/home/hemduttdabral/Downloads/proj-api-volume-dump/625ad8f2-3e3d-4899-b477-340ed03ed9e5/workspace/projects/new_project_name_177291/ai_new_project_name_177291.json,'$schema' is a required property
/home/hemduttdabral/Downloads/proj-api-volume-dump/625ad8f2-3e3d-4899-b477-340ed03ed9e5/workspace/projects/test_project_name_823530/ai_test_project_name_823530.json,'$schema' is a required property
/home/hemduttdabral/Downloads/proj-api-volume-dump/625ad8f2-3e3d-4899-b477-340ed03ed9e5/workspace/projects/new_project_name_713568/ai_new_project_name_713568.json,'$schema' is a required property
/home/hemduttdabral/Downloads/proj-api-volume-dump/625ad8f2-3e3d-4899-b477-340ed03ed9e5/workspace/projects/new_project_name_558905/ai_new_project_name_558905.json,'$schema' is a required property
/home/hemduttdabral/Downloads/proj-api-volume-dump/625ad8f2-3e3d-4899-b477-340ed03ed9e5/workspace/projects/new_project_name_447647/ai_new_project_name_447647.json,'$schema' is a required property
/home/hemduttdabral/Downloads/proj-api-volume-dump/625ad8f2-3e3d-4899-b477-340ed03ed9e5/workspace/projects/test_project_name_560980/ai_test_project_name_560980.json,'$schema' is a required property
/home/hemduttdabral/Downloads/proj-api-volume-dump/625ad8f2-3e3d-4899-b477-340ed03ed9e5/workspace/projects/new_project_name_434396/ai_new_project_name_434396.json,'$schema' is a required property
/home/hemduttdabral/Downloads/proj-api-volume-dump/625ad8f2-3e3d-4899-b477-340ed03ed9e5/workspace/projects/test_project_name_545623/ai_test_project_name_545623.json,'$schema' is a required property
/home/hemduttdabral/Downloads/proj-api-volume-dump/625ad8f2-3e3d-4899-b477-340ed03ed9e5/workspace/projects/test_project_name_245402/ai_test_project_name_245402.json,'$schema' is a required property
/home/hemduttdabral/Downloads/proj-api-volume-dump/625ad8f2-3e3d-4899-b477-340ed03ed9e5/workspace/projects/new_project_name_886636/ai_new_project_name_886636.json,'$schema' is a required property
/home/hemduttdabral/Downloads/proj-api-volume-dump/625ad8f2-3e3d-4899-b477-340ed03ed9e5/workspace/projects/new_project_name_924892/ai_new_project_name_924892.json,'$schema' is a required property
/home/hemduttdabral/Downloads/proj-api-volume-dump/625ad8f2-3e3d-4899-b477-340ed03ed9e5/workspace/projects/test_project_name_390652/ai_test_project_name_390652.json,'$schema' is a required property
/home/hemduttdabral/Downloads/proj-api-volume-dump/625ad8f2-3e3d-4899-b477-340ed03ed9e5/workspace/projects/test_project_name_414376/ai_test_project_name_414376.json,'$schema' is a required property
/home/hemduttdabral/Downloads/proj-api-volume-dump/625ad8f2-3e3d-4899-b477-340ed03ed9e5/workspace/projects/new_project_name_127474/ai_new_project_name_127474.json,'$schema' is a required property
/home/hemduttdabral/Downloads/proj-api-volume-dump/625ad8f2-3e3d-4899-b477-340ed03ed9e5/workspace/projects/new_project_name_703265/ai_new_project_name_703265.json,'$schema' is a required property
/home/hemduttdabral/Downloads/proj-api-volume-dump/625ad8f2-3e3d-4899-b477-340ed03ed9e5/workspace/projects/test_project_name_561627/ai_test_project_name_561627.json,'$schema' is a required property
/home/hemduttdabral/Downloads/proj-api-volume-dump/625ad8f2-3e3d-4899-b477-340ed03ed9e5/workspace/projects/new_project_name_945500/ai_new_project_name_945500.json,'$schema' is a required property
/home/hemduttdabral/Downloads/proj-api-volume-dump/625ad8f2-3e3d-4899-b477-340ed03ed9e5/workspace/projects/test_project_name_285281/ai_test_project_name_285281.json,'$schema' is a required property
/home/hemduttdabral/Downloads/proj-api-volume-dump/625ad8f2-3e3d-4899-b477-340ed03ed9e5/workspace/projects/test_project_name_967558/ai_test_project_name_967558.json,'$schema' is a required property
/home/hemduttdabral/Downloads/proj-api-volume-dump/625ad8f2-3e3d-4899-b477-340ed03ed9e5/workspace/projects/test_project_name_275036/ai_test_project_name_275036.json,'$schema' is a required property
/home/hemduttdabral/Downloads/proj-api-volume-dump/625ad8f2-3e3d-4899-b477-340ed03ed9e5/workspace/projects/test_project_name_666825/ai_test_project_name_666825.json,'$schema' is a required property
/home/hemduttdabral/Downloads/proj-api-volume-dump/625ad8f2-3e3d-4899-b477-340ed03ed9e5/workspace/projects/new_project_name_912647/ai_new_project_name_912647.json,'$schema' is a required property
/home/hemduttdabral/Downloads/proj-api-volume-dump/625ad8f2-3e3d-4899-b477-340ed03ed9e5/workspace/projects/test_project_name_486708/ai_test_project_name_486708.json,'$schema' is a required property
/home/hemduttdabral/Downloads/proj-api-volume-dump/625ad8f2-3e3d-4899-b477-340ed03ed9e5/workspace/projects/new_project_name_275035/ai_new_project_name_275035.json,'$schema' is a required property
/home/hemduttdabral/Downloads/proj-api-volume-dump/625ad8f2-3e3d-4899-b477-340ed03ed9e5/workspace/projects/new_project_name_784925/ai_new_project_name_784925.json,'$schema' is a required property
/home/hemduttdabral/Downloads/proj-api-volume-dump/625ad8f2-3e3d-4899-b477-340ed03ed9e5/workspace/projects/test_project_name_717205/ai_test_project_name_717205.json,'$schema' is a required property
/home/hemduttdabral/Downloads/proj-api-volume-dump/625ad8f2-3e3d-4899-b477-340ed03ed9e5/workspace/projects/new_project_name_346915/ai_new_project_name_346915.json,'$schema' is a required property
/home/hemduttdabral/Downloads/proj-api-volume-dump/625ad8f2-3e3d-4899-b477-340ed03ed9e5/workspace/projects/new_project_name_603315/ai_new_project_name_603315.json,'$schema' is a required property
/home/hemduttdabral/Downloads/proj-api-volume-dump/625ad8f2-3e3d-4899-b477-340ed03ed9e5/workspace/projects/new_project_name_774807/ai_new_project_name_774807.json,'$schema' is a required property
/home/hemduttdabral/Downloads/proj-api-volume-dump/625ad8f2-3e3d-4899-b477-340ed03ed9e5/workspace/projects/new_project_name_430558/ai_new_project_name_430558.json,'$schema' is a required property
/home/hemduttdabral/Downloads/proj-api-volume-dump/625ad8f2-3e3d-4899-b477-340ed03ed9e5/workspace/projects/test_project_name_243005/ai_test_project_name_243005.json,'$schema' is a required property
/home/hemduttdabral/Downloads/proj-api-volume-dump/625ad8f2-3e3d-4899-b477-340ed03ed9e5/workspace/projects/new_project_name_163615/ai_new_project_name_163615.json,'$schema' is a required property
/home/hemduttdabral/Downloads/proj-api-volume-dump/625ad8f2-3e3d-4899-b477-340ed03ed9e5/workspace/projects/new_project_name_866791/ai_new_project_name_866791.json,'$schema' is a required property
/home/hemduttdabral/Downloads/proj-api-volume-dump/625ad8f2-3e3d-4899-b477-340ed03ed9e5/workspace/projects/test_project_name_348640/ai_test_project_name_348640.json,'$schema' is a required property
/home/hemduttdabral/Downloads/proj-api-volume-dump/625ad8f2-3e3d-4899-b477-340ed03ed9e5/workspace/projects/test_project_name_800815/ai_test_project_name_800815.json,'$schema' is a required property
/home/hemduttdabral/Downloads/proj-api-volume-dump/625ad8f2-3e3d-4899-b477-340ed03ed9e5/workspace/projects/new_project_name_876805/ai_new_project_name_876805.json,'$schema' is a required property
/home/hemduttdabral/Downloads/proj-api-volume-dump/625ad8f2-3e3d-4899-b477-340ed03ed9e5/workspace/projects/test_project_name_759612/ai_test_project_name_759612.json,'$schema' is a required property
/home/hemduttdabral/Downloads/proj-api-volume-dump/625ad8f2-3e3d-4899-b477-340ed03ed9e5/workspace/projects/new_project_name_380139/ai_new_project_name_380139.json,'$schema' is a required property
/home/hemduttdabral/Downloads/proj-api-volume-dump/625ad8f2-3e3d-4899-b477-340ed03ed9e5/workspace/projects/new_project_name_875669/ai_new_project_name_875669.json,'$schema' is a required property
/home/hemduttdabral/Downloads/proj-api-volume-dump/625ad8f2-3e3d-4899-b477-340ed03ed9e5/workspace/projects/test_project_name_645112/ai_test_project_name_645112.json,'$schema' is a required property
/home/hemduttdabral/Downloads/proj-api-volume-dump/625ad8f2-3e3d-4899-b477-340ed03ed9e5/workspace/projects/new_project_name_708900/ai_new_project_name_708900.json,'$schema' is a required property
/home/hemduttdabral/Downloads/proj-api-volume-dump/625ad8f2-3e3d-4899-b477-340ed03ed9e5/workspace/projects/new_project_name_773073/ai_new_project_name_773073.json,'$schema' is a required property
/home/hemduttdabral/Downloads/proj-api-volume-dump/625ad8f2-3e3d-4899-b477-340ed03ed9e5/workspace/projects/new_project_name_575134/ai_new_project_name_575134.json,'$schema' is a required property
/home/hemduttdabral/Downloads/proj-api-volume-dump/625ad8f2-3e3d-4899-b477-340ed03ed9e5/workspace/projects/test_project_name_928249/ai_test_project_name_928249.json,'$schema' is a required property
/home/hemduttdabral/Downloads/proj-api-volume-dump/625ad8f2-3e3d-4899-b477-340ed03ed9e5/workspace/projects/new_project_name_715473/ai_new_project_name_715473.json,'$schema' is a required property
/home/hemduttdabral/Downloads/proj-api-volume-dump/625ad8f2-3e3d-4899-b477-340ed03ed9e5/workspace/projects/test_project_name_877182/ai_test_project_name_877182.json,'$schema' is a required property
/home/hemduttdabral/Downloads/proj-api-volume-dump/625ad8f2-3e3d-4899-b477-340ed03ed9e5/workspace/projects/new_project_name_648688/ai_new_project_name_648688.json,'$schema' is a required property
/home/hemduttdabral/Downloads/proj-api-volume-dump/625ad8f2-3e3d-4899-b477-340ed03ed9e5/workspace/projects/new_project_name_117368/ai_new_project_name_117368.json,'$schema' is a required property
/home/hemduttdabral/Downloads/proj-api-volume-dump/625ad8f2-3e3d-4899-b477-340ed03ed9e5/workspace/projects/test_project_name_770697/ai_test_project_name_770697.json,'$schema' is a required property
/home/hemduttdabral/Downloads/proj-api-volume-dump/625ad8f2-3e3d-4899-b477-340ed03ed9e5/workspace/projects/new_project_name_136441/ai_new_project_name_136441.json,'$schema' is a required property
/home/hemduttdabral/Downloads/proj-api-volume-dump/625ad8f2-3e3d-4899-b477-340ed03ed9e5/workspace/projects/new_project_name_650228/ai_new_project_name_650228.json,'$schema' is a required property
/home/hemduttdabral/Downloads/proj-api-volume-dump/625ad8f2-3e3d-4899-b477-340ed03ed9e5/workspace/projects/test_project_name_844982/ai_test_project_name_844982.json,'$schema' is a required property
/home/hemduttdabral/Downloads/proj-api-volume-dump/625ad8f2-3e3d-4899-b477-340ed03ed9e5/workspace/projects/new_project_name_664224/ai_new_project_name_664224.json,'$schema' is a required property
/home/hemduttdabral/Downloads/proj-api-volume-dump/625ad8f2-3e3d-4899-b477-340ed03ed9e5/workspace/projects/test_project_name_741777/ai_test_project_name_741777.json,'$schema' is a required property
/home/hemduttdabral/Downloads/proj-api-volume-dump/625ad8f2-3e3d-4899-b477-340ed03ed9e5/workspace/projects/test_project_name_932415/ai_test_project_name_932415.json,'$schema' is a required property
/home/hemduttdabral/Downloads/proj-api-volume-dump/625ad8f2-3e3d-4899-b477-340ed03ed9e5/workspace/projects/new_project_name_895909/ai_new_project_name_895909.json,'$schema' is a required property
/home/hemduttdabral/Downloads/proj-api-volume-dump/625ad8f2-3e3d-4899-b477-340ed03ed9e5/workspace/projects/test_project_name_572775/ai_test_project_name_572775.json,'$schema' is a required property
/home/hemduttdabral/Downloads/proj-api-volume-dump/625ad8f2-3e3d-4899-b477-340ed03ed9e5/workspace/projects/test_project_name_275936/ai_test_project_name_275936.json,'$schema' is a required property
/home/hemduttdabral/Downloads/proj-api-volume-dump/625ad8f2-3e3d-4899-b477-340ed03ed9e5/workspace/projects/test_project_name_383609/ai_test_project_name_383609.json,'$schema' is a required property
/home/hemduttdabral/Downloads/proj-api-volume-dump/625ad8f2-3e3d-4899-b477-340ed03ed9e5/workspace/projects/new_project_name_144127/ai_new_project_name_144127.json,'$schema' is a required property
/home/hemduttdabral/Downloads/proj-api-volume-dump/625ad8f2-3e3d-4899-b477-340ed03ed9e5/workspace/projects/new_project_name_558154/ai_new_project_name_558154.json,'$schema' is a required property
/home/hemduttdabral/Downloads/proj-api-volume-dump/625ad8f2-3e3d-4899-b477-340ed03ed9e5/workspace/projects/test_project_name_848316/ai_test_project_name_848316.json,'$schema' is a required property
/home/hemduttdabral/Downloads/proj-api-volume-dump/625ad8f2-3e3d-4899-b477-340ed03ed9e5/workspace/projects/test_project_name_289868/ai_test_project_name_289868.json,'$schema' is a required property
/home/hemduttdabral/Downloads/proj-api-volume-dump/625ad8f2-3e3d-4899-b477-340ed03ed9e5/workspace/projects/test_project_name_332444/ai_test_project_name_332444.json,'$schema' is a required property
/home/hemduttdabral/Downloads/proj-api-volume-dump/625ad8f2-3e3d-4899-b477-340ed03ed9e5/workspace/projects/new_project_name_476279/ai_new_project_name_476279.json,'$schema' is a required property
/home/hemduttdabral/Downloads/proj-api-volume-dump/625ad8f2-3e3d-4899-b477-340ed03ed9e5/workspace/projects/new_project_name_606084/ai_new_project_name_606084.json,'$schema' is a required property
/home/hemduttdabral/Downloads/proj-api-volume-dump/625ad8f2-3e3d-4899-b477-340ed03ed9e5/workspace/projects/test_project_name_270339/ai_test_project_name_270339.json,'$schema' is a required property
/home/hemduttdabral/Downloads/proj-api-volume-dump/625ad8f2-3e3d-4899-b477-340ed03ed9e5/workspace/projects/new_project_name_661811/ai_new_project_name_661811.json,'$schema' is a required property
/home/hemduttdabral/Downloads/proj-api-volume-dump/625ad8f2-3e3d-4899-b477-340ed03ed9e5/workspace/projects/test_project_name_106324/ai_test_project_name_106324.json,'$schema' is a required property
/home/hemduttdabral/Downloads/proj-api-volume-dump/625ad8f2-3e3d-4899-b477-340ed03ed9e5/workspace/projects/new_project_name_121622/ai_new_project_name_121622.json,'$schema' is a required property
/home/hemduttdabral/Downloads/proj-api-volume-dump/625ad8f2-3e3d-4899-b477-340ed03ed9e5/workspace/projects/test_project_name_708557/ai_test_project_name_708557.json,'$schema' is a required property
/home/hemduttdabral/Downloads/proj-api-volume-dump/625ad8f2-3e3d-4899-b477-340ed03ed9e5/workspace/projects/new_project_name_934475/ai_new_project_name_934475.json,'$schema' is a required property
/home/hemduttdabral/Downloads/proj-api-volume-dump/625ad8f2-3e3d-4899-b477-340ed03ed9e5/workspace/projects/new_project_name_619357/ai_new_project_name_619357.json,'$schema' is a required property
/home/hemduttdabral/Downloads/proj-api-volume-dump/625ad8f2-3e3d-4899-b477-340ed03ed9e5/workspace/projects/test_project_name_808305/ai_test_project_name_808305.json,'$schema' is a required property
/home/hemduttdabral/Downloads/proj-api-volume-dump/625ad8f2-3e3d-4899-b477-340ed03ed9e5/workspace/projects/test_project_name_532425/ai_test_project_name_532425.json,'$schema' is a required property
/home/hemduttdabral/Downloads/proj-api-volume-dump/625ad8f2-3e3d-4899-b477-340ed03ed9e5/workspace/projects/test_project_name_657845/ai_test_project_name_657845.json,'$schema' is a required property
/home/hemduttdabral/Downloads/proj-api-volume-dump/625ad8f2-3e3d-4899-b477-340ed03ed9e5/workspace/projects/test_project_name_748036/ai_test_project_name_748036.json,'$schema' is a required property
/home/hemduttdabral/Downloads/proj-api-volume-dump/625ad8f2-3e3d-4899-b477-340ed03ed9e5/workspace/projects/test_project_name_688356/ai_test_project_name_688356.json,'$schema' is a required property
/home/hemduttdabral/Downloads/proj-api-volume-dump/625ad8f2-3e3d-4899-b477-340ed03ed9e5/workspace/projects/new_project_name_301615/ai_new_project_name_301615.json,'$schema' is a required property
/home/hemduttdabral/Downloads/proj-api-volume-dump/625ad8f2-3e3d-4899-b477-340ed03ed9e5/workspace/projects/new_project_name_680325/ai_new_project_name_680325.json,'$schema' is a required property
/home/hemduttdabral/Downloads/proj-api-volume-dump/625ad8f2-3e3d-4899-b477-340ed03ed9e5/workspace/projects/new_project_name_132598/ai_new_project_name_132598.json,'$schema' is a required property
/home/hemduttdabral/Downloads/proj-api-volume-dump/625ad8f2-3e3d-4899-b477-340ed03ed9e5/workspace/projects/test_project_name_577373/ai_test_project_name_577373.json,'$schema' is a required property
/home/hemduttdabral/Downloads/proj-api-volume-dump/625ad8f2-3e3d-4899-b477-340ed03ed9e5/workspace/projects/new_project_name_846686/ai_new_project_name_846686.json,'$schema' is a required property
/home/hemduttdabral/Downloads/proj-api-volume-dump/625ad8f2-3e3d-4899-b477-340ed03ed9e5/workspace/projects/new_project_name_167563/ai_new_project_name_167563.json,'$schema' is a required property
/home/hemduttdabral/Downloads/proj-api-volume-dump/625ad8f2-3e3d-4899-b477-340ed03ed9e5/workspace/projects/new_project_name_868309/ai_new_project_name_868309.json,'$schema' is a required property
/home/hemduttdabral/Downloads/proj-api-volume-dump/625ad8f2-3e3d-4899-b477-340ed03ed9e5/workspace/projects/test_project_name_239139/ai_test_project_name_239139.json,'$schema' is a required property
/home/hemduttdabral/Downloads/proj-api-volume-dump/625ad8f2-3e3d-4899-b477-340ed03ed9e5/workspace/projects/test_project_name_914764/ai_test_project_name_914764.json,'$schema' is a required property
/home/hemduttdabral/Downloads/proj-api-volume-dump/625ad8f2-3e3d-4899-b477-340ed03ed9e5/workspace/projects/new_project_name_192771/ai_new_project_name_192771.json,'$schema' is a required property
/home/hemduttdabral/Downloads/proj-api-volume-dump/625ad8f2-3e3d-4899-b477-340ed03ed9e5/workspace/projects/new_project_name_214273/ai_new_project_name_214273.json,'$schema' is a required property
/home/hemduttdabral/Downloads/proj-api-volume-dump/625ad8f2-3e3d-4899-b477-340ed03ed9e5/workspace/projects/new_project_name_929629/ai_new_project_name_929629.json,'$schema' is a required property
/home/hemduttdabral/Downloads/proj-api-volume-dump/64ddc5b0-aabf-4aa3-9d21-0c89e9775641/workspace/projects/Project_name_869252/ai_Project_name_869252.json,'project_owner_uuid' is a required property
/home/hemduttdabral/Downloads/proj-api-volume-dump/64ddc5b0-aabf-4aa3-9d21-0c89e9775641/workspace/projects/Project_name_447626/ai_Project_name_447626.json,'project_owner_uuid' is a required property
/home/hemduttdabral/Downloads/proj-api-volume-dump/64ddc5b0-aabf-4aa3-9d21-0c89e9775641/workspace/projects/Project_name_528329/ai_Project_name_528329.json,'project_owner_uuid' is a required property
/home/hemduttdabral/Downloads/proj-api-volume-dump/fd333ee3-8195-4386-9bca-2ac54703c5f9/workspace/projects/SegmentationTest/ai_SegmentationTest.json,'$schema' is a required property
/home/hemduttdabral/Downloads/proj-api-volume-dump/d3c6ee9e-942f-467e-82f4-717e039cb1fd/workspace/projects/Project_name_758759/ai_Project_name_758759.json,'project_owner_uuid' is a required property
/home/hemduttdabral/Downloads/proj-api-volume-dump/d2a55444-90f1-7018-9a49-b90c3a197d0b/workspace/test_proj/ai_test_proj.json,'applications' is a required property
/home/hemduttdabral/Downloads/proj-api-volume-dump/d2a55444-90f1-7018-9a49-b90c3a197d0b/workspace/projects/ExampleTestRun/ai_ExampleTestRun.json,'$schema' is a required property
/home/hemduttdabral/Downloads/proj-api-volume-dump/d2a55444-90f1-7018-9a49-b90c3a197d0b/workspace/projects/TestProject/ai_TestProject.json,'$schema' is a required property
/home/hemduttdabral/Downloads/proj-api-volume-dump/c3b1b792-9070-4e11-9e3a-e8c0c84b49ba/workspace/projects/Project_name_328141/ai_Project_name_328141.json,'project_owner_uuid' is a required property
/home/hemduttdabral/Downloads/proj-api-volume-dump/7e0d470d-2bbf-45ab-be1a-be51eee0cb0c/workspace/projects/Project_name_637385/ai_Project_name_637385.json,'project_owner_uuid' is a required property
/home/hemduttdabral/Downloads/proj-api-volume-dump/7e0d470d-2bbf-45ab-be1a-be51eee0cb0c/workspace/projects/Project_name_805826/ai_Project_name_805826.json,'project_owner_uuid' is a required property
/home/hemduttdabral/Downloads/proj-api-volume-dump/56a6b3ac-699e-4f82-9558-e8455fc57f38/workspace/projects/Project_name_496258/ai_Project_name_496258.json,'project_owner_uuid' is a required property
/home/hemduttdabral/Downloads/proj-api-volume-dump/56a6b3ac-699e-4f82-9558-e8455fc57f38/workspace/projects/Project_name_102500/ai_Project_name_102500.json,'project_owner_uuid' is a required property
/home/hemduttdabral/Downloads/proj-api-volume-dump/56a6b3ac-699e-4f82-9558-e8455fc57f38/workspace/projects/Project_name_612638/ai_Project_name_612638.json,'project_owner_uuid' is a required property
/home/hemduttdabral/Downloads/proj-api-volume-dump/5gmf0gb26eyj6zjbm5wf87qj10/workspace/projects/simpleTest/ai_simpleTest.json,'$schema' is a required property
/home/hemduttdabral/Downloads/proj-api-volume-dump/5gmf0gb26eyj6zjbm5wf87qj10/workspace/projects/testCloneShared1/ai_testCloneShared1.json,'project_owner_uuid' is a required property
/home/hemduttdabral/Downloads/proj-api-volume-dump/5gmf0gb26eyj6zjbm5wf87qj10/workspace/projects/TestPrjShared/ai_TestPrjShared.json,'$schema' is a required property
/home/hemduttdabral/Downloads/proj-api-volume-dump/5gmf0gb26eyj6zjbm5wf87qj10/workspace/projects/bug-em-shared/ai_bug-em-shared.json,'project_owner_uuid' is a required property
/home/hemduttdabral/Downloads/proj-api-volume-dump/5gmf0gb26eyj6zjbm5wf87qj10/workspace/projects/testCloneShared/ai_testCloneShared.json,'project_owner_uuid' is a required property
/home/hemduttdabral/Downloads/proj-api-volume-dump/d5e41d04-caba-4b87-a6f1-96fa9c2634af/workspace/projects/Project_name_916709/ai_Project_name_916709.json,'project_owner_uuid' is a required property
/home/hemduttdabral/Downloads/proj-api-volume-dump/d5e41d04-caba-4b87-a6f1-96fa9c2634af/workspace/projects/Project_name_573848/ai_Project_name_573848.json,'project_owner_uuid' is a required property
/home/hemduttdabral/Downloads/proj-api-volume-dump/d5e41d04-caba-4b87-a6f1-96fa9c2634af/workspace/projects/Project_name_83948/ai_Project_name_83948.json,'project_owner_uuid' is a required property
/home/hemduttdabral/Downloads/proj-api-volume-dump/d5e41d04-caba-4b87-a6f1-96fa9c2634af/workspace/projects/Project_name_690824/ai_Project_name_690824.json,'project_owner_uuid' is a required property
/home/hemduttdabral/Downloads/proj-api-volume-dump/d5e41d04-caba-4b87-a6f1-96fa9c2634af/workspace/projects/Project_name_827074/ai_Project_name_827074.json,'project_owner_uuid' is a required property
/home/hemduttdabral/Downloads/proj-api-volume-dump/d4674f19-47dd-4349-8a7e-be3c1356ba79/workspace/projects/Project_name_617210/ai_Project_name_617210.json,'project_owner_uuid' is a required property
/home/hemduttdabral/Downloads/proj-api-volume-dump/d4674f19-47dd-4349-8a7e-be3c1356ba79/workspace/projects/Project_name_208090/ai_Project_name_208090.json,'project_owner_uuid' is a required property
/home/hemduttdabral/Downloads/proj-api-volume-dump/d4674f19-47dd-4349-8a7e-be3c1356ba79/workspace/projects/Project_name_915334/ai_Project_name_915334.json,'project_owner_uuid' is a required property
/home/hemduttdabral/Downloads/proj-api-volume-dump/d4674f19-47dd-4349-8a7e-be3c1356ba79/workspace/projects/Project_name_952840/ai_Project_name_952840.json,'project_owner_uuid' is a required property
/home/hemduttdabral/Downloads/proj-api-volume-dump/5385674d-be4a-476b-bc92-234ec2a1e41a/workspace/projects/Project_name_726627/ai_Project_name_726627.json,'project_owner_uuid' is a required property
/home/hemduttdabral/Downloads/proj-api-volume-dump/e13cc6dc-6267-46a3-a4cf-7c1adf8af243/workspace/projects/Project_name_904030/ai_Project_name_904030.json,'project_owner_uuid' is a required property
/home/hemduttdabral/Downloads/proj-api-volume-dump/e13cc6dc-6267-46a3-a4cf-7c1adf8af243/workspace/projects/Project_name_496152/ai_Project_name_496152.json,'project_owner_uuid' is a required property
/home/hemduttdabral/Downloads/proj-api-volume-dump/e13cc6dc-6267-46a3-a4cf-7c1adf8af243/workspace/projects/Project_name_742448/ai_Project_name_742448.json,'project_owner_uuid' is a required property
/home/hemduttdabral/Downloads/proj-api-volume-dump/e13cc6dc-6267-46a3-a4cf-7c1adf8af243/workspace/projects/Project_name_936082/ai_Project_name_936082.json,'project_owner_uuid' is a required property
/home/hemduttdabral/Downloads/proj-api-volume-dump/4523cc92-a1ac-4f4c-b991-a6b87d04e9c9/workspace/Wifi_sensing_classification/ai_Wifi_sensing_classification.json,'applications' is a required property
/home/hemduttdabral/Downloads/proj-api-volume-dump/4523cc92-a1ac-4f4c-b991-a6b87d04e9c9/workspace/Wifi_sensing/ai_Wifi_sensing.json,'applications' is a required property
/home/hemduttdabral/Downloads/proj-api-volume-dump/4523cc92-a1ac-4f4c-b991-a6b87d04e9c9/workspace/Wifi_sensing_scartch/ai_Wifi_sensing_scartch.json,'$schema' is a required property
/home/hemduttdabral/Downloads/proj-api-volume-dump/a6890934-7ac0-4230-9a52-6eeb5ecdb275/workspace/projects/Project_name_962006/ai_Project_name_962006.json,'project_owner_uuid' is a required property
/home/hemduttdabral/Downloads/proj-api-volume-dump/a6890934-7ac0-4230-9a52-6eeb5ecdb275/workspace/projects/Project_name_300559/ai_Project_name_300559.json,'project_owner_uuid' is a required property
/home/hemduttdabral/Downloads/proj-api-volume-dump/a6890934-7ac0-4230-9a52-6eeb5ecdb275/workspace/projects/Project_name_836304/ai_Project_name_836304.json,'project_owner_uuid' is a required property
/home/hemduttdabral/Downloads/proj-api-volume-dump/25b3f1ba-b8f7-4935-85eb-eb3af515d6dd/workspace/projects/Project_name_373667/ai_Project_name_373667.json,'project_owner_uuid' is a required property
/home/hemduttdabral/Downloads/proj-api-volume-dump/25b3f1ba-b8f7-4935-85eb-eb3af515d6dd/workspace/projects/Project_name_267765/ai_Project_name_267765.json,'project_owner_uuid' is a required property
/home/hemduttdabral/Downloads/proj-api-volume-dump/25b3f1ba-b8f7-4935-85eb-eb3af515d6dd/workspace/projects/Project_name_578430/ai_Project_name_578430.json,'project_owner_uuid' is a required property
/home/hemduttdabral/Downloads/proj-api-volume-dump/25b3f1ba-b8f7-4935-85eb-eb3af515d6dd/workspace/projects/Project_name_437796/ai_Project_name_437796.json,'project_owner_uuid' is a required property
/home/hemduttdabral/Downloads/proj-api-volume-dump/25b3f1ba-b8f7-4935-85eb-eb3af515d6dd/workspace/projects/Project_name_694229/ai_Project_name_694229.json,'project_owner_uuid' is a required property
/home/hemduttdabral/Downloads/proj-api-volume-dump/03ca20d4-934c-43bf-8d3d-c36b51625861/workspace/projects/Project_name_151104/ai_Project_name_151104.json,'project_owner_uuid' is a required property
/home/hemduttdabral/Downloads/proj-api-volume-dump/b4d9ede9-e428-4da7-ad3d-b306bda3b685/workspace/projects/Project_name_756236/ai_Project_name_756236.json,'project_owner_uuid' is a required property
/home/hemduttdabral/Downloads/proj-api-volume-dump/a2a6099e-a11e-497f-ba1e-a599b16add25/workspace/projects/Project_name_24532/ai_Project_name_24532.json,'applications' is a required property
/home/hemduttdabral/Downloads/proj-api-volume-dump/713c76c4-9a1a-4882-9f99-3b079e1fd522/workspace/projects/Project_name_486157/ai_Project_name_486157.json,'project_owner_uuid' is a required property
/home/hemduttdabral/Downloads/proj-api-volume-dump/62cdf8fe-434c-4ba1-b31d-dc3d4a1ff823/workspace/projects/Project_name_282574/ai_Project_name_282574.json,'project_owner_uuid' is a required property
/home/hemduttdabral/Downloads/proj-api-volume-dump/62cdf8fe-434c-4ba1-b31d-dc3d4a1ff823/workspace/projects/Project_name_255986/ai_Project_name_255986.json,'project_owner_uuid' is a required property
/home/hemduttdabral/Downloads/proj-api-volume-dump/jkb8n3ejsjtdmfps29qx2gfk10/workspace/projects/sdadasdasd/ai_sdadasdasd.json,'$schema' is a required property
/home/hemduttdabral/Downloads/proj-api-volume-dump/16eaf407-dd00-4bd7-8a32-73cca29b3ced/workspace/projects/Project_name_788202/ai_Project_name_788202.json,'project_owner_uuid' is a required property
/home/hemduttdabral/Downloads/proj-api-volume-dump/e00afa85-9293-43e8-b3cc-1c9498fe9fe3/workspace/projects/test-project/ai_test-project.json,'$schema' is a required property
/home/hemduttdabral/Downloads/proj-api-volume-dump/dg36wbzmykzkr33fj66bnt5k10/workspace/projects/Test_Project_803/ai_Test_Project_803.json,'$schema' is a required property
/home/hemduttdabral/Downloads/proj-api-volume-dump/dg36wbzmykzkr33fj66bnt5k10/workspace/projects/test-project-803/ai_test-project-803.json,'$schema' is a required property
/home/hemduttdabral/Downloads/proj-api-volume-dump/dg36wbzmykzkr33fj66bnt5k10/workspace/projects/test-project-8003/ai_test-project-8003.json,'$schema' is a required property
/home/hemduttdabral/Downloads/proj-api-volume-dump/3f903fdb-ee50-4e21-ab70-6634491a3617/workspace/projects/Project_name_190516/ai_Project_name_190516.json,'project_owner_uuid' is a required property
/home/hemduttdabral/Downloads/proj-api-volume-dump/3f903fdb-ee50-4e21-ab70-6634491a3617/workspace/projects/Project_name_58384/ai_Project_name_58384.json,'project_owner_uuid' is a required property
/home/hemduttdabral/Downloads/proj-api-volume-dump/3f903fdb-ee50-4e21-ab70-6634491a3617/workspace/projects/Project_name_740646/ai_Project_name_740646.json,'project_owner_uuid' is a required property
/home/hemduttdabral/Downloads/proj-api-volume-dump/11bb2c77-b578-41a8-9355-1ddb334213f0/workspace/projects/Project_name_214114/ai_Project_name_214114.json,'project_owner_uuid' is a required property
/home/hemduttdabral/Downloads/proj-api-volume-dump/11bb2c77-b578-41a8-9355-1ddb334213f0/workspace/projects/Project_name_409061/ai_Project_name_409061.json,'project_owner_uuid' is a required property
/home/hemduttdabral/Downloads/proj-api-volume-dump/11bb2c77-b578-41a8-9355-1ddb334213f0/workspace/projects/Project_name_227003/ai_Project_name_227003.json,'project_owner_uuid' is a required property
/home/hemduttdabral/Downloads/proj-api-volume-dump/11bb2c77-b578-41a8-9355-1ddb334213f0/workspace/projects/Project_name_513408/ai_Project_name_513408.json,'project_owner_uuid' is a required property
/home/hemduttdabral/Downloads/proj-api-volume-dump/11bb2c77-b578-41a8-9355-1ddb334213f0/workspace/projects/Project_name_439720/ai_Project_name_439720.json,'project_owner_uuid' is a required property
/home/hemduttdabral/Downloads/proj-api-volume-dump/44547a4a-00ac-4c42-8702-0b960e78166e/workspace/projects/Project_name_630065/ai_Project_name_630065.json,'project_owner_uuid' is a required property
/home/hemduttdabral/Downloads/proj-api-volume-dump/44547a4a-00ac-4c42-8702-0b960e78166e/workspace/projects/Project_name_207895/ai_Project_name_207895.json,'project_owner_uuid' is a required property
/home/hemduttdabral/Downloads/proj-api-volume-dump/e5dfc004-7cd0-408b-b7c5-5fb1d6675469/workspace/get_started_image_classification/ai_get_started_image_classification.json,'applications' is a required property
/home/hemduttdabral/Downloads/proj-api-volume-dump/e5dfc004-7cd0-408b-b7c5-5fb1d6675469/workspace/get_started_ispu_ai_fan_monitor/ai_get_started_ispu_ai_fan_monitor.json,'applications' is a required property
/home/hemduttdabral/Downloads/proj-api-volume-dump/aaf6e357-1841-4fc6-8096-c1e7d0adae20/workspace/projects/TESTNOW/ai_TESTNOW.json,'$schema' is a required property
/home/hemduttdabral/Downloads/proj-api-volume-dump/be1ec2b6-bb71-42ab-b82f-dfd24c259755/workspace/projects/Project_name_905270/ai_Project_name_905270.json,'project_owner_uuid' is a required property
/home/hemduttdabral/Downloads/proj-api-volume-dump/be1ec2b6-bb71-42ab-b82f-dfd24c259755/workspace/projects/Project_name_122905/ai_Project_name_122905.json,'project_owner_uuid' is a required property
/home/hemduttdabral/Downloads/proj-api-volume-dump/be1ec2b6-bb71-42ab-b82f-dfd24c259755/workspace/projects/Project_name_276987/ai_Project_name_276987.json,'project_owner_uuid' is a required property
/home/hemduttdabral/Downloads/proj-api-volume-dump/be1ec2b6-bb71-42ab-b82f-dfd24c259755/workspace/projects/Project_name_975881/ai_Project_name_975881.json,'project_owner_uuid' is a required property
/home/hemduttdabral/Downloads/proj-api-volume-dump/a9c72896-b562-40ad-a508-5d5bbbf1b0f5/workspace/projects/Project_name_277373/ai_Project_name_277373.json,'project_owner_uuid' is a required property
/home/hemduttdabral/Downloads/proj-api-volume-dump/f326297b-c598-45c6-af23-4b1e618b20eb/workspace/projects/Project_name_405999/ai_Project_name_405999.json,'project_owner_uuid' is a required property
/home/hemduttdabral/Downloads/proj-api-volume-dump/f326297b-c598-45c6-af23-4b1e618b20eb/workspace/projects/Project_name_102247/ai_Project_name_102247.json,'project_owner_uuid' is a required property
/home/hemduttdabral/Downloads/proj-api-volume-dump/f326297b-c598-45c6-af23-4b1e618b20eb/workspace/projects/Project_name_765132/ai_Project_name_765132.json,'project_owner_uuid' is a required property
/home/hemduttdabral/Downloads/proj-api-volume-dump/f326297b-c598-45c6-af23-4b1e618b20eb/workspace/projects/Project_name_817697/ai_Project_name_817697.json,'project_owner_uuid' is a required property
/home/hemduttdabral/Downloads/proj-api-volume-dump/f326297b-c598-45c6-af23-4b1e618b20eb/workspace/projects/Project_name_631952/ai_Project_name_631952.json,'project_owner_uuid' is a required property
/home/hemduttdabral/Downloads/proj-api-volume-dump/3e104144-ee9d-4451-b92a-4dd509e4f65a/workspace/WiFi_Sensing/ai_WiFi_Sensing.json,'$schema' is a required property
/home/hemduttdabral/Downloads/proj-api-volume-dump/3e104144-ee9d-4451-b92a-4dd509e4f65a/workspace/gpmmz_object_detection/ai_gpmmz_object_detection.json,'applications' is a required property
/home/hemduttdabral/Downloads/proj-api-volume-dump/bacfb6bc-c5dc-4b5e-bbb3-c1f7210e37bb/workspace/projects/Project_name_906829/ai_Project_name_906829.json,'project_owner_uuid' is a required property
/home/hemduttdabral/Downloads/proj-api-volume-dump/699ff2dc-4bba-4478-ad17-33d3aad031ff/workspace/projects/20240705_automode_ux_test/ai_20240705_automode_ux_test.json,'$schema' is a required property
/home/hemduttdabral/Downloads/proj-api-volume-dump/d77d8705-c7ff-49f8-817e-a80c0c73f50a/workspace/projects/Project_name_605083/ai_Project_name_605083.json,'project_owner_uuid' is a required property
/home/hemduttdabral/Downloads/proj-api-volume-dump/0f06acfe-5650-4827-af24-94589e4dc201/workspace/projects/Project_name_909748/ai_Project_name_909748.json,'project_owner_uuid' is a required property
/home/hemduttdabral/Downloads/proj-api-volume-dump/pskxwhmydkw1m0t8nxk2nqtj10/workspace/projects/my-sat-project/ai_my-sat-project.json,'supported_applications' is a required property
/home/hemduttdabral/Downloads/proj-api-volume-dump/pskxwhmydkw1m0t8nxk2nqtj10/workspace/projects/20250904-test-1/ai_20250904-test-1.json,'supported_applications' is a required property
/home/hemduttdabral/Downloads/proj-api-volume-dump/pskxwhmydkw1m0t8nxk2nqtj10/workspace/projects/auto-expert-test/ai_auto-expert-test.json,'$schema' is a required property
/home/hemduttdabral/Downloads/proj-api-volume-dump/6q54431p8afrtk0ek21xvffk10/workspace/projects/Dataset_Project_164613/ai_Dataset_Project_164613.json,'$schema' is a required property
/home/hemduttdabral/Downloads/proj-api-volume-dump/x2yacgtda5d4cwsgnvrz1gfk10/workspace/projects/Dataset_Project_73647/ai_Dataset_Project_73647.json,'$schema' is a required property
/home/hemduttdabral/Downloads/proj-api-volume-dump/f5c5a7a8-44fb-4b16-bcef-df8dc08fae8f/workspace/test project/ai_test project.json,'$schema' is a required property
/home/hemduttdabral/Downloads/proj-api-volume-dump/f5c5a7a8-44fb-4b16-bcef-df8dc08fae8f/workspace/get_started_hvac_monitor_mlc/ai_get_started_hvac_monitor_mlc.json,'applications' is a required property
/home/hemduttdabral/Downloads/proj-api-volume-dump/f5c5a7a8-44fb-4b16-bcef-df8dc08fae8f/workspace/get_started_asset_tracking_mlc/ai_get_started_asset_tracking_mlc.json,'applications' is a required property
/home/hemduttdabral/Downloads/proj-api-volume-dump/f5c5a7a8-44fb-4b16-bcef-df8dc08fae8f/workspace/test ispu/ai_test ispu.json,'applications' is a required property
/home/hemduttdabral/Downloads/proj-api-volume-dump/f5c5a7a8-44fb-4b16-bcef-df8dc08fae8f/workspace/get_started_har_monitor_mlc/ai_get_started_har_monitor_mlc.json,'applications' is a required property
/home/hemduttdabral/Downloads/proj-api-volume-dump/f5c5a7a8-44fb-4b16-bcef-df8dc08fae8f/workspace/projects/my_asset_tracking/ai_my_asset_tracking.json,'project_owner_uuid' is a required property
/home/hemduttdabral/Downloads/proj-api-volume-dump/e47bme9zyvm413x07dqhzdfk10/workspace/projects/Dataset_Project_49090/ai_Dataset_Project_49090.json,'$schema' is a required property
/home/hemduttdabral/Downloads/proj-api-volume-dump/fb007629-0ddf-4351-b521-174058e6cdde/workspace/projects/Project_name_369375/ai_Project_name_369375.json,'project_owner_uuid' is a required property
/home/hemduttdabral/Downloads/proj-api-volume-dump/fb007629-0ddf-4351-b521-174058e6cdde/workspace/projects/Project_name_622101/ai_Project_name_622101.json,'project_owner_uuid' is a required property
/home/hemduttdabral/Downloads/proj-api-volume-dump/fb007629-0ddf-4351-b521-174058e6cdde/workspace/projects/Project_name_972421/ai_Project_name_972421.json,'project_owner_uuid' is a required property
/home/hemduttdabral/Downloads/proj-api-volume-dump/fb007629-0ddf-4351-b521-174058e6cdde/workspace/projects/Project_name_437449/ai_Project_name_437449.json,'project_owner_uuid' is a required property
/home/hemduttdabral/Downloads/proj-api-volume-dump/fb007629-0ddf-4351-b521-174058e6cdde/workspace/projects/Project_name_959294/ai_Project_name_959294.json,'project_owner_uuid' is a required property
/home/hemduttdabral/Downloads/proj-api-volume-dump/3e087d59-e7d3-45c6-9863-7314b265e6bd/workspace/projects/Project_name_355087/ai_Project_name_355087.json,'project_owner_uuid' is a required property
/home/hemduttdabral/Downloads/proj-api-volume-dump/3e087d59-e7d3-45c6-9863-7314b265e6bd/workspace/projects/Project_name_303694/ai_Project_name_303694.json,'project_owner_uuid' is a required property
/home/hemduttdabral/Downloads/proj-api-volume-dump/3e087d59-e7d3-45c6-9863-7314b265e6bd/workspace/projects/Project_name_8081/ai_Project_name_8081.json,'project_owner_uuid' is a required property
/home/hemduttdabral/Downloads/proj-api-volume-dump/a86a0d04-6b7d-4717-9685-cd329b1afc86/workspace/projects/Project_name_860075/ai_Project_name_860075.json,'project_owner_uuid' is a required property
/home/hemduttdabral/Downloads/proj-api-volume-dump/a86a0d04-6b7d-4717-9685-cd329b1afc86/workspace/projects/Project_name_381714/ai_Project_name_381714.json,'project_owner_uuid' is a required property
/home/hemduttdabral/Downloads/proj-api-volume-dump/a86a0d04-6b7d-4717-9685-cd329b1afc86/workspace/projects/Project_name_197067/ai_Project_name_197067.json,'project_owner_uuid' is a required property
/home/hemduttdabral/Downloads/proj-api-volume-dump/f2ef69cc-2447-41d2-b957-53fcc22ce08d/workspace/projects/Project_name_244741/ai_Project_name_244741.json,'project_owner_uuid' is a required property
/home/hemduttdabral/Downloads/proj-api-volume-dump/8f737aaa-7611-4900-9f6b-10e67137101c/workspace/projects/Project_name_911384/ai_Project_name_911384.json,'project_owner_uuid' is a required property
/home/hemduttdabral/Downloads/proj-api-volume-dump/8f737aaa-7611-4900-9f6b-10e67137101c/workspace/projects/Project_name_637308/ai_Project_name_637308.json,'project_owner_uuid' is a required property
/home/hemduttdabral/Downloads/proj-api-volume-dump/8f737aaa-7611-4900-9f6b-10e67137101c/workspace/projects/Project_name_311401/ai_Project_name_311401.json,'project_owner_uuid' is a required property
/home/hemduttdabral/Downloads/proj-api-volume-dump/9fb7c89c-f412-41ae-a5ce-e2edd18d2250/workspace/projects/test_case/ai_test_case.json,'applications' is a required property
/home/hemduttdabral/Downloads/proj-api-volume-dump/c85dd6f0-9aa6-4b0e-9bfc-1067ab42115b/workspace/projects/Project_name_508276/ai_Project_name_508276.json,'project_owner_uuid' is a required property
/home/hemduttdabral/Downloads/proj-api-volume-dump/c85dd6f0-9aa6-4b0e-9bfc-1067ab42115b/workspace/projects/Project_name_306667/ai_Project_name_306667.json,'project_owner_uuid' is a required property
/home/hemduttdabral/Downloads/proj-api-volume-dump/c85dd6f0-9aa6-4b0e-9bfc-1067ab42115b/workspace/projects/Project_name_484/ai_Project_name_484.json,'project_owner_uuid' is a required property
/home/hemduttdabral/Downloads/proj-api-volume-dump/e03e409d-1699-438c-b922-c4cf0cb433ce/workspace/projects/Project_name_828277/ai_Project_name_828277.json,'project_owner_uuid' is a required property
/home/hemduttdabral/Downloads/proj-api-volume-dump/e03e409d-1699-438c-b922-c4cf0cb433ce/workspace/projects/Project_name_987466/ai_Project_name_987466.json,'project_owner_uuid' is a required property
/home/hemduttdabral/Downloads/proj-api-volume-dump/e03e409d-1699-438c-b922-c4cf0cb433ce/workspace/projects/Project_name_864273/ai_Project_name_864273.json,'project_owner_uuid' is a required property
/home/hemduttdabral/Downloads/proj-api-volume-dump/e03e409d-1699-438c-b922-c4cf0cb433ce/workspace/projects/Project_name_341599/ai_Project_name_341599.json,'project_owner_uuid' is a required property
/home/hemduttdabral/Downloads/proj-api-volume-dump/2fa021fe-8b1f-484d-a0ff-8cb56f0bac9e/workspace/projects/Project_name_938206/ai_Project_name_938206.json,'project_owner_uuid' is a required property
/home/hemduttdabral/Downloads/proj-api-volume-dump/b3b809e9-aff1-4dfe-b82d-99e2a64a08b2/workspace/projects/Project_name_313287/ai_Project_name_313287.json,'project_owner_uuid' is a required property
/home/hemduttdabral/Downloads/proj-api-volume-dump/b3b809e9-aff1-4dfe-b82d-99e2a64a08b2/workspace/projects/Project_name_319702/ai_Project_name_319702.json,'project_owner_uuid' is a required property
/home/hemduttdabral/Downloads/proj-api-volume-dump/b3b809e9-aff1-4dfe-b82d-99e2a64a08b2/workspace/projects/Project_name_177800/ai_Project_name_177800.json,'project_owner_uuid' is a required property
/home/hemduttdabral/Downloads/proj-api-volume-dump/ad915703-832f-4b70-b76f-5a7dd9ea4d90/workspace/projects/Project_name_785334/ai_Project_name_785334.json,'project_owner_uuid' is a required property
/home/hemduttdabral/Downloads/proj-api-volume-dump/7c79689a-f6ab-400f-814e-e76ac3469acf/workspace/projects/Project_name_7199/ai_Project_name_7199.json,'project_owner_uuid' is a required property
/home/hemduttdabral/Downloads/proj-api-volume-dump/7c79689a-f6ab-400f-814e-e76ac3469acf/workspace/projects/Project_name_437271/ai_Project_name_437271.json,'project_owner_uuid' is a required property
/home/hemduttdabral/Downloads/proj-api-volume-dump/6c354881-0abb-46bc-b8b8-eccababaf3d4/workspace/projects/Project_name_364819/ai_Project_name_364819.json,'project_owner_uuid' is a required property
/home/hemduttdabral/Downloads/proj-api-volume-dump/6c354881-0abb-46bc-b8b8-eccababaf3d4/workspace/projects/Project_name_337596/ai_Project_name_337596.json,'project_owner_uuid' is a required property
/home/hemduttdabral/Downloads/proj-api-volume-dump/6c354881-0abb-46bc-b8b8-eccababaf3d4/workspace/projects/Project_name_768292/ai_Project_name_768292.json,'project_owner_uuid' is a required property
/home/hemduttdabral/Downloads/proj-api-volume-dump/6c354881-0abb-46bc-b8b8-eccababaf3d4/workspace/projects/Project_name_179516/ai_Project_name_179516.json,'project_owner_uuid' is a required property
/home/hemduttdabral/Downloads/proj-api-volume-dump/6c354881-0abb-46bc-b8b8-eccababaf3d4/workspace/projects/Project_name_154770/ai_Project_name_154770.json,'project_owner_uuid' is a required property
/home/hemduttdabral/Downloads/proj-api-volume-dump/185f143d-7ec4-45a8-9c17-9feba4498c86/workspace/projects/Project_name_893065/ai_Project_name_893065.json,'project_owner_uuid' is a required property
/home/hemduttdabral/Downloads/proj-api-volume-dump/185f143d-7ec4-45a8-9c17-9feba4498c86/workspace/projects/Project_name_849164/ai_Project_name_849164.json,'project_owner_uuid' is a required property
/home/hemduttdabral/Downloads/proj-api-volume-dump/185f143d-7ec4-45a8-9c17-9feba4498c86/workspace/projects/Project_name_420832/ai_Project_name_420832.json,'project_owner_uuid' is a required property
/home/hemduttdabral/Downloads/proj-api-volume-dump/185f143d-7ec4-45a8-9c17-9feba4498c86/workspace/projects/Project_name_89841/ai_Project_name_89841.json,'project_owner_uuid' is a required property
/home/hemduttdabral/Downloads/proj-api-volume-dump/185f143d-7ec4-45a8-9c17-9feba4498c86/workspace/projects/Project_name_615950/ai_Project_name_615950.json,'project_owner_uuid' is a required property
/home/hemduttdabral/Downloads/proj-api-volume-dump/adc89c42-e36c-4a3d-9267-88776116171d/workspace/projects/Project_name_514140/ai_Project_name_514140.json,'project_owner_uuid' is a required property
/home/hemduttdabral/Downloads/proj-api-volume-dump/7b2ad0f3-b75c-41a1-b2b2-d021725fb18a/workspace/get_started_image_classification99/ai_get_started_image_classification99.json,'applications' is a required property
/home/hemduttdabral/Downloads/proj-api-volume-dump/7b2ad0f3-b75c-41a1-b2b2-d021725fb18a/workspace/get_started_image_classification_101/ai_get_started_image_classification_101.json,'applications' is a required property
/home/hemduttdabral/Downloads/proj-api-volume-dump/72e55424-2031-70b8-e336-074935f590c2/workspace/projects/QuickTest/ai_QuickTest.json,'$schema' is a required property
/home/hemduttdabral/Downloads/proj-api-volume-dump/72e55424-2031-70b8-e336-074935f590c2/workspace/projects/DatasetBug/ai_DatasetBug.json,'$schema' is a required property
/home/hemduttdabral/Downloads/proj-api-volume-dump/72e55424-2031-70b8-e336-074935f590c2/workspace/projects/ProjectTeamTest_BR_US/ai_ProjectTeamTest_BR_US.json,'$schema' is a required property
/home/hemduttdabral/Downloads/proj-api-volume-dump/72e55424-2031-70b8-e336-074935f590c2/workspace/projects/test1/ai_test1.json,'$schema' is a required property
/home/hemduttdabral/Downloads/proj-api-volume-dump/9f1b8da5-2e19-46ef-a9ed-637c8fe2a331/workspace/projects/Project_name_240799/ai_Project_name_240799.json,'applications' is a required property
/home/hemduttdabral/Downloads/proj-api-volume-dump/9f1b8da5-2e19-46ef-a9ed-637c8fe2a331/workspace/projects/Project_name_468260/ai_Project_name_468260.json,'applications' is a required property
/home/hemduttdabral/Downloads/proj-api-volume-dump/9f1b8da5-2e19-46ef-a9ed-637c8fe2a331/workspace/projects/Project_name_204060/ai_Project_name_204060.json,'applications' is a required property
/home/hemduttdabral/Downloads/proj-api-volume-dump/9f1b8da5-2e19-46ef-a9ed-637c8fe2a331/workspace/projects/Project_name_47543/ai_Project_name_47543.json,'applications' is a required property
/home/hemduttdabral/Downloads/proj-api-volume-dump/49ca536f-f7b8-4483-b3d9-da8118257e15/workspace/get_started_image_classification/ai_get_started_image_classification.json,'applications' is a required property
/home/hemduttdabral/Downloads/proj-api-volume-dump/49ca536f-f7b8-4483-b3d9-da8118257e15/workspace/get_started_image_classification_NEW/ai_get_started_image_classification_NEW.json,'applications' is a required property
/home/hemduttdabral/Downloads/proj-api-volume-dump/5f26c4e0-ce3b-412c-b16c-b65db13703b6/workspace/projects/Project_name_711190/ai_Project_name_711190.json,'project_owner_uuid' is a required property
/home/hemduttdabral/Downloads/proj-api-volume-dump/5f26c4e0-ce3b-412c-b16c-b65db13703b6/workspace/projects/Project_name_197644/ai_Project_name_197644.json,'project_owner_uuid' is a required property
/home/hemduttdabral/Downloads/proj-api-volume-dump/5f26c4e0-ce3b-412c-b16c-b65db13703b6/workspace/projects/Project_name_720682/ai_Project_name_720682.json,'project_owner_uuid' is a required property
/home/hemduttdabral/Downloads/proj-api-volume-dump/5f26c4e0-ce3b-412c-b16c-b65db13703b6/workspace/projects/Project_name_971486/ai_Project_name_971486.json,'project_owner_uuid' is a required property
/home/hemduttdabral/Downloads/proj-api-volume-dump/5f26c4e0-ce3b-412c-b16c-b65db13703b6/workspace/projects/Project_name_536388/ai_Project_name_536388.json,'project_owner_uuid' is a required property
/home/hemduttdabral/Downloads/proj-api-volume-dump/63b93b6e-0d08-4e53-8d4f-cd64e456d705/workspace/projects/20240705_automode_ux_test/ai_20240705_automode_ux_test.json,'$schema' is a required property
/home/hemduttdabral/Downloads/proj-api-volume-dump/f718fb0b-666a-4841-afd3-33dc9ea504ed/workspace/projects/sat/ai_sat.json,'supported_applications' is a required property
/home/hemduttdabral/Downloads/proj-api-volume-dump/f718fb0b-666a-4841-afd3-33dc9ea504ed/workspace/projects/p/ai_p.json,'$schema' is a required property
/home/hemduttdabral/Downloads/proj-api-volume-dump/53ea12cc-21b7-4f73-841a-ce5124a6e86f/workspace/projects/Test/ai_Test.json,'$schema' is a required property
/home/hemduttdabral/Downloads/proj-api-volume-dump/66f916f1-2386-4a92-80f0-13fb55329c79/workspace/projects/testing-bluestk-error/ai_testing-bluestk-error.json,'supported_applications' is a required property
/home/hemduttdabral/Downloads/proj-api-volume-dump/66f916f1-2386-4a92-80f0-13fb55329c79/workspace/projects/test_project_name_295293/ai_test_project_name_295293.json,'$schema' is a required property
/home/hemduttdabral/Downloads/proj-api-volume-dump/66f916f1-2386-4a92-80f0-13fb55329c79/workspace/projects/test-project-816/ai_test-project-816.json,'$schema' is a required property
/home/hemduttdabral/Downloads/proj-api-volume-dump/66f916f1-2386-4a92-80f0-13fb55329c79/workspace/projects/test_project_33/ai_test_project_33.json,'$schema' is a required property
/home/hemduttdabral/Downloads/proj-api-volume-dump/66f916f1-2386-4a92-80f0-13fb55329c79/workspace/projects/tennis-clone-2/ai_tennis-clone-2.json,'supported_applications' is a required property
/home/hemduttdabral/Downloads/proj-api-volume-dump/66f916f1-2386-4a92-80f0-13fb55329c79/workspace/projects/test_project_name_735164/ai_test_project_name_735164.json,'$schema' is a required property
/home/hemduttdabral/Downloads/proj-api-volume-dump/66f916f1-2386-4a92-80f0-13fb55329c79/workspace/projects/test_project_name_801916/ai_test_project_name_801916.json,'$schema' is a required property
/home/hemduttdabral/Downloads/proj-api-volume-dump/66f916f1-2386-4a92-80f0-13fb55329c79/workspace/projects/test_project_name_462714/ai_test_project_name_462714.json,'$schema' is a required property
/home/hemduttdabral/Downloads/proj-api-volume-dump/66f916f1-2386-4a92-80f0-13fb55329c79/workspace/projects/Sharing_API_Testing/ai_Sharing_API_Testing.json,'supported_applications' is a required property
/home/hemduttdabral/Downloads/proj-api-volume-dump/66f916f1-2386-4a92-80f0-13fb55329c79/workspace/projects/test_project_name_TC_603/ai_test_project_name_TC_603.json,'$schema' is a required property
/home/hemduttdabral/Downloads/proj-api-volume-dump/66f916f1-2386-4a92-80f0-13fb55329c79/workspace/projects/test-project-2/ai_test-project-2.json,'supported_applications' is a required property
/home/hemduttdabral/Downloads/proj-api-volume-dump/66f916f1-2386-4a92-80f0-13fb55329c79/workspace/projects/test_project_name_660378/ai_test_project_name_660378.json,'$schema' is a required property
/home/hemduttdabral/Downloads/proj-api-volume-dump/fb15813e-9727-4a79-8ddb-8010c6634671/workspace/projects/Project_name_634086/ai_Project_name_634086.json,'project_owner_uuid' is a required property
/home/hemduttdabral/Downloads/proj-api-volume-dump/fb15813e-9727-4a79-8ddb-8010c6634671/workspace/projects/Project_name_949361/ai_Project_name_949361.json,'project_owner_uuid' is a required property
/home/hemduttdabral/Downloads/proj-api-volume-dump/fb15813e-9727-4a79-8ddb-8010c6634671/workspace/projects/Project_name_108379/ai_Project_name_108379.json,'project_owner_uuid' is a required property
/home/hemduttdabral/Downloads/proj-api-volume-dump/fb15813e-9727-4a79-8ddb-8010c6634671/workspace/projects/Project_name_704962/ai_Project_name_704962.json,'project_owner_uuid' is a required property
/home/hemduttdabral/Downloads/proj-api-volume-dump/612a4eb6-369c-4b77-b2e2-4652d70c4023/workspace/projects/Project_name_38335/ai_Project_name_38335.json,'project_owner_uuid' is a required property
/home/hemduttdabral/Downloads/proj-api-volume-dump/612a4eb6-369c-4b77-b2e2-4652d70c4023/workspace/projects/Project_name_353845/ai_Project_name_353845.json,'project_owner_uuid' is a required property
/home/hemduttdabral/Downloads/proj-api-volume-dump/0e78a167-8331-4622-9410-1be0d8c2f79a/workspace/projects/Project_name_294620/ai_Project_name_294620.json,'project_owner_uuid' is a required property
/home/hemduttdabral/Downloads/proj-api-volume-dump/df80eb3a-9e87-4ea2-a3cb-3020e85db57d/workspace/projects/measurements_validation/ai_measurements_validation.json,'$schema' is a required property
/home/hemduttdabral/Downloads/proj-api-volume-dump/1ac3e1ac-2d7f-4d3f-bf0d-84e0fa9ff3d0/workspace/get_started_motor_classification_mcu/ai_get_started_motor_classification_mcu.json,'applications' is a required property
/home/hemduttdabral/Downloads/proj-api-volume-dump/1ac3e1ac-2d7f-4d3f-bf0d-84e0fa9ff3d0/workspace/projects/test1/ai_test1.json,'$schema' is a required property
/home/hemduttdabral/Downloads/proj-api-volume-dump/0e2b478e-515c-42bd-a99a-7b9f14e24dae/workspace/projects/Project_name_264966/ai_Project_name_264966.json,'project_owner_uuid' is a required property
/home/hemduttdabral/Downloads/proj-api-volume-dump/5a56e730-c0ea-4a32-98cd-6dfc64f5d657/workspace/projects/Project_name_128482/ai_Project_name_128482.json,'project_owner_uuid' is a required property
/home/hemduttdabral/Downloads/proj-api-volume-dump/376496f7-ff16-448c-892d-4cae504b57ea/workspace/projects/Project_name_140936/ai_Project_name_140936.json,'project_owner_uuid' is a required property
/home/hemduttdabral/Downloads/proj-api-volume-dump/376496f7-ff16-448c-892d-4cae504b57ea/workspace/projects/Project_name_550655/ai_Project_name_550655.json,'project_owner_uuid' is a required property
/home/hemduttdabral/Downloads/proj-api-volume-dump/376496f7-ff16-448c-892d-4cae504b57ea/workspace/projects/Project_name_888326/ai_Project_name_888326.json,'project_owner_uuid' is a required property
/home/hemduttdabral/Downloads/proj-api-volume-dump/376496f7-ff16-448c-892d-4cae504b57ea/workspace/projects/Project_name_860227/ai_Project_name_860227.json,'project_owner_uuid' is a required property
/home/hemduttdabral/Downloads/proj-api-volume-dump/376496f7-ff16-448c-892d-4cae504b57ea/workspace/projects/Project_name_936327/ai_Project_name_936327.json,'project_owner_uuid' is a required property
/home/hemduttdabral/Downloads/proj-api-volume-dump/bceba9e5-4bad-495b-b955-fe85bd0f6b8d/workspace/projects/Project_name_900771/ai_Project_name_900771.json,'project_owner_uuid' is a required property
/home/hemduttdabral/Downloads/proj-api-volume-dump/bceba9e5-4bad-495b-b955-fe85bd0f6b8d/workspace/projects/Project_name_485854/ai_Project_name_485854.json,'project_owner_uuid' is a required property
/home/hemduttdabral/Downloads/proj-api-volume-dump/655ed165-70cf-4e25-ad88-d1f3d89f433e/workspace/projects/DemoForAndroid/ai_DemoForAndroid.json,'$schema' is a required property
/home/hemduttdabral/Downloads/proj-api-volume-dump/655ed165-70cf-4e25-ad88-d1f3d89f433e/workspace/projects/AndroidExample/ai_AndroidExample.json,'project_owner_uuid' is a required property
/home/hemduttdabral/Downloads/proj-api-volume-dump/655ed165-70cf-4e25-ad88-d1f3d89f433e/workspace/projects/Sample_Gesture/ai_Sample_Gesture.json,'project_owner_uuid' is a required property
/home/hemduttdabral/Downloads/proj-api-volume-dump/655ed165-70cf-4e25-ad88-d1f3d89f433e/workspace/projects/DummyData/ai_DummyData.json,'project_owner_uuid' is a required property
/home/hemduttdabral/Downloads/proj-api-volume-dump/655ed165-70cf-4e25-ad88-d1f3d89f433e/workspace/projects/RoboticsDataSet/ai_RoboticsDataSet.json,'$schema' is a required property
/home/hemduttdabral/Downloads/proj-api-volume-dump/655ed165-70cf-4e25-ad88-d1f3d89f433e/workspace/projects/sample/ai_sample.json,'$schema' is a required property
/home/hemduttdabral/Downloads/proj-api-volume-dump/655ed165-70cf-4e25-ad88-d1f3d89f433e/workspace/projects/RoboticsDataCollection/ai_RoboticsDataCollection.json,'project_owner_uuid' is a required property
/home/hemduttdabral/Downloads/proj-api-volume-dump/655ed165-70cf-4e25-ad88-d1f3d89f433e/workspace/projects/sampleHandGesture/ai_sampleHandGesture.json,'project_owner_uuid' is a required property
/home/hemduttdabral/Downloads/proj-api-volume-dump/2dc34725-d231-4494-bb73-430ec92c76e6/workspace/projects/Project_name_442468/ai_Project_name_442468.json,'project_owner_uuid' is a required property
/home/hemduttdabral/Downloads/proj-api-volume-dump/2dc34725-d231-4494-bb73-430ec92c76e6/workspace/projects/Project_name_918052/ai_Project_name_918052.json,'project_owner_uuid' is a required property
/home/hemduttdabral/Downloads/proj-api-volume-dump/2dc34725-d231-4494-bb73-430ec92c76e6/workspace/projects/Project_name_837051/ai_Project_name_837051.json,'project_owner_uuid' is a required property
/home/hemduttdabral/Downloads/proj-api-volume-dump/2dc34725-d231-4494-bb73-430ec92c76e6/workspace/projects/Project_name_45129/ai_Project_name_45129.json,'project_owner_uuid' is a required property
/home/hemduttdabral/Downloads/proj-api-volume-dump/c6b1a986-31eb-4298-a322-659db55830eb/workspace/projects/TEST/ai_TEST.json,'applications' is a required property
/home/hemduttdabral/Downloads/proj-api-volume-dump/e2d01a8c-55d0-4b58-8be6-226a4dd19da7/workspace/projects/Project_name_458315/ai_Project_name_458315.json,'project_owner_uuid' is a required property
/home/hemduttdabral/Downloads/proj-api-volume-dump/b5feedda-585f-476d-9e40-52acec908605/workspace/projects/test_project_name_512907/ai_test_project_name_512907.json,'$schema' is a required property
/home/hemduttdabral/Downloads/proj-api-volume-dump/b5feedda-585f-476d-9e40-52acec908605/workspace/projects/test_project_name_440751/ai_test_project_name_440751.json,'$schema' is a required property
/home/hemduttdabral/Downloads/proj-api-volume-dump/b5feedda-585f-476d-9e40-52acec908605/workspace/projects/test_project_name_150375/ai_test_project_name_150375.json,'$schema' is a required property
/home/hemduttdabral/Downloads/proj-api-volume-dump/b5feedda-585f-476d-9e40-52acec908605/workspace/projects/test_project_name_310123/ai_test_project_name_310123.json,'$schema' is a required property
/home/hemduttdabral/Downloads/proj-api-volume-dump/b5feedda-585f-476d-9e40-52acec908605/workspace/projects/test_project_name_252867/ai_test_project_name_252867.json,'$schema' is a required property
/home/hemduttdabral/Downloads/proj-api-volume-dump/b5feedda-585f-476d-9e40-52acec908605/workspace/projects/test_project_name_486889/ai_test_project_name_486889.json,'$schema' is a required property
/home/hemduttdabral/Downloads/proj-api-volume-dump/b5feedda-585f-476d-9e40-52acec908605/workspace/projects/test_project_name_290264/ai_test_project_name_290264.json,'$schema' is a required property
/home/hemduttdabral/Downloads/proj-api-volume-dump/b5feedda-585f-476d-9e40-52acec908605/workspace/projects/test_project_name_959602/ai_test_project_name_959602.json,'$schema' is a required property
/home/hemduttdabral/Downloads/proj-api-volume-dump/b5feedda-585f-476d-9e40-52acec908605/workspace/projects/test_project_name_203676/ai_test_project_name_203676.json,'$schema' is a required property
/home/hemduttdabral/Downloads/proj-api-volume-dump/b5feedda-585f-476d-9e40-52acec908605/workspace/projects/test_project_name_778551/ai_test_project_name_778551.json,'$schema' is a required property
/home/hemduttdabral/Downloads/proj-api-volume-dump/b5feedda-585f-476d-9e40-52acec908605/workspace/projects/test_project_name_273023/ai_test_project_name_273023.json,'$schema' is a required property
/home/hemduttdabral/Downloads/proj-api-volume-dump/b5feedda-585f-476d-9e40-52acec908605/workspace/projects/test_project_name_636788/ai_test_project_name_636788.json,'$schema' is a required property
/home/hemduttdabral/Downloads/proj-api-volume-dump/b5feedda-585f-476d-9e40-52acec908605/workspace/projects/test_project_name_654381/ai_test_project_name_654381.json,'$schema' is a required property
/home/hemduttdabral/Downloads/proj-api-volume-dump/b5feedda-585f-476d-9e40-52acec908605/workspace/projects/test_project_name_643516/ai_test_project_name_643516.json,'$schema' is a required property
/home/hemduttdabral/Downloads/proj-api-volume-dump/b5feedda-585f-476d-9e40-52acec908605/workspace/projects/test_project_name_978400/ai_test_project_name_978400.json,'$schema' is a required property
/home/hemduttdabral/Downloads/proj-api-volume-dump/b5feedda-585f-476d-9e40-52acec908605/workspace/projects/test_project_name_989867/ai_test_project_name_989867.json,'$schema' is a required property
/home/hemduttdabral/Downloads/proj-api-volume-dump/b5feedda-585f-476d-9e40-52acec908605/workspace/projects/test_project_name_591624/ai_test_project_name_591624.json,'$schema' is a required property
/home/hemduttdabral/Downloads/proj-api-volume-dump/b5feedda-585f-476d-9e40-52acec908605/workspace/projects/test_project_name_498532/ai_test_project_name_498532.json,'$schema' is a required property
/home/hemduttdabral/Downloads/proj-api-volume-dump/b5feedda-585f-476d-9e40-52acec908605/workspace/projects/test_project_name_533320/ai_test_project_name_533320.json,'$schema' is a required property
/home/hemduttdabral/Downloads/proj-api-volume-dump/b5feedda-585f-476d-9e40-52acec908605/workspace/projects/test_project_name_957378/ai_test_project_name_957378.json,'$schema' is a required property
/home/hemduttdabral/Downloads/proj-api-volume-dump/b5feedda-585f-476d-9e40-52acec908605/workspace/projects/test_project_name_634169/ai_test_project_name_634169.json,'$schema' is a required property
/home/hemduttdabral/Downloads/proj-api-volume-dump/b5feedda-585f-476d-9e40-52acec908605/workspace/projects/test_project_name_607284/ai_test_project_name_607284.json,'$schema' is a required property
/home/hemduttdabral/Downloads/proj-api-volume-dump/b5feedda-585f-476d-9e40-52acec908605/workspace/projects/test_project_name_353576/ai_test_project_name_353576.json,'$schema' is a required property
/home/hemduttdabral/Downloads/proj-api-volume-dump/b5feedda-585f-476d-9e40-52acec908605/workspace/projects/test_project_name_184806/ai_test_project_name_184806.json,'$schema' is a required property
/home/hemduttdabral/Downloads/proj-api-volume-dump/b5feedda-585f-476d-9e40-52acec908605/workspace/projects/test_project_name_893740/ai_test_project_name_893740.json,'$schema' is a required property
/home/hemduttdabral/Downloads/proj-api-volume-dump/b5feedda-585f-476d-9e40-52acec908605/workspace/projects/test_project_name_371391/ai_test_project_name_371391.json,'$schema' is a required property
/home/hemduttdabral/Downloads/proj-api-volume-dump/b5feedda-585f-476d-9e40-52acec908605/workspace/projects/test_project_name_991013/ai_test_project_name_991013.json,'$schema' is a required property
/home/hemduttdabral/Downloads/proj-api-volume-dump/b5feedda-585f-476d-9e40-52acec908605/workspace/projects/test_project_name_460844/ai_test_project_name_460844.json,'$schema' is a required property
/home/hemduttdabral/Downloads/proj-api-volume-dump/b5feedda-585f-476d-9e40-52acec908605/workspace/projects/test_project_name_319371/ai_test_project_name_319371.json,'$schema' is a required property
/home/hemduttdabral/Downloads/proj-api-volume-dump/b5feedda-585f-476d-9e40-52acec908605/workspace/projects/test_project_name_871121/ai_test_project_name_871121.json,'$schema' is a required property
/home/hemduttdabral/Downloads/proj-api-volume-dump/b5feedda-585f-476d-9e40-52acec908605/workspace/projects/test_project_name_398856/ai_test_project_name_398856.json,'$schema' is a required property
/home/hemduttdabral/Downloads/proj-api-volume-dump/b5feedda-585f-476d-9e40-52acec908605/workspace/projects/test_project_name_292355/ai_test_project_name_292355.json,'$schema' is a required property
/home/hemduttdabral/Downloads/proj-api-volume-dump/b5feedda-585f-476d-9e40-52acec908605/workspace/projects/test_project_name_429702/ai_test_project_name_429702.json,'$schema' is a required property
/home/hemduttdabral/Downloads/proj-api-volume-dump/b5feedda-585f-476d-9e40-52acec908605/workspace/projects/test_project_name_111545/ai_test_project_name_111545.json,'$schema' is a required property
/home/hemduttdabral/Downloads/proj-api-volume-dump/b5feedda-585f-476d-9e40-52acec908605/workspace/projects/test_project_name_661174/ai_test_project_name_661174.json,'$schema' is a required property
/home/hemduttdabral/Downloads/proj-api-volume-dump/b5feedda-585f-476d-9e40-52acec908605/workspace/projects/test_project_name_106941/ai_test_project_name_106941.json,'$schema' is a required property
/home/hemduttdabral/Downloads/proj-api-volume-dump/b5feedda-585f-476d-9e40-52acec908605/workspace/projects/test_project_name_950169/ai_test_project_name_950169.json,'$schema' is a required property
/home/hemduttdabral/Downloads/proj-api-volume-dump/b5feedda-585f-476d-9e40-52acec908605/workspace/projects/test_project_name_227239/ai_test_project_name_227239.json,'$schema' is a required property
/home/hemduttdabral/Downloads/proj-api-volume-dump/b5feedda-585f-476d-9e40-52acec908605/workspace/projects/test_project_name_250953/ai_test_project_name_250953.json,'$schema' is a required property
/home/hemduttdabral/Downloads/proj-api-volume-dump/b5feedda-585f-476d-9e40-52acec908605/workspace/projects/test_project_name_692127/ai_test_project_name_692127.json,'$schema' is a required property
/home/hemduttdabral/Downloads/proj-api-volume-dump/b5feedda-585f-476d-9e40-52acec908605/workspace/projects/test_project_name_991615/ai_test_project_name_991615.json,'$schema' is a required property
/home/hemduttdabral/Downloads/proj-api-volume-dump/b5feedda-585f-476d-9e40-52acec908605/workspace/projects/test_project_name_275759/ai_test_project_name_275759.json,'$schema' is a required property
/home/hemduttdabral/Downloads/proj-api-volume-dump/b5feedda-585f-476d-9e40-52acec908605/workspace/projects/test_project_name_470252/ai_test_project_name_470252.json,'$schema' is a required property
/home/hemduttdabral/Downloads/proj-api-volume-dump/b5feedda-585f-476d-9e40-52acec908605/workspace/projects/test_project_name_181335/ai_test_project_name_181335.json,'$schema' is a required property
/home/hemduttdabral/Downloads/proj-api-volume-dump/b5feedda-585f-476d-9e40-52acec908605/workspace/projects/test_project_name_782839/ai_test_project_name_782839.json,'$schema' is a required property
/home/hemduttdabral/Downloads/proj-api-volume-dump/b5feedda-585f-476d-9e40-52acec908605/workspace/projects/test_project_name_526628/ai_test_project_name_526628.json,'$schema' is a required property
/home/hemduttdabral/Downloads/proj-api-volume-dump/b5feedda-585f-476d-9e40-52acec908605/workspace/projects/test_project_name_343790/ai_test_project_name_343790.json,'$schema' is a required property
/home/hemduttdabral/Downloads/proj-api-volume-dump/b5feedda-585f-476d-9e40-52acec908605/workspace/projects/test_project_name_461774/ai_test_project_name_461774.json,'$schema' is a required property
/home/hemduttdabral/Downloads/proj-api-volume-dump/b5feedda-585f-476d-9e40-52acec908605/workspace/projects/test_project_name_550450/ai_test_project_name_550450.json,'$schema' is a required property
/home/hemduttdabral/Downloads/proj-api-volume-dump/b5feedda-585f-476d-9e40-52acec908605/workspace/projects/test_project_name_322888/ai_test_project_name_322888.json,'$schema' is a required property
/home/hemduttdabral/Downloads/proj-api-volume-dump/b5feedda-585f-476d-9e40-52acec908605/workspace/projects/test_project_name_116244/ai_test_project_name_116244.json,'$schema' is a required property
/home/hemduttdabral/Downloads/proj-api-volume-dump/b5feedda-585f-476d-9e40-52acec908605/workspace/projects/test_project_name_371516/ai_test_project_name_371516.json,'$schema' is a required property
/home/hemduttdabral/Downloads/proj-api-volume-dump/b5feedda-585f-476d-9e40-52acec908605/workspace/projects/test_project_name_993178/ai_test_project_name_993178.json,'$schema' is a required property
/home/hemduttdabral/Downloads/proj-api-volume-dump/b5feedda-585f-476d-9e40-52acec908605/workspace/projects/test_project_name_636325/ai_test_project_name_636325.json,'$schema' is a required property
/home/hemduttdabral/Downloads/proj-api-volume-dump/b5feedda-585f-476d-9e40-52acec908605/workspace/projects/test_project_name_584058/ai_test_project_name_584058.json,'$schema' is a required property
/home/hemduttdabral/Downloads/proj-api-volume-dump/b5feedda-585f-476d-9e40-52acec908605/workspace/projects/test_project_name_290859/ai_test_project_name_290859.json,'$schema' is a required property
/home/hemduttdabral/Downloads/proj-api-volume-dump/b5feedda-585f-476d-9e40-52acec908605/workspace/projects/test_project_name_339084/ai_test_project_name_339084.json,'$schema' is a required property
/home/hemduttdabral/Downloads/proj-api-volume-dump/b5feedda-585f-476d-9e40-52acec908605/workspace/projects/test_project_name_250042/ai_test_project_name_250042.json,'$schema' is a required property
/home/hemduttdabral/Downloads/proj-api-volume-dump/b5feedda-585f-476d-9e40-52acec908605/workspace/projects/test_project_name_534454/ai_test_project_name_534454.json,'$schema' is a required property
/home/hemduttdabral/Downloads/proj-api-volume-dump/b5feedda-585f-476d-9e40-52acec908605/workspace/projects/test_project_name_153718/ai_test_project_name_153718.json,'$schema' is a required property
/home/hemduttdabral/Downloads/proj-api-volume-dump/b5feedda-585f-476d-9e40-52acec908605/workspace/projects/test_project_name_578274/ai_test_project_name_578274.json,'$schema' is a required property
/home/hemduttdabral/Downloads/proj-api-volume-dump/b5feedda-585f-476d-9e40-52acec908605/workspace/projects/test_project_name_596335/ai_test_project_name_596335.json,'$schema' is a required property
/home/hemduttdabral/Downloads/proj-api-volume-dump/b5feedda-585f-476d-9e40-52acec908605/workspace/projects/test_project_name_908283/ai_test_project_name_908283.json,'$schema' is a required property
/home/hemduttdabral/Downloads/proj-api-volume-dump/b5feedda-585f-476d-9e40-52acec908605/workspace/projects/test_project_name_149601/ai_test_project_name_149601.json,'$schema' is a required property
/home/hemduttdabral/Downloads/proj-api-volume-dump/b5feedda-585f-476d-9e40-52acec908605/workspace/projects/test_project_name_954288/ai_test_project_name_954288.json,'$schema' is a required property
/home/hemduttdabral/Downloads/proj-api-volume-dump/b5feedda-585f-476d-9e40-52acec908605/workspace/projects/test_project_name_944231/ai_test_project_name_944231.json,'$schema' is a required property
/home/hemduttdabral/Downloads/proj-api-volume-dump/b5feedda-585f-476d-9e40-52acec908605/workspace/projects/test_project_name_629592/ai_test_project_name_629592.json,'$schema' is a required property
/home/hemduttdabral/Downloads/proj-api-volume-dump/b5feedda-585f-476d-9e40-52acec908605/workspace/projects/test_project_name_606264/ai_test_project_name_606264.json,'$schema' is a required property
/home/hemduttdabral/Downloads/proj-api-volume-dump/b5feedda-585f-476d-9e40-52acec908605/workspace/projects/test_project_name_221154/ai_test_project_name_221154.json,'$schema' is a required property
/home/hemduttdabral/Downloads/proj-api-volume-dump/b5feedda-585f-476d-9e40-52acec908605/workspace/projects/test_project_name_547396/ai_test_project_name_547396.json,'$schema' is a required property
/home/hemduttdabral/Downloads/proj-api-volume-dump/b5feedda-585f-476d-9e40-52acec908605/workspace/projects/test_project_name_228004/ai_test_project_name_228004.json,'$schema' is a required property
/home/hemduttdabral/Downloads/proj-api-volume-dump/b5feedda-585f-476d-9e40-52acec908605/workspace/projects/test_project_name_778342/ai_test_project_name_778342.json,'$schema' is a required property
/home/hemduttdabral/Downloads/proj-api-volume-dump/b5feedda-585f-476d-9e40-52acec908605/workspace/projects/test_project_name_150806/ai_test_project_name_150806.json,'$schema' is a required property
/home/hemduttdabral/Downloads/proj-api-volume-dump/b5feedda-585f-476d-9e40-52acec908605/workspace/projects/test_project_name_944349/ai_test_project_name_944349.json,'$schema' is a required property
/home/hemduttdabral/Downloads/proj-api-volume-dump/b5feedda-585f-476d-9e40-52acec908605/workspace/projects/test_project_name_716194/ai_test_project_name_716194.json,'$schema' is a required property
/home/hemduttdabral/Downloads/proj-api-volume-dump/b5feedda-585f-476d-9e40-52acec908605/workspace/projects/test_project_name_100112/ai_test_project_name_100112.json,'$schema' is a required property
/home/hemduttdabral/Downloads/proj-api-volume-dump/b5feedda-585f-476d-9e40-52acec908605/workspace/projects/test_project_name_284089/ai_test_project_name_284089.json,'$schema' is a required property
/home/hemduttdabral/Downloads/proj-api-volume-dump/b5feedda-585f-476d-9e40-52acec908605/workspace/projects/test_project_name_322159/ai_test_project_name_322159.json,'$schema' is a required property
/home/hemduttdabral/Downloads/proj-api-volume-dump/b5feedda-585f-476d-9e40-52acec908605/workspace/projects/test_project_name_942513/ai_test_project_name_942513.json,'$schema' is a required property
/home/hemduttdabral/Downloads/proj-api-volume-dump/b5feedda-585f-476d-9e40-52acec908605/workspace/projects/test_project_name_435060/ai_test_project_name_435060.json,'$schema' is a required property
/home/hemduttdabral/Downloads/proj-api-volume-dump/b5feedda-585f-476d-9e40-52acec908605/workspace/projects/test_project_name_664950/ai_test_project_name_664950.json,'$schema' is a required property
/home/hemduttdabral/Downloads/proj-api-volume-dump/b5feedda-585f-476d-9e40-52acec908605/workspace/projects/test_project_name_370678/ai_test_project_name_370678.json,'$schema' is a required property
/home/hemduttdabral/Downloads/proj-api-volume-dump/b5feedda-585f-476d-9e40-52acec908605/workspace/projects/test_project_name_813734/ai_test_project_name_813734.json,'$schema' is a required property
/home/hemduttdabral/Downloads/proj-api-volume-dump/b5feedda-585f-476d-9e40-52acec908605/workspace/projects/test_project_name_985251/ai_test_project_name_985251.json,'$schema' is a required property
/home/hemduttdabral/Downloads/proj-api-volume-dump/b5feedda-585f-476d-9e40-52acec908605/workspace/projects/test_project_name_351497/ai_test_project_name_351497.json,'$schema' is a required property
/home/hemduttdabral/Downloads/proj-api-volume-dump/b5feedda-585f-476d-9e40-52acec908605/workspace/projects/test_project_name_840122/ai_test_project_name_840122.json,'$schema' is a required property
/home/hemduttdabral/Downloads/proj-api-volume-dump/b5feedda-585f-476d-9e40-52acec908605/workspace/projects/test_project_name_639857/ai_test_project_name_639857.json,'$schema' is a required property
/home/hemduttdabral/Downloads/proj-api-volume-dump/b5feedda-585f-476d-9e40-52acec908605/workspace/projects/test_project_name_426997/ai_test_project_name_426997.json,'$schema' is a required property
/home/hemduttdabral/Downloads/proj-api-volume-dump/b5feedda-585f-476d-9e40-52acec908605/workspace/projects/test_project_name_550616/ai_test_project_name_550616.json,'$schema' is a required property
/home/hemduttdabral/Downloads/proj-api-volume-dump/b5feedda-585f-476d-9e40-52acec908605/workspace/projects/test_project_name_882495/ai_test_project_name_882495.json,'$schema' is a required property
/home/hemduttdabral/Downloads/proj-api-volume-dump/b5feedda-585f-476d-9e40-52acec908605/workspace/projects/test_project_name_606324/ai_test_project_name_606324.json,'$schema' is a required property
/home/hemduttdabral/Downloads/proj-api-volume-dump/b5feedda-585f-476d-9e40-52acec908605/workspace/projects/test_project_name_590697/ai_test_project_name_590697.json,'$schema' is a required property
/home/hemduttdabral/Downloads/proj-api-volume-dump/b5feedda-585f-476d-9e40-52acec908605/workspace/projects/test_project_name_810651/ai_test_project_name_810651.json,'$schema' is a required property
/home/hemduttdabral/Downloads/proj-api-volume-dump/b5feedda-585f-476d-9e40-52acec908605/workspace/projects/test_project_name_588879/ai_test_project_name_588879.json,'$schema' is a required property
/home/hemduttdabral/Downloads/proj-api-volume-dump/b5feedda-585f-476d-9e40-52acec908605/workspace/projects/test_project_name_520594/ai_test_project_name_520594.json,'$schema' is a required property
/home/hemduttdabral/Downloads/proj-api-volume-dump/b5feedda-585f-476d-9e40-52acec908605/workspace/projects/test_project_name_872614/ai_test_project_name_872614.json,'$schema' is a required property
/home/hemduttdabral/Downloads/proj-api-volume-dump/b5feedda-585f-476d-9e40-52acec908605/workspace/projects/test_project_name_600034/ai_test_project_name_600034.json,'$schema' is a required property
/home/hemduttdabral/Downloads/proj-api-volume-dump/b5feedda-585f-476d-9e40-52acec908605/workspace/projects/test_project_name_754659/ai_test_project_name_754659.json,'$schema' is a required property
/home/hemduttdabral/Downloads/proj-api-volume-dump/b5feedda-585f-476d-9e40-52acec908605/workspace/projects/test_project_name_779903/ai_test_project_name_779903.json,'$schema' is a required property
/home/hemduttdabral/Downloads/proj-api-volume-dump/b5feedda-585f-476d-9e40-52acec908605/workspace/projects/test_project_name_291023/ai_test_project_name_291023.json,'$schema' is a required property
/home/hemduttdabral/Downloads/proj-api-volume-dump/b5feedda-585f-476d-9e40-52acec908605/workspace/projects/test_project_name_413950/ai_test_project_name_413950.json,'$schema' is a required property
/home/hemduttdabral/Downloads/proj-api-volume-dump/b5feedda-585f-476d-9e40-52acec908605/workspace/projects/test_project_name_928926/ai_test_project_name_928926.json,'$schema' is a required property
/home/hemduttdabral/Downloads/proj-api-volume-dump/b5feedda-585f-476d-9e40-52acec908605/workspace/projects/test_project_name_819402/ai_test_project_name_819402.json,'$schema' is a required property
/home/hemduttdabral/Downloads/proj-api-volume-dump/b5feedda-585f-476d-9e40-52acec908605/workspace/projects/test_project_name_215848/ai_test_project_name_215848.json,'$schema' is a required property
/home/hemduttdabral/Downloads/proj-api-volume-dump/b5feedda-585f-476d-9e40-52acec908605/workspace/projects/test_project_name_998551/ai_test_project_name_998551.json,'$schema' is a required property
/home/hemduttdabral/Downloads/proj-api-volume-dump/b5feedda-585f-476d-9e40-52acec908605/workspace/projects/test_project_name_899645/ai_test_project_name_899645.json,'$schema' is a required property
/home/hemduttdabral/Downloads/proj-api-volume-dump/b5feedda-585f-476d-9e40-52acec908605/workspace/projects/test_project_name_200243/ai_test_project_name_200243.json,'$schema' is a required property
/home/hemduttdabral/Downloads/proj-api-volume-dump/b5feedda-585f-476d-9e40-52acec908605/workspace/projects/test_project_name_420479/ai_test_project_name_420479.json,'$schema' is a required property
/home/hemduttdabral/Downloads/proj-api-volume-dump/b5feedda-585f-476d-9e40-52acec908605/workspace/projects/test_project_name_119598/ai_test_project_name_119598.json,'$schema' is a required property
/home/hemduttdabral/Downloads/proj-api-volume-dump/b5feedda-585f-476d-9e40-52acec908605/workspace/projects/test_project_name_321224/ai_test_project_name_321224.json,'$schema' is a required property
/home/hemduttdabral/Downloads/proj-api-volume-dump/b5feedda-585f-476d-9e40-52acec908605/workspace/projects/test_project_name_507359/ai_test_project_name_507359.json,'$schema' is a required property
/home/hemduttdabral/Downloads/proj-api-volume-dump/b5feedda-585f-476d-9e40-52acec908605/workspace/projects/test_project_name_551367/ai_test_project_name_551367.json,'$schema' is a required property
/home/hemduttdabral/Downloads/proj-api-volume-dump/b5feedda-585f-476d-9e40-52acec908605/workspace/projects/test_project_name_109397/ai_test_project_name_109397.json,'$schema' is a required property
/home/hemduttdabral/Downloads/proj-api-volume-dump/b5feedda-585f-476d-9e40-52acec908605/workspace/projects/test_project_name_304847/ai_test_project_name_304847.json,'$schema' is a required property
/home/hemduttdabral/Downloads/proj-api-volume-dump/b5feedda-585f-476d-9e40-52acec908605/workspace/projects/test_project_name_691798/ai_test_project_name_691798.json,'$schema' is a required property
/home/hemduttdabral/Downloads/proj-api-volume-dump/b5feedda-585f-476d-9e40-52acec908605/workspace/projects/test_project_name_222566/ai_test_project_name_222566.json,'$schema' is a required property
/home/hemduttdabral/Downloads/proj-api-volume-dump/b5feedda-585f-476d-9e40-52acec908605/workspace/projects/test_project_name_805991/ai_test_project_name_805991.json,'$schema' is a required property
/home/hemduttdabral/Downloads/proj-api-volume-dump/b5feedda-585f-476d-9e40-52acec908605/workspace/projects/test_project_name_546770/ai_test_project_name_546770.json,'$schema' is a required property
/home/hemduttdabral/Downloads/proj-api-volume-dump/b3670eb4-3cec-49b8-b74b-63242f4a8767/workspace/projects/Project_name_962748/ai_Project_name_962748.json,'project_owner_uuid' is a required property
/home/hemduttdabral/Downloads/proj-api-volume-dump/b3670eb4-3cec-49b8-b74b-63242f4a8767/workspace/projects/Project_name_531343/ai_Project_name_531343.json,'project_owner_uuid' is a required property
/home/hemduttdabral/Downloads/proj-api-volume-dump/1680453a-66c8-421d-8295-069efd50f845/workspace/projects/Project_name_493784/ai_Project_name_493784.json,'project_owner_uuid' is a required property
/home/hemduttdabral/Downloads/proj-api-volume-dump/1680453a-66c8-421d-8295-069efd50f845/workspace/projects/Project_name_329087/ai_Project_name_329087.json,'project_owner_uuid' is a required property
/home/hemduttdabral/Downloads/proj-api-volume-dump/1680453a-66c8-421d-8295-069efd50f845/workspace/projects/Project_name_603358/ai_Project_name_603358.json,'project_owner_uuid' is a required property
/home/hemduttdabral/Downloads/proj-api-volume-dump/1680453a-66c8-421d-8295-069efd50f845/workspace/projects/Project_name_239514/ai_Project_name_239514.json,'project_owner_uuid' is a required property
/home/hemduttdabral/Downloads/proj-api-volume-dump/1680453a-66c8-421d-8295-069efd50f845/workspace/projects/Project_name_453738/ai_Project_name_453738.json,'project_owner_uuid' is a required property
/home/hemduttdabral/Downloads/proj-api-volume-dump/461b45a3-1fda-4729-8dfa-32bf30aa3906/workspace/projects/Project_name_877016/ai_Project_name_877016.json,'project_owner_uuid' is a required property
/home/hemduttdabral/Downloads/proj-api-volume-dump/461b45a3-1fda-4729-8dfa-32bf30aa3906/workspace/projects/Project_name_628142/ai_Project_name_628142.json,'project_owner_uuid' is a required property
/home/hemduttdabral/Downloads/proj-api-volume-dump/461b45a3-1fda-4729-8dfa-32bf30aa3906/workspace/projects/Project_name_895324/ai_Project_name_895324.json,'project_owner_uuid' is a required property
/home/hemduttdabral/Downloads/proj-api-volume-dump/461b45a3-1fda-4729-8dfa-32bf30aa3906/workspace/projects/Project_name_888647/ai_Project_name_888647.json,'project_owner_uuid' is a required property
/home/hemduttdabral/Downloads/proj-api-volume-dump/66ef9443-a0de-45ad-962b-66f4ad915535/workspace/projects/Project_name_744713/ai_Project_name_744713.json,'project_owner_uuid' is a required property
/home/hemduttdabral/Downloads/proj-api-volume-dump/bd6b30d3-4a9d-4ac5-9c5b-6f4a00c27a37/workspace/projects/Project_name_302345/ai_Project_name_302345.json,'project_owner_uuid' is a required property
/home/hemduttdabral/Downloads/proj-api-volume-dump/bd6b30d3-4a9d-4ac5-9c5b-6f4a00c27a37/workspace/projects/Project_name_300129/ai_Project_name_300129.json,'project_owner_uuid' is a required property
/home/hemduttdabral/Downloads/proj-api-volume-dump/bd6b30d3-4a9d-4ac5-9c5b-6f4a00c27a37/workspace/projects/Project_name_9548/ai_Project_name_9548.json,'project_owner_uuid' is a required property
/home/hemduttdabral/Downloads/proj-api-volume-dump/bd6b30d3-4a9d-4ac5-9c5b-6f4a00c27a37/workspace/projects/Project_name_308775/ai_Project_name_308775.json,'project_owner_uuid' is a required property
/home/hemduttdabral/Downloads/proj-api-volume-dump/2985146c-8901-4da9-87a9-d87c8f879b81/workspace/projects/Project_name_496215/ai_Project_name_496215.json,'project_owner_uuid' is a required property
/home/hemduttdabral/Downloads/proj-api-volume-dump/2985146c-8901-4da9-87a9-d87c8f879b81/workspace/projects/Project_name_782888/ai_Project_name_782888.json,'project_owner_uuid' is a required property
/home/hemduttdabral/Downloads/proj-api-volume-dump/2985146c-8901-4da9-87a9-d87c8f879b81/workspace/projects/Project_name_343409/ai_Project_name_343409.json,'project_owner_uuid' is a required property
/home/hemduttdabral/Downloads/proj-api-volume-dump/2985146c-8901-4da9-87a9-d87c8f879b81/workspace/projects/Project_name_626143/ai_Project_name_626143.json,'project_owner_uuid' is a required property
/home/hemduttdabral/Downloads/proj-api-volume-dump/5f67af31-de9a-4a69-81a2-d234607fc5de/workspace/projects/Project_name_426921/ai_Project_name_426921.json,'project_owner_uuid' is a required property
/home/hemduttdabral/Downloads/proj-api-volume-dump/92337335-3b38-429d-9cf2-2a5018b55869/workspace/projects/Project_name_557597/ai_Project_name_557597.json,'project_owner_uuid' is a required property
/home/hemduttdabral/Downloads/proj-api-volume-dump/92337335-3b38-429d-9cf2-2a5018b55869/workspace/projects/Project_name_944872/ai_Project_name_944872.json,'project_owner_uuid' is a required property
/home/hemduttdabral/Downloads/proj-api-volume-dump/92337335-3b38-429d-9cf2-2a5018b55869/workspace/projects/Project_name_385995/ai_Project_name_385995.json,'project_owner_uuid' is a required property
/home/hemduttdabral/Downloads/proj-api-volume-dump/a9904250-6193-4ca8-b4a2-5abc676fae8a/workspace/projects/Project_name_259712/ai_Project_name_259712.json,'project_owner_uuid' is a required property
/home/hemduttdabral/Downloads/proj-api-volume-dump/a9904250-6193-4ca8-b4a2-5abc676fae8a/workspace/projects/Project_name_274367/ai_Project_name_274367.json,'project_owner_uuid' is a required property
/home/hemduttdabral/Downloads/proj-api-volume-dump/508d5b02-a286-46cb-86ed-7487b1f5fd79/workspace/projects/Project_name_898065/ai_Project_name_898065.json,'project_owner_uuid' is a required property
/home/hemduttdabral/Downloads/proj-api-volume-dump/508d5b02-a286-46cb-86ed-7487b1f5fd79/workspace/projects/Project_name_71539/ai_Project_name_71539.json,'project_owner_uuid' is a required property
/home/hemduttdabral/Downloads/proj-api-volume-dump/508d5b02-a286-46cb-86ed-7487b1f5fd79/workspace/projects/Project_name_696635/ai_Project_name_696635.json,'project_owner_uuid' is a required property
/home/hemduttdabral/Downloads/proj-api-volume-dump/16f50b96-ce7b-46fc-beed-5ce5b11bb442/workspace/projects/cloned-sat/ai_cloned-sat.json,'project_owner_uuid' is a required property
/home/hemduttdabral/Downloads/proj-api-volume-dump/16f50b96-ce7b-46fc-beed-5ce5b11bb442/workspace/projects/joystick-project/ai_joystick-project.json,'$schema' is a required property
/home/hemduttdabral/Downloads/proj-api-volume-dump/19155e02-088f-4753-8eac-a8215ccd2162/workspace/projects/Project_name_809554/ai_Project_name_809554.json,'project_owner_uuid' is a required property
/home/hemduttdabral/Downloads/proj-api-volume-dump/19155e02-088f-4753-8eac-a8215ccd2162/workspace/projects/Project_name_344555/ai_Project_name_344555.json,'project_owner_uuid' is a required property
/home/hemduttdabral/Downloads/proj-api-volume-dump/96dbd0ce-3192-47b1-845f-f22175edecf9/workspace/projects/Project_name_497453/ai_Project_name_497453.json,'project_owner_uuid' is a required property
/home/hemduttdabral/Downloads/proj-api-volume-dump/96dbd0ce-3192-47b1-845f-f22175edecf9/workspace/projects/Project_name_316190/ai_Project_name_316190.json,'project_owner_uuid' is a required property
/home/hemduttdabral/Downloads/proj-api-volume-dump/96dbd0ce-3192-47b1-845f-f22175edecf9/workspace/projects/Project_name_104533/ai_Project_name_104533.json,'project_owner_uuid' is a required property
/home/hemduttdabral/Downloads/proj-api-volume-dump/96dbd0ce-3192-47b1-845f-f22175edecf9/workspace/projects/Project_name_829917/ai_Project_name_829917.json,'project_owner_uuid' is a required property
/home/hemduttdabral/Downloads/proj-api-volume-dump/ea66524a-2778-4966-a6ed-340abc5bc04b/workspace/20240402_drilling_machine/ai_20240402_drilling_machine.json,'$schema' is a required property
/home/hemduttdabral/Downloads/proj-api-volume-dump/ea66524a-2778-4966-a6ed-340abc5bc04b/workspace/240823_atr_lecce/ai_240823_atr_lecce.json,'applications' is a required property
/home/hemduttdabral/Downloads/proj-api-volume-dump/ea66524a-2778-4966-a6ed-340abc5bc04b/workspace/20240404_drilling_machine/ai_20240404_drilling_machine.json,'$schema' is a required property
/home/hemduttdabral/Downloads/proj-api-volume-dump/ea66524a-2778-4966-a6ed-340abc5bc04b/workspace/projects/test_for_sharing_bug/ai_test_for_sharing_bug.json,'supported_applications' is a required property
/home/hemduttdabral/Downloads/proj-api-volume-dump/ea66524a-2778-4966-a6ed-340abc5bc04b/workspace/projects/iot-system-test/ai_iot-system-test.json,'project_owner_uuid' is a required property
/home/hemduttdabral/Downloads/proj-api-volume-dump/ea66524a-2778-4966-a6ed-340abc5bc04b/workspace/projects/VladimirJANOUSEK/ai_VladimirJANOUSEK.json,'$schema' is a required property
/home/hemduttdabral/Downloads/proj-api-volume-dump/ea66524a-2778-4966-a6ed-340abc5bc04b/workspace/projects/my-sat-project/ai_my-sat-project.json,'supported_applications' is a required property
/home/hemduttdabral/Downloads/proj-api-volume-dump/ea66524a-2778-4966-a6ed-340abc5bc04b/workspace/projects/ble-test-ux/ai_ble-test-ux.json,'supported_applications' is a required property
/home/hemduttdabral/Downloads/proj-api-volume-dump/ea66524a-2778-4966-a6ed-340abc5bc04b/workspace/projects/mlc_odr/ai_mlc_odr.json,Invalid JSON syntax
/home/hemduttdabral/Downloads/proj-api-volume-dump/ea66524a-2778-4966-a6ed-340abc5bc04b/workspace/projects/sat-iot-system-1/ai_sat-iot-system-1.json,'supported_applications' is a required property
/home/hemduttdabral/Downloads/proj-api-volume-dump/ea66524a-2778-4966-a6ed-340abc5bc04b/workspace/projects/bug/ai_bug.json,'$schema' is a required property
/home/hemduttdabral/Downloads/proj-api-volume-dump/ea66524a-2778-4966-a6ed-340abc5bc04b/workspace/projects/my-usecase-project/ai_my-usecase-project.json,'$schema' is a required property
/home/hemduttdabral/Downloads/proj-api-volume-dump/ea66524a-2778-4966-a6ed-340abc5bc04b/workspace/projects/tennis_activity/ai_tennis_activity.json,'$schema' is a required property
/home/hemduttdabral/Downloads/proj-api-volume-dump/ea66524a-2778-4966-a6ed-340abc5bc04b/workspace/projects/20240705_automode_ux_test/ai_20240705_automode_ux_test.json,'applications' is a required property
/home/hemduttdabral/Downloads/proj-api-volume-dump/ea66524a-2778-4966-a6ed-340abc5bc04b/workspace/projects/test-wrong-names/ai_test-wrong-names.json,'$schema' is a required property
/home/hemduttdabral/Downloads/proj-api-volume-dump/ea66524a-2778-4966-a6ed-340abc5bc04b/workspace/projects/my-joystick/ai_my-joystick.json,'$schema' is a required property
/home/hemduttdabral/Downloads/proj-api-volume-dump/ea66524a-2778-4966-a6ed-340abc5bc04b/workspace/projects/old-project/ai_old-project.json,'project_owner_uuid' is a required property
/home/hemduttdabral/Downloads/proj-api-volume-dump/ea66524a-2778-4966-a6ed-340abc5bc04b/workspace/projects/project-1/ai_project-1.json,'$schema' is a required property
/home/hemduttdabral/Downloads/proj-api-volume-dump/ea66524a-2778-4966-a6ed-340abc5bc04b/workspace/projects/my-usecase-project-1/ai_my-usecase-project-1.json,'$schema' is a required property
/home/hemduttdabral/Downloads/proj-api-volume-dump/eec06b88-d833-4f9e-a4e2-2b8b86785e35/workspace/projects/new_project_name_194788/ai_new_project_name_194788.json,'$schema' is a required property
/home/hemduttdabral/Downloads/proj-api-volume-dump/eec06b88-d833-4f9e-a4e2-2b8b86785e35/workspace/projects/new_project_name_283740/ai_new_project_name_283740.json,'$schema' is a required property
/home/hemduttdabral/Downloads/proj-api-volume-dump/eec06b88-d833-4f9e-a4e2-2b8b86785e35/workspace/projects/new_project_name_498899/ai_new_project_name_498899.json,'$schema' is a required property
/home/hemduttdabral/Downloads/proj-api-volume-dump/eec06b88-d833-4f9e-a4e2-2b8b86785e35/workspace/projects/1/ai_1.json,'project_owner_uuid' is a required property
/home/hemduttdabral/Downloads/proj-api-volume-dump/eec06b88-d833-4f9e-a4e2-2b8b86785e35/workspace/projects/new_project_name_866336/ai_new_project_name_866336.json,'$schema' is a required property
/home/hemduttdabral/Downloads/proj-api-volume-dump/eec06b88-d833-4f9e-a4e2-2b8b86785e35/workspace/projects/new_project_name_946867/ai_new_project_name_946867.json,'$schema' is a required property
/home/hemduttdabral/Downloads/proj-api-volume-dump/eec06b88-d833-4f9e-a4e2-2b8b86785e35/workspace/projects/new_project_name_755993/ai_new_project_name_755993.json,'$schema' is a required property
/home/hemduttdabral/Downloads/proj-api-volume-dump/eec06b88-d833-4f9e-a4e2-2b8b86785e35/workspace/projects/new_project_name_368651/ai_new_project_name_368651.json,'$schema' is a required property
/home/hemduttdabral/Downloads/proj-api-volume-dump/eec06b88-d833-4f9e-a4e2-2b8b86785e35/workspace/projects/new_project_name_922012/ai_new_project_name_922012.json,'$schema' is a required property
/home/hemduttdabral/Downloads/proj-api-volume-dump/eec06b88-d833-4f9e-a4e2-2b8b86785e35/workspace/projects/new_project_name_364646/ai_new_project_name_364646.json,'$schema' is a required property
/home/hemduttdabral/Downloads/proj-api-volume-dump/eec06b88-d833-4f9e-a4e2-2b8b86785e35/workspace/projects/new_project_name_152431/ai_new_project_name_152431.json,'$schema' is a required property
/home/hemduttdabral/Downloads/proj-api-volume-dump/eec06b88-d833-4f9e-a4e2-2b8b86785e35/workspace/projects/new_project_name_878488/ai_new_project_name_878488.json,'$schema' is a required property
/home/hemduttdabral/Downloads/proj-api-volume-dump/eec06b88-d833-4f9e-a4e2-2b8b86785e35/workspace/projects/new_project_name_740873/ai_new_project_name_740873.json,'$schema' is a required property
/home/hemduttdabral/Downloads/proj-api-volume-dump/eec06b88-d833-4f9e-a4e2-2b8b86785e35/workspace/projects/new_project_name_471867/ai_new_project_name_471867.json,'$schema' is a required property
/home/hemduttdabral/Downloads/proj-api-volume-dump/eec06b88-d833-4f9e-a4e2-2b8b86785e35/workspace/projects/new_project_name_677242/ai_new_project_name_677242.json,'$schema' is a required property
/home/hemduttdabral/Downloads/proj-api-volume-dump/eec06b88-d833-4f9e-a4e2-2b8b86785e35/workspace/projects/new_project_name_101940/ai_new_project_name_101940.json,'$schema' is a required property
/home/hemduttdabral/Downloads/proj-api-volume-dump/eec06b88-d833-4f9e-a4e2-2b8b86785e35/workspace/projects/new_project_name_513954/ai_new_project_name_513954.json,'$schema' is a required property
/home/hemduttdabral/Downloads/proj-api-volume-dump/eec06b88-d833-4f9e-a4e2-2b8b86785e35/workspace/projects/new_project_name_832936/ai_new_project_name_832936.json,'$schema' is a required property
/home/hemduttdabral/Downloads/proj-api-volume-dump/0c4705ba-33fe-441a-8e34-2de834548fd6/workspace/projects/Project_name_382729/ai_Project_name_382729.json,'project_owner_uuid' is a required property
/home/hemduttdabral/Downloads/proj-api-volume-dump/0c4705ba-33fe-441a-8e34-2de834548fd6/workspace/projects/Project_name_517802/ai_Project_name_517802.json,'project_owner_uuid' is a required property
/home/hemduttdabral/Downloads/proj-api-volume-dump/.assets/artifacts/.assets/schemas/ai_models_schema.json,'ai_project_name' is a required property
/home/hemduttdabral/Downloads/proj-api-volume-dump/.assets/artifacts/.assets/schemas/ai_main_schema.json,'ai_project_name' is a required property
/home/hemduttdabral/Downloads/proj-api-volume-dump/.assets/artifacts/.assets/schemas/ai_deployments_schema.json,'ai_project_name' is a required property
/home/hemduttdabral/Downloads/proj-api-volume-dump/b007b6a4-9ea4-492b-9843-30e6942e647f/workspace/projects/Project_name_980605/ai_Project_name_980605.json,'project_owner_uuid' is a required property
/home/hemduttdabral/Downloads/proj-api-volume-dump/b007b6a4-9ea4-492b-9843-30e6942e647f/workspace/projects/Project_name_750550/ai_Project_name_750550.json,'project_owner_uuid' is a required property
/home/hemduttdabral/Downloads/proj-api-volume-dump/egsbag8y2gsxr1ktt5y6nt5k10/workspace/projects/test-project-833/ai_test-project-833.json,'$schema' is a required property
/home/hemduttdabral/Downloads/proj-api-volume-dump/egsbag8y2gsxr1ktt5y6nt5k10/workspace/projects/test-project-834/ai_test-project-834.json,'$schema' is a required property
/home/hemduttdabral/Downloads/proj-api-volume-dump/348c1a56-a4f6-42de-9309-c156db2fb059/workspace/projects/Project_name_288389/ai_Project_name_288389.json,'project_owner_uuid' is a required property
/home/hemduttdabral/Downloads/proj-api-volume-dump/sp4n95r2rc4he7b4rpzdpqtj10/workspace/projects/gproject1/ai_gproject1.json,'supported_applications' is a required property
/home/hemduttdabral/Downloads/proj-api-volume-dump/sp4n95r2rc4he7b4rpzdpqtj10/workspace/projects/test-project-114/ai_test-project-114.json,'supported_applications' is a required property
/home/hemduttdabral/Downloads/proj-api-volume-dump/sp4n95r2rc4he7b4rpzdpqtj10/workspace/projects/test-project-112/ai_test-project-112.json,'supported_applications' is a required property
/home/hemduttdabral/Downloads/proj-api-volume-dump/sp4n95r2rc4he7b4rpzdpqtj10/workspace/projects/test-project-110/ai_test-project-110.json,'$schema' is a required property
/home/hemduttdabral/Downloads/proj-api-volume-dump/sp4n95r2rc4he7b4rpzdpqtj10/workspace/projects/test-project-111/ai_test-project-111.json,'supported_applications' is a required property
/home/hemduttdabral/Downloads/proj-api-volume-dump/sp4n95r2rc4he7b4rpzdpqtj10/workspace/projects/group-user_project_1-clone/ai_group-user_project_1-clone.json,'supported_applications' is a required property
/home/hemduttdabral/Downloads/proj-api-volume-dump/sp4n95r2rc4he7b4rpzdpqtj10/workspace/projects/test-project-210/ai_test-project-210.json,'$schema' is a required property
/home/hemduttdabral/Downloads/proj-api-volume-dump/sp4n95r2rc4he7b4rpzdpqtj10/workspace/projects/group-user_project_2-clone/ai_group-user_project_2-clone.json,'supported_applications' is a required property
/home/hemduttdabral/Downloads/proj-api-volume-dump/sp4n95r2rc4he7b4rpzdpqtj10/workspace/projects/TBC_gproject1_clone/ai_TBC_gproject1_clone.json,'supported_applications' is a required property
/home/hemduttdabral/Downloads/proj-api-volume-dump/sp4n95r2rc4he7b4rpzdpqtj10/workspace/projects/clone-TBC-group-1/ai_clone-TBC-group-1.json,'creation_time' is a required property
/home/hemduttdabral/Downloads/proj-api-volume-dump/52795f85-729e-454d-ac11-4d880a2ecb58/workspace/projects/Project_name_826195/ai_Project_name_826195.json,'applications' is a required property
/home/hemduttdabral/Downloads/proj-api-volume-dump/52795f85-729e-454d-ac11-4d880a2ecb58/workspace/projects/Project_name_826195/ai_get_started_asset_tracking_mlc_v10.json,Invalid JSON syntax
/home/hemduttdabral/Downloads/proj-api-volume-dump/52795f85-729e-454d-ac11-4d880a2ecb58/workspace/projects/Project_name_826195/ai_get_started_asset_tracking_mlc_v10_multiple_models.json,Invalid JSON syntax
/home/hemduttdabral/Downloads/proj-api-volume-dump/2ee34198-7f3a-473e-928b-b490c8c1caaa/workspace/projects/Project_name_243897/ai_Project_name_243897.json,'project_owner_uuid' is a required property
/home/hemduttdabral/Downloads/proj-api-volume-dump/2ee34198-7f3a-473e-928b-b490c8c1caaa/workspace/projects/Project_name_458551/ai_Project_name_458551.json,'project_owner_uuid' is a required property
/home/hemduttdabral/Downloads/proj-api-volume-dump/2ee34198-7f3a-473e-928b-b490c8c1caaa/workspace/projects/Project_name_31173/ai_Project_name_31173.json,'project_owner_uuid' is a required property
/home/hemduttdabral/Downloads/proj-api-volume-dump/2ee34198-7f3a-473e-928b-b490c8c1caaa/workspace/projects/Project_name_718616/ai_Project_name_718616.json,'project_owner_uuid' is a required property
/home/hemduttdabral/Downloads/proj-api-volume-dump/113fe401-3224-49c0-97f3-485abcfc0759/workspace/projects/Project_name_84399/ai_Project_name_84399.json,'project_owner_uuid' is a required property
/home/hemduttdabral/Downloads/proj-api-volume-dump/6zbvqwkeyyzwqb2v9t1m9dfk10/workspace/projects/test/ai_test.json,'$schema' is a required property
/home/hemduttdabral/Downloads/proj-api-volume-dump/fe9a68d6-4c99-4179-829f-39034b4d2c92/workspace/projects/Project_name_97899/ai_Project_name_97899.json,'project_owner_uuid' is a required property
/home/hemduttdabral/Downloads/proj-api-volume-dump/fe9a68d6-4c99-4179-829f-39034b4d2c92/workspace/projects/Project_name_767999/ai_Project_name_767999.json,'project_owner_uuid' is a required property
/home/hemduttdabral/Downloads/proj-api-volume-dump/fe9a68d6-4c99-4179-829f-39034b4d2c92/workspace/projects/Project_name_459818/ai_Project_name_459818.json,'project_owner_uuid' is a required property
/home/hemduttdabral/Downloads/proj-api-volume-dump/fe9a68d6-4c99-4179-829f-39034b4d2c92/workspace/projects/Project_name_322462/ai_Project_name_322462.json,'project_owner_uuid' is a required property
/home/hemduttdabral/Downloads/proj-api-volume-dump/369a0f10-40bb-4f54-90d0-f2b75cfab754/workspace/projects/Project_name_426605/ai_Project_name_426605.json,'project_owner_uuid' is a required property
/home/hemduttdabral/Downloads/proj-api-volume-dump/369a0f10-40bb-4f54-90d0-f2b75cfab754/workspace/projects/Project_name_76427/ai_Project_name_76427.json,'project_owner_uuid' is a required property
/home/hemduttdabral/Downloads/proj-api-volume-dump/ddd4c545-ca05-49f0-a4a3-819b35f5a670/workspace/projects/Project_name_682916/ai_Project_name_682916.json,'project_owner_uuid' is a required property
/home/hemduttdabral/Downloads/proj-api-volume-dump/ddd4c545-ca05-49f0-a4a3-819b35f5a670/workspace/projects/Project_name_383480/ai_Project_name_383480.json,'project_owner_uuid' is a required property
/home/hemduttdabral/Downloads/proj-api-volume-dump/80c7fc83-a39d-4238-bdc8-3686dab91f27/workspace/projects/Project_name_365997/ai_Project_name_365997.json,'project_owner_uuid' is a required property
/home/hemduttdabral/Downloads/proj-api-volume-dump/80c7fc83-a39d-4238-bdc8-3686dab91f27/workspace/projects/Project_name_276758/ai_Project_name_276758.json,'project_owner_uuid' is a required property
/home/hemduttdabral/Downloads/proj-api-volume-dump/780fc7e1-9d5e-4e2f-95a1-88b0b27437cc/workspace/projects/Project_name_175989/ai_Project_name_175989.json,'project_owner_uuid' is a required property
/home/hemduttdabral/Downloads/proj-api-volume-dump/780fc7e1-9d5e-4e2f-95a1-88b0b27437cc/workspace/projects/Project_name_487072/ai_Project_name_487072.json,'project_owner_uuid' is a required property
/home/hemduttdabral/Downloads/proj-api-volume-dump/780fc7e1-9d5e-4e2f-95a1-88b0b27437cc/workspace/projects/Project_name_877933/ai_Project_name_877933.json,'project_owner_uuid' is a required property
/home/hemduttdabral/Downloads/proj-api-volume-dump/780fc7e1-9d5e-4e2f-95a1-88b0b27437cc/workspace/projects/Project_name_898245/ai_Project_name_898245.json,'project_owner_uuid' is a required property
/home/hemduttdabral/Downloads/proj-api-volume-dump/780fc7e1-9d5e-4e2f-95a1-88b0b27437cc/workspace/projects/Project_name_396517/ai_Project_name_396517.json,'project_owner_uuid' is a required property
/home/hemduttdabral/Downloads/proj-api-volume-dump/f6be2f44-7b85-46f0-b5ff-8336c888aa85/workspace/projects/Project_name_494545/ai_Project_name_494545.json,'project_owner_uuid' is a required property
/home/hemduttdabral/Downloads/proj-api-volume-dump/f6be2f44-7b85-46f0-b5ff-8336c888aa85/workspace/projects/Project_name_245124/ai_Project_name_245124.json,'project_owner_uuid' is a required property
/home/hemduttdabral/Downloads/proj-api-volume-dump/5481ea48-7cc7-46e7-afb9-76d4fe8d8c7d/workspace/projects/Project_name_83124/ai_Project_name_83124.json,'project_owner_uuid' is a required property
/home/hemduttdabral/Downloads/proj-api-volume-dump/5481ea48-7cc7-46e7-afb9-76d4fe8d8c7d/workspace/projects/Project_name_255593/ai_Project_name_255593.json,'project_owner_uuid' is a required property
/home/hemduttdabral/Downloads/proj-api-volume-dump/e9bffe6a-9966-4c48-8b41-a64577359f45/workspace/projects/20240705_automode_ux_test/ai_20240705_automode_ux_test.json,'$schema' is a required property
/home/hemduttdabral/Downloads/proj-api-volume-dump/ebd4fbpwxaw45y5d3zhrfksj10/workspace/projects/test/ai_test.json,'$schema' is a required property
/home/hemduttdabral/Downloads/proj-api-volume-dump/011ce894-872b-4a1d-8fee-fb3de92d88c2/workspace/projects/Project_name_185734/ai_Project_name_185734.json,'project_owner_uuid' is a required property
/home/hemduttdabral/Downloads/proj-api-volume-dump/d7dbc569-f226-4965-a70a-bf5020dc8518/workspace/projects/Project_name_74272/ai_Project_name_74272.json,'project_owner_uuid' is a required property
/home/hemduttdabral/Downloads/proj-api-volume-dump/d7dbc569-f226-4965-a70a-bf5020dc8518/workspace/projects/Project_name_213394/ai_Project_name_213394.json,'project_owner_uuid' is a required property
/home/hemduttdabral/Downloads/proj-api-volume-dump/d7dbc569-f226-4965-a70a-bf5020dc8518/workspace/projects/Project_name_277371/ai_Project_name_277371.json,'project_owner_uuid' is a required property
/home/hemduttdabral/Downloads/proj-api-volume-dump/e84c512c-120e-47cc-84e9-33eb697ec7a0/workspace/projects/Project_name_820003/ai_Project_name_820003.json,'project_owner_uuid' is a required property
/home/hemduttdabral/Downloads/proj-api-volume-dump/e84c512c-120e-47cc-84e9-33eb697ec7a0/workspace/projects/Project_name_250089/ai_Project_name_250089.json,'project_owner_uuid' is a required property
/home/hemduttdabral/Downloads/proj-api-volume-dump/e84c512c-120e-47cc-84e9-33eb697ec7a0/workspace/projects/Project_name_327213/ai_Project_name_327213.json,'project_owner_uuid' is a required property
/home/hemduttdabral/Downloads/proj-api-volume-dump/558d2ade-6e2d-4ffd-8d46-96f1cc799640/workspace/projects/Project_name_715054/ai_Project_name_715054.json,'project_owner_uuid' is a required property
/home/hemduttdabral/Downloads/proj-api-volume-dump/56d64a87-fbc9-479d-aa36-727101a37fbd/workspace/projects/Project_name_754736/ai_Project_name_754736.json,'project_owner_uuid' is a required property
/home/hemduttdabral/Downloads/proj-api-volume-dump/4c96d3b0-4d4a-4e2f-b790-3c22287330b0/workspace/projects/Project_name_164686/ai_Project_name_164686.json,'project_owner_uuid' is a required property
/home/hemduttdabral/Downloads/proj-api-volume-dump/4c96d3b0-4d4a-4e2f-b790-3c22287330b0/workspace/projects/Project_name_539265/ai_Project_name_539265.json,'project_owner_uuid' is a required property
/home/hemduttdabral/Downloads/proj-api-volume-dump/4c96d3b0-4d4a-4e2f-b790-3c22287330b0/workspace/projects/Project_name_741830/ai_Project_name_741830.json,'project_owner_uuid' is a required property
/home/hemduttdabral/Downloads/proj-api-volume-dump/4e7bc957-0881-4bf1-bfc1-ed231f49bc11/workspace/projects/Project_name_464967/ai_Project_name_464967.json,'project_owner_uuid' is a required property
/home/hemduttdabral/Downloads/proj-api-volume-dump/4e7bc957-0881-4bf1-bfc1-ed231f49bc11/workspace/projects/Project_name_439440/ai_Project_name_439440.json,'project_owner_uuid' is a required property
